# Blender 4.3.2
# www.blender.org
mtllib liver1.mtl
o liver_asc.ply
v -105.674927 -140.019028 -353.145691
v -107.609749 -140.183151 -353.255676
v -106.606018 -139.097260 -353.381836
v -108.822151 -142.082230 -352.389404
v -105.426735 -144.022232 -352.355286
v -107.495628 -144.911682 -351.697632
v -103.499130 -142.553879 -352.021301
v -110.591774 -137.543411 -351.988464
v -103.434364 -138.497452 -351.842926
v -107.728889 -135.264771 -352.421295
v -109.292061 -135.440857 -352.217255
v -105.413559 -134.719269 -351.830963
v -104.854492 -146.837234 -350.430603
v -106.879570 -146.761673 -350.500580
v -103.064308 -146.286682 -349.925110
v -109.607750 -143.279434 -351.377686
v -111.719086 -138.485367 -350.993774
v -102.121246 -140.604584 -350.746460
v -101.685921 -138.328598 -349.780518
v -103.034966 -134.860123 -349.891418
v -108.183861 -132.295380 -351.086792
v -107.397041 -129.813354 -349.614777
v -101.480385 -143.905228 -349.242737
v -100.864014 -142.718292 -348.634705
v -112.128601 -141.311996 -349.636932
v -114.700211 -134.759674 -348.135559
v -114.413864 -130.824402 -347.993927
v -111.302628 -132.197800 -350.351837
v -104.857399 -132.571854 -350.220032
v -109.427780 -128.049133 -348.886688
v -109.230759 -147.760452 -348.347382
v -111.272858 -145.289658 -348.124390
v -100.715714 -139.876709 -348.545807
v -115.525581 -137.761246 -346.322449
v -101.723038 -133.943481 -347.587158
v -111.019180 -147.423508 -346.724030
v -115.753128 -129.194366 -346.230591
v -112.177490 -127.945801 -348.291199
v -106.375000 -126.933495 -347.332336
v -103.064659 -126.865211 -343.901337
v -108.134888 -151.438599 -345.607178
v -104.092651 -151.768997 -345.574127
v -100.031349 -148.667862 -344.200409
v -99.319664 -136.302292 -344.587006
v -98.131302 -139.479965 -343.088531
v -116.471756 -135.309052 -345.635040
v -117.190048 -129.417664 -344.386963
v -110.721535 -122.086037 -345.258911
v -108.802086 -122.460648 -345.266876
v -106.150505 -152.624573 -345.214294
v -110.855530 -151.299988 -343.625519
v -101.757103 -150.667236 -344.946686
v -113.479950 -145.835938 -344.657349
v -116.196045 -141.756546 -343.153809
v -114.058510 -123.730011 -344.930725
v -109.023796 -155.084259 -341.820251
v -98.527901 -144.146255 -343.283020
v -105.513290 -123.518639 -344.150696
v -116.525749 -125.356323 -343.534973
v -118.508842 -131.112701 -342.301971
v -113.973328 -120.139481 -342.091858
v -103.113647 -156.615509 -341.764282
v -106.114227 -156.187729 -342.218079
v -101.866882 -154.807602 -342.471130
v -100.201324 -153.154282 -342.120636
v -98.502319 -150.493347 -341.086578
v -114.057594 -148.985046 -341.340729
v -117.948814 -143.089615 -339.749573
v -118.431221 -137.859253 -341.039520
v -97.902168 -128.475327 -336.963867
v -107.870323 -120.148338 -342.464081
v -104.882484 -122.393692 -342.182281
v -113.070198 -116.160782 -338.884338
v -109.154167 -119.723381 -342.615173
v -112.934891 -151.474838 -340.473236
v -96.842377 -142.316559 -340.259003
v -119.253990 -127.209969 -339.905060
v -106.169029 -158.643005 -339.580597
v -99.862427 -157.143768 -339.611359
v -96.814323 -148.703491 -339.088104
v -118.514702 -144.703629 -337.672180
v -119.459511 -133.936859 -339.974182
v -95.981216 -131.966446 -335.725372
v -102.588287 -124.740295 -341.024689
v -117.324547 -121.770569 -340.006714
v -106.466415 -118.947800 -339.146027
v -110.844986 -115.725800 -338.344238
v -103.231293 -158.575211 -340.165833
v -101.061234 -158.646286 -339.354614
v -97.792412 -155.099274 -338.671112
v -96.051041 -136.256821 -337.600586
v -119.976967 -129.377670 -338.735168
v -115.223709 -117.147499 -338.679504
v -108.284752 -115.793396 -336.708191
v -104.115288 -160.806946 -337.578003
v -107.450836 -160.319061 -336.041382
v -112.082916 -156.752274 -334.316620
v -97.870720 -125.946587 -333.980682
v -103.180931 -121.608162 -337.524841
v -117.439697 -118.496933 -337.389984
v -101.959450 -161.205917 -337.100647
v -121.053543 -135.601807 -336.861450
v -121.673309 -133.456772 -335.832306
v -119.462723 -120.032776 -334.896027
v -100.989960 -123.390663 -336.201630
v -110.096275 -113.930580 -336.188202
v -112.843155 -112.347702 -335.754303
v -99.459595 -162.094284 -335.395264
v -98.680191 -160.667816 -336.185364
v -97.192406 -159.085999 -335.921356
v -95.793564 -156.568481 -335.374023
v -117.456047 -150.733673 -332.577972
v -120.913544 -140.736099 -334.855835
v -105.527565 -118.247055 -336.088104
v -115.663124 -113.821922 -336.049133
v -102.293427 -164.326462 -333.416046
v -106.363098 -161.978989 -334.531647
v -93.513382 -145.715607 -333.533173
v -94.270424 -139.723846 -334.197998
v -121.806473 -136.916519 -334.503510
v -96.417145 -128.969070 -334.436768
v -99.191238 -166.292313 -331.231354
v -96.986763 -162.639450 -333.400085
v -122.331482 -128.718994 -332.766449
v -103.943970 -117.934990 -331.470795
v -118.704361 -116.335464 -333.776733
v -117.592857 -112.654747 -333.133606
v -115.518394 -109.901039 -332.639252
v -105.411545 -164.705856 -331.838562
v -111.052696 -161.695038 -329.868835
v -94.966042 -161.516373 -331.979492
v -92.642448 -152.251297 -332.296753
v -120.351265 -146.603149 -330.721100
v -106.339180 -115.001564 -332.489685
v -108.906616 -111.645386 -332.687622
v -113.755005 -108.744583 -332.031616
v -99.627945 -167.557541 -330.112762
v -108.194321 -163.830872 -330.562042
v -91.923111 -160.289597 -328.284637
v -115.665428 -154.423874 -331.403748
v -95.201538 -127.164009 -328.555695
v -120.926735 -119.785042 -330.654297
v -112.031815 -109.372063 -332.567657
v -91.790642 -163.318832 -326.673950
v -91.485909 -148.763962 -330.228241
v -91.039856 -144.362167 -327.525787
v -122.672600 -137.605911 -331.480103
v -92.893738 -133.885834 -328.466583
v -123.828537 -131.877136 -329.118958
v -100.999504 -120.025848 -328.968536
v -107.281799 -111.614639 -330.434235
v -110.154526 -105.804016 -327.792206
v -102.489777 -168.602905 -329.014435
v -97.140625 -166.281525 -330.431946
v -95.427391 -168.135666 -327.834229
v -91.995285 -153.076355 -330.839935
v -90.734055 -140.865005 -325.930298
v -123.927597 -136.032700 -327.418640
v -93.635666 -129.735001 -327.440460
v -123.927261 -125.252518 -326.707031
v -97.877998 -122.322105 -327.124573
v -119.727608 -114.138992 -330.078094
v -103.773575 -114.806206 -327.164856
v -119.068436 -111.874779 -329.819458
v -117.868896 -108.234512 -328.336548
v -104.543991 -169.835876 -327.209503
v -121.808380 -145.042725 -328.334625
v -123.207397 -121.435280 -326.451111
v -112.795837 -104.553986 -327.507965
v -97.241814 -171.553497 -326.405182
v -93.311874 -166.885605 -326.958496
v -116.760498 -157.961624 -326.344574
v -120.576492 -151.303131 -325.914734
v -101.155594 -118.227341 -326.782928
v -108.202393 -106.316666 -326.677551
v -115.211060 -105.497856 -327.910797
v -98.390991 -173.054688 -325.622894
v -108.255180 -169.822571 -324.733643
v -113.435715 -164.848145 -324.081207
v -90.363815 -155.750351 -325.682648
v -123.313934 -144.630402 -323.138184
v -90.874901 -137.296402 -325.364990
v -124.254723 -134.399200 -325.906525
v -121.955887 -114.033813 -325.826385
v -120.409355 -110.102264 -326.334778
v -93.109200 -169.834351 -325.518707
v -89.190399 -161.166992 -323.817108
v -122.556015 -146.116302 -325.093597
v -124.754326 -131.802063 -324.515137
v -94.716911 -124.404938 -324.384216
v -116.028992 -101.847237 -323.848511
v -110.348648 -102.489540 -325.037933
v -100.610657 -174.124985 -324.761597
v -91.954659 -131.728119 -325.450104
v -124.255234 -124.106430 -324.521332
v -114.765388 -100.849770 -323.785156
v -112.357918 -100.537140 -324.053802
v -93.731438 -173.787109 -324.187836
v -90.134987 -167.746017 -324.020264
v -91.155739 -172.362000 -323.474731
v -87.618958 -166.389160 -321.957672
v -89.125168 -147.793121 -322.848602
v -121.816338 -149.611450 -324.226929
v -89.000366 -142.848465 -323.143097
v -124.113358 -139.870010 -322.058197
v -124.736465 -125.693771 -323.185669
v -92.539093 -126.328247 -323.135712
v -97.547554 -120.288467 -324.164734
v -105.262779 -107.883232 -324.231323
v -119.761116 -104.922546 -322.379791
v -107.939430 -103.323517 -324.089996
v -96.336479 -176.887589 -323.175781
v -104.353523 -174.550079 -322.684113
v -109.847046 -169.826843 -323.251953
v -117.249611 -161.073700 -321.562134
v -119.131485 -157.850494 -320.240479
v -120.454140 -154.310883 -322.537994
v -88.928596 -154.097733 -322.471283
v -122.731079 -148.053497 -322.071594
v -89.156082 -139.843979 -322.656708
v -90.585327 -128.428879 -321.997406
v -123.423775 -117.225220 -323.326660
v -97.311699 -117.040573 -320.987061
v -120.862579 -106.595596 -321.590820
v -110.341270 -99.382439 -323.147888
v -100.459518 -176.703873 -322.604370
v -87.775055 -171.314392 -321.559509
v -121.985954 -151.141235 -321.106171
v -88.024101 -135.436401 -320.918335
v -89.237709 -131.880630 -321.594757
v -124.882271 -130.032333 -321.537628
v -125.006805 -127.673767 -321.728455
v -122.539635 -112.685326 -322.494873
v -100.185684 -110.206009 -319.225861
v -103.328766 -105.563011 -320.609528
v -107.259262 -99.170059 -321.751343
v -105.438072 -102.273438 -321.474274
v -92.769402 -179.926895 -321.433167
v -90.524200 -178.160965 -321.684570
v -107.351585 -173.547653 -320.407501
v -86.116638 -162.380005 -319.972992
v -116.238434 -163.064575 -320.562622
v -88.268188 -152.791321 -321.321991
v -88.116623 -145.906601 -321.093079
v -124.250710 -138.414597 -317.538544
v -124.912354 -119.264496 -317.515381
v -116.549065 -100.324181 -321.764740
v -114.981758 -97.951469 -321.011932
v -111.183052 -96.152092 -321.588806
v -93.816414 -182.124786 -319.780670
v -95.367645 -182.998993 -318.103546
v -100.174957 -179.858856 -318.784515
v -88.556496 -178.123077 -320.647766
v -111.886292 -169.401062 -319.181091
v -114.445732 -166.267395 -319.123413
v -85.099274 -158.306152 -318.068542
v -86.257919 -141.470856 -319.277863
v -90.875854 -121.624283 -317.821869
v -123.697762 -114.788589 -318.973785
v -121.739494 -107.848015 -319.562286
v -102.774315 -100.475502 -318.959900
v -108.123138 -94.969765 -320.697388
v -91.688774 -182.566330 -319.505951
v -88.169624 -180.952789 -319.222931
v -104.834511 -176.236923 -319.215668
v -85.605141 -177.206406 -318.716675
v -85.158562 -170.431732 -319.146698
v -124.800621 -135.665848 -317.324799
v -84.263344 -134.569580 -316.906738
v -98.415901 -112.597069 -318.401611
v -101.529404 -104.226128 -318.361969
v -118.361809 -100.417000 -318.509857
v -105.157715 -95.329880 -319.580933
v -110.191933 -91.030380 -318.648102
v -84.101662 -165.275253 -317.673645
v -116.367081 -163.860703 -317.499023
v -120.443680 -156.832214 -314.898682
v -122.785744 -150.108429 -313.814423
v -123.425735 -146.917404 -314.832062
v -84.941154 -144.778885 -317.836975
v -124.170296 -142.203247 -315.986237
v -85.419106 -130.401230 -317.103302
v -125.487091 -129.432724 -316.959656
v -87.467796 -127.280327 -318.097839
v -125.670677 -123.208298 -315.953003
v -116.801857 -96.910431 -317.510590
v -113.152206 -93.040100 -318.430725
v -106.080727 -89.159477 -317.579071
v -91.641571 -186.463196 -314.506287
v -88.841095 -184.618454 -316.453369
v -86.839729 -183.683914 -316.010345
v -108.425865 -174.745728 -312.746307
v -83.401672 -174.509964 -315.632019
v -122.358093 -152.934570 -308.553528
v -83.884384 -140.110291 -316.976074
v -125.131920 -133.350067 -315.865875
v -88.229515 -123.571396 -316.325165
v -94.589806 -116.119736 -316.462128
v -123.297836 -110.517838 -314.251007
v -98.276413 -108.650284 -315.766144
v -120.689514 -103.497108 -313.479340
v -101.492302 -92.956871 -317.112091
v -103.617599 -90.084465 -317.354370
v -83.989799 -179.575500 -315.830872
v -82.867531 -168.515869 -314.652863
v -82.805328 -162.701370 -314.545288
v -83.417198 -150.060577 -315.627258
v -83.035431 -145.017075 -315.760468
v -124.618912 -138.993576 -315.117096
v -90.398430 -119.884796 -315.358276
v -125.433334 -115.489395 -312.124268
v -99.067047 -102.400749 -315.455841
v -98.720718 -94.497887 -314.924164
v -99.557503 -93.334694 -315.641174
v -101.693596 -91.192261 -316.753815
v -106.860527 -86.841141 -315.781525
v -103.284729 -179.249313 -314.899567
v -118.330948 -161.022369 -314.387512
v -83.281235 -158.163406 -315.443054
v -82.476021 -134.732910 -314.690216
v -85.502213 -126.926346 -315.246277
v -125.964310 -117.525948 -311.846710
v -117.577545 -96.822304 -315.524780
v -114.984741 -91.108353 -313.691132
v -113.599121 -90.099358 -314.892883
v -102.671692 -87.263298 -315.342316
v -97.506744 -186.117020 -310.545563
v -94.773682 -187.842331 -310.351868
v -83.743523 -180.498016 -314.441956
v -81.975563 -138.932693 -314.386383
v -125.943306 -127.218735 -314.345428
v -99.227814 -87.373215 -313.671539
v -110.548836 -86.479675 -314.000122
v -103.339325 -181.303146 -310.572754
v -81.836121 -174.533676 -311.599182
v -113.010765 -169.647064 -310.629059
v -80.656517 -147.774536 -312.431549
v -79.763069 -142.951767 -311.780121
v -81.365280 -130.803421 -310.718475
v -93.512161 -113.933899 -311.970093
v -93.736542 -111.763626 -309.667145
v -97.591530 -102.747826 -313.271332
v -97.488945 -97.407852 -313.241211
v -117.616486 -95.059052 -312.521606
v -97.421913 -89.388542 -312.641754
v -101.134232 -85.226669 -313.959747
v -108.638184 -85.089722 -314.077942
v -104.223022 -84.827957 -314.771973
v -106.559875 -84.422554 -314.370941
v -91.504593 -190.107300 -308.354950
v -89.825981 -189.566238 -309.629974
v -86.601944 -187.884613 -310.113556
v -85.079323 -184.859253 -311.853790
v -82.551361 -179.476547 -311.267303
v -117.936974 -162.149612 -308.223267
v -79.198227 -160.885254 -310.267212
v -80.072311 -158.213120 -311.548340
v -80.404533 -151.734299 -311.863953
v -124.384987 -144.566376 -311.804382
v -79.475616 -136.316833 -310.040771
v -82.129044 -128.490967 -310.428680
v -84.543747 -124.270836 -310.945923
v -87.712044 -118.546417 -309.670746
v -95.319839 -109.817268 -310.727936
v -121.730721 -105.012100 -311.458374
v -96.061829 -106.440582 -310.822388
v -110.857269 -85.975418 -312.310883
v -102.621727 -82.116119 -311.526672
v -104.545143 -81.907646 -311.197083
v -83.467331 -182.207611 -311.749786
v -81.167633 -170.202621 -311.227509
v -80.379250 -166.105850 -310.539093
v -120.621452 -157.039932 -307.772339
v -79.281609 -148.413193 -311.028748
v -125.199265 -142.188339 -310.737335
v -89.219460 -115.645180 -308.671814
v -123.518822 -108.896088 -310.117004
v -97.813873 -84.932755 -311.118805
v -100.247726 -83.248718 -311.751495
v -85.670464 -188.111862 -308.552063
v -82.757805 -182.152161 -309.709991
v -77.989761 -157.246277 -309.843170
v -77.272614 -145.471222 -309.020477
v -127.428032 -121.073715 -307.506042
v -127.198120 -115.267403 -305.822906
v -95.426476 -101.090942 -308.613892
v -119.988625 -97.732773 -307.710327
v -95.944801 -86.647675 -309.957672
v -107.748108 -82.596802 -309.867462
v -84.130013 -185.274826 -308.709106
v -102.958488 -183.167267 -307.063629
v -104.315926 -181.728500 -305.608551
v -107.253777 -178.177261 -306.268707
v -109.605598 -175.153137 -306.101288
v -79.572601 -166.756866 -308.296600
v -116.041557 -165.774689 -306.026184
v -76.928848 -150.911713 -309.634796
v -124.397896 -147.432266 -307.972504
v -126.804245 -135.824310 -306.475342
v -79.823654 -130.491699 -308.295135
v -128.004395 -119.016983 -305.292694
v -91.500488 -112.595764 -307.883881
v -94.096924 -96.042816 -307.653534
v -94.831726 -88.582191 -308.896729
v -116.608627 -91.318779 -305.672607
v -113.505157 -87.553963 -306.845215
v -96.439659 -81.979820 -309.161011
v -105.779312 -79.653931 -307.307068
v -82.285065 -179.998337 -307.796692
v -80.831505 -173.342194 -306.902222
v -80.035896 -169.532394 -307.506775
v -77.816895 -161.640930 -307.771790
v -76.285614 -154.438065 -308.718994
v -125.638275 -146.872635 -304.063599
v -75.259354 -140.324905 -305.941620
v -75.364426 -144.234314 -306.661346
v -126.292931 -144.049667 -303.974731
v -78.470673 -134.093552 -308.023621
v -82.875900 -123.246231 -307.818115
v -93.459854 -106.435471 -307.073578
v -109.670609 -82.070045 -304.039001
v -99.397614 -78.579956 -308.668091
v -96.638885 -79.048767 -307.841187
v -95.846855 -189.200974 -305.733826
v -84.366539 -188.344467 -305.040222
v -82.967484 -184.102921 -305.655579
v -74.934052 -155.150269 -306.703156
v -73.983871 -149.598312 -306.449677
v -123.554100 -151.532516 -304.779877
v -79.600418 -128.115234 -307.083832
v -125.766014 -110.789124 -305.669220
v -124.810707 -107.541496 -304.563843
v -92.642990 -98.638184 -305.919647
v -93.247833 -83.156380 -306.699341
v -102.847542 -77.472946 -306.679474
v -100.916008 -77.399216 -307.385132
v -89.633141 -191.965424 -304.834351
v -92.024384 -191.567657 -304.882477
v -87.414238 -191.746292 -304.539612
v -99.746468 -185.940033 -306.412476
v -113.901093 -170.106567 -300.725830
v -74.490509 -156.314194 -305.071655
v -77.888603 -131.364685 -306.678284
v -128.669647 -128.102921 -301.506714
v -83.803642 -119.226837 -306.219940
v -122.864838 -102.986427 -305.037811
v -91.462486 -85.484924 -305.091553
v -94.169830 -78.593575 -305.801666
v -96.450294 -77.607330 -306.589935
v -97.900497 -75.931313 -305.090515
v -111.108833 -174.202194 -299.067810
v -75.993820 -134.342697 -305.744995
v -80.303383 -121.416710 -304.780365
v -87.121109 -113.267052 -305.048065
v -91.244019 -108.472221 -305.858704
v -89.896469 -94.932167 -303.430206
v -84.958427 -191.097107 -302.912170
v -79.909836 -171.810394 -301.928833
v -78.759880 -168.764145 -302.627533
v -77.272171 -164.192291 -303.771759
v -117.592140 -163.543869 -304.457520
v -119.970901 -159.500824 -303.676910
v -73.500427 -153.362366 -304.144073
v -72.902451 -144.919250 -302.802521
v -73.369843 -142.228256 -303.399597
v -74.146927 -136.951599 -304.329590
v -73.909325 -132.375992 -304.018646
v -76.644730 -127.633316 -304.779205
v -127.703888 -116.545166 -304.698517
v -127.051697 -113.794037 -304.137848
v -89.272583 -103.865234 -303.571869
v -119.614815 -95.324989 -303.666046
v -90.664703 -82.970207 -303.618958
v -92.413750 -79.825554 -304.635986
v -104.861748 -77.965073 -303.869385
v -100.576454 -75.922371 -304.439362
v -95.611572 -75.778511 -303.833984
v -94.540512 -192.436356 -298.412201
v -101.340958 -185.283279 -302.358490
v -82.919571 -185.923889 -300.943909
v -82.633987 -183.211899 -301.184875
v -72.383087 -149.493149 -301.344452
v -128.620621 -140.398422 -296.730042
v -77.912682 -115.916473 -300.244720
v -88.011101 -99.831512 -301.973999
v -112.397232 -84.814964 -302.322601
v -101.856621 -76.220261 -304.117401
v -92.607719 -76.620659 -302.414093
v -92.855797 -193.111847 -300.416901
v -83.317596 -188.934357 -301.299286
v -82.437996 -180.580887 -301.623444
v -81.561302 -176.932800 -300.631439
v -118.623589 -162.735138 -302.265625
v -73.236977 -158.522278 -300.157471
v -70.936127 -136.846008 -301.106293
v -77.676292 -120.464897 -302.692993
v -121.341064 -98.068268 -300.487823
v -89.415565 -81.635727 -301.389313
v -92.280930 -74.527733 -299.788544
v -89.108070 -195.292847 -299.270325
v -86.795418 -195.500076 -299.056152
v -84.979805 -194.739700 -298.952179
v -82.925415 -193.985962 -296.696930
v -99.904175 -187.697693 -297.518280
v -116.182571 -167.450790 -299.623718
v -126.798111 -148.664017 -297.589905
v -71.058113 -143.029312 -299.541565
v -71.798996 -124.477890 -301.106812
v -128.833328 -119.383026 -297.994812
v -82.208626 -110.910660 -300.540100
v -126.261230 -109.326950 -298.231934
v -85.044647 -106.067390 -300.940674
v -123.816208 -103.356705 -297.908142
v -123.031624 -102.061829 -299.110229
v -87.526474 -96.763451 -301.464203
v -87.443878 -90.907684 -300.805786
v -114.802124 -86.065941 -297.977753
v -106.865379 -179.639969 -296.787903
v -78.427185 -170.620850 -298.661224
v -75.131119 -165.305222 -298.270081
v -122.384880 -158.318375 -297.619843
v -124.926491 -153.110367 -297.918945
v -71.439613 -153.411469 -297.970856
v -71.514748 -149.407379 -298.626923
v -126.552895 -146.177536 -301.950012
v -70.698112 -139.353653 -300.194122
v -68.340782 -132.066330 -299.553680
v -68.491463 -129.815445 -299.994659
v -68.927650 -125.976051 -300.048157
v -128.828873 -122.979706 -300.487885
v -127.733864 -114.420090 -298.804565
v -84.472984 -97.163185 -299.101288
v -120.313309 -93.938896 -297.264679
v -117.000534 -88.977043 -298.829590
v -86.708755 -87.226486 -299.312073
v -109.382957 -81.180298 -298.196503
v -104.814636 -77.581055 -297.994354
v -90.188919 -75.532486 -299.036591
v -102.478783 -75.829132 -297.760101
v -96.548164 -73.900208 -300.509735
v -80.133904 -173.757965 -297.772247
v -68.842667 -122.530472 -299.218475
v -72.037697 -120.208542 -299.620239
v -81.851814 -100.755600 -298.131683
v -85.368111 -92.226120 -298.886108
v -88.605034 -77.253197 -298.454651
v -99.754425 -74.304802 -298.515381
v -85.883690 -196.175674 -297.395172
v -90.343300 -195.362167 -297.950043
v -81.976730 -188.446732 -296.213593
v -82.487564 -184.556747 -296.258820
v -103.815056 -183.452957 -293.608856
v -76.601883 -168.720276 -297.020294
v -121.006523 -162.024643 -296.181183
v -66.548065 -135.846863 -296.483582
v -63.358688 -129.733780 -296.435364
v -64.659218 -126.385292 -297.827545
v -129.729614 -130.180328 -295.156433
v -64.708389 -122.557228 -297.479736
v -129.654770 -124.011337 -295.479614
v -76.381355 -110.565704 -297.829132
v -78.995277 -105.994774 -297.679657
v -92.510406 -73.025116 -298.087189
v -87.754204 -196.495682 -296.795258
v -82.031776 -192.095535 -295.087311
v -82.332314 -181.790039 -293.183777
v -110.680412 -175.367111 -295.814850
v -73.363960 -162.809082 -295.976440
v -71.810539 -157.555252 -297.187927
v -128.283966 -144.531876 -294.763550
v -60.697536 -122.827049 -295.565887
v -65.516960 -118.923386 -297.164795
v -70.269608 -116.007553 -297.850830
v -73.022003 -113.084938 -297.537720
v -122.153801 -97.220451 -295.795563
v -82.447937 -91.416634 -295.872650
v -119.171921 -90.126480 -293.324615
v -85.578423 -82.832016 -296.520386
v -111.439819 -82.266663 -296.148407
v -86.208328 -79.846031 -296.512726
v -89.496254 -72.798744 -296.053864
v -91.418419 -195.425110 -294.419403
v -95.291779 -192.361160 -294.122498
v -69.541649 -151.216812 -293.881561
v -125.964928 -152.558060 -293.419617
v -68.415634 -141.831970 -295.714478
v -64.076431 -134.338715 -295.238098
v -130.010422 -118.657158 -291.696259
v -67.754921 -115.113342 -296.320068
v -76.083809 -107.204643 -296.328461
v -84.381317 -86.027557 -296.275330
v -115.239891 -85.376022 -294.453827
v -99.433777 -73.052780 -295.342957
v -93.122559 -71.451324 -295.666107
v -95.702545 -71.376892 -294.424469
v -90.043861 -196.045517 -295.882751
v -83.918030 -195.853424 -295.527863
v -101.398048 -186.286377 -292.230072
v -81.528946 -178.516800 -291.528564
v -76.744179 -170.092117 -292.703735
v -117.596985 -167.847687 -293.777588
v -74.140747 -165.927795 -293.474762
v -72.053581 -160.636124 -293.994843
v -70.497200 -156.510605 -293.407593
v -127.184654 -149.154968 -294.202301
v -65.628563 -140.404861 -293.094147
v -59.304066 -126.132019 -294.994568
v -129.373032 -112.987366 -292.439880
v -70.351151 -110.476082 -294.582947
v -75.110291 -101.650330 -293.917694
v -77.361404 -97.665596 -294.290253
v -80.408188 -94.492012 -295.195465
v -84.890228 -75.111504 -293.965149
v -84.812248 -73.138542 -292.818298
v -88.643570 -71.141571 -293.253998
v -87.511665 -197.342300 -292.697754
v -85.797958 -197.213440 -293.714233
v -82.673622 -194.649017 -293.541595
v -121.722588 -162.105682 -291.669373
v -122.911034 -159.019836 -290.690796
v -68.204025 -146.680206 -293.041992
v -128.990479 -141.317062 -293.444855
v -129.645462 -135.515274 -293.293915
v -59.825089 -131.790176 -294.126282
v -58.357975 -129.054474 -294.262421
v -61.400505 -120.140518 -295.116608
v -127.516838 -106.733757 -292.162659
v -125.554771 -101.732170 -292.073181
v -83.128983 -83.978317 -294.680023
v -110.331108 -79.061150 -290.377747
v -105.175880 -74.813049 -289.777496
v -91.591034 -70.620705 -293.447937
v -89.460587 -196.666107 -292.526398
v -83.787918 -196.277191 -293.542084
v -81.875992 -188.316574 -293.567383
v -79.852905 -174.746078 -291.809967
v -65.691948 -144.238831 -290.518463
v -61.179291 -133.781784 -293.811279
v -55.652199 -121.386871 -292.599030
v -51.523544 -124.721893 -291.560059
v -62.266792 -115.918167 -293.312622
v -80.124100 -90.358093 -294.120850
v -114.038406 -81.885269 -289.372253
v -82.831268 -78.611153 -293.406464
v -83.524887 -195.929443 -291.060638
v -82.543221 -182.886353 -290.111969
v -109.517303 -178.039337 -289.680359
v -117.053024 -169.130859 -290.858215
v -119.148300 -166.399567 -290.210083
v -128.264191 -146.114090 -291.476990
v -55.011353 -129.987015 -293.086182
v -129.829697 -128.798096 -292.566162
v -51.859692 -127.359138 -292.026917
v -130.398193 -122.713600 -290.826843
v -55.468517 -119.353447 -291.612518
v -69.695129 -107.948769 -292.743622
v -69.271606 -105.024773 -291.498901
v -121.886696 -91.888100 -289.319427
v -74.026367 -91.391464 -291.534882
v -79.429207 -83.098366 -292.071960
v -84.247726 -70.989578 -290.408722
v -85.054909 -196.941925 -290.982758
v -82.720184 -193.940674 -289.865021
v -82.122665 -190.802444 -291.422211
v -94.602036 -192.995041 -288.990692
v -82.588036 -185.545090 -291.245026
v -101.557419 -186.461288 -289.139465
v -79.191002 -174.033585 -288.789154
v -112.345398 -174.724411 -290.715515
v -74.830475 -167.555710 -289.658234
v -70.497307 -158.278687 -289.545258
v -68.556053 -152.499664 -290.253967
v -126.443817 -151.801086 -290.550781
v -64.101418 -141.309753 -290.906067
v -129.850861 -138.150711 -289.123016
v -61.021450 -136.883636 -292.075958
v -54.305439 -133.723282 -291.587799
v -51.046894 -129.824570 -291.465973
v -62.316364 -110.803802 -290.002045
v -71.934784 -97.712509 -291.659393
v -75.533104 -84.445557 -290.572601
v -79.750420 -77.209351 -291.226593
v -87.139847 -197.167480 -290.088043
v -82.992119 -186.672043 -288.654724
v -72.466774 -162.891052 -289.334137
v -129.370285 -140.675095 -289.429474
v -61.142338 -139.254639 -290.206726
v -54.953262 -136.020798 -290.296478
v -52.173347 -134.195755 -290.196594
v -48.687508 -126.277023 -289.905518
v -130.426743 -127.730339 -288.594116
v -51.685898 -120.214645 -289.750244
v -128.911499 -108.079453 -286.263367
v -64.931084 -106.381531 -289.654633
v -127.485825 -103.216217 -287.832062
v -69.904839 -88.179443 -289.293976
v -116.783844 -85.233452 -289.978210
v -80.189613 -74.249672 -290.763489
v -103.749283 -73.603180 -289.014801
v -100.748680 -72.229660 -289.296295
v -97.792046 -70.750450 -288.557312
v -80.938927 -72.334358 -290.219238
v -93.480049 -69.727112 -288.708252
v -89.704483 -196.049316 -285.470001
v -91.672348 -195.254028 -286.072601
v -82.945885 -190.938370 -287.936554
v -97.637970 -190.069595 -288.756439
v -106.098717 -182.188599 -287.946625
v -82.025322 -179.586899 -287.726410
v -65.894920 -147.869339 -287.687225
v -49.896225 -131.981354 -289.936340
v -47.153645 -129.043045 -288.679138
v -56.095810 -114.072739 -288.352112
v -65.375053 -103.825974 -289.304047
v -124.711349 -94.177650 -285.319153
v -67.367897 -93.436325 -289.298584
v -120.400200 -88.755989 -288.403320
v -86.253326 -70.014793 -289.670227
v -87.324326 -69.445175 -288.158539
v -85.491455 -196.220398 -287.140625
v -84.347305 -195.250137 -286.871399
v -80.803749 -176.165253 -286.578125
v -121.495636 -161.839981 -283.728821
v -68.582336 -154.255707 -287.271515
v -128.060837 -146.926895 -285.342743
v -62.829033 -144.148270 -286.372559
v -53.980587 -137.296127 -288.339600
v -48.173164 -133.424011 -287.605896
v -129.787338 -138.793015 -282.565308
v -129.780640 -132.782242 -286.530487
v -46.936306 -121.984016 -286.973328
v -129.804382 -112.543327 -285.030640
v -65.004173 -97.595825 -288.580292
v -70.624687 -84.285278 -288.682587
v -111.619904 -78.367966 -287.683716
v -72.544220 -76.350403 -288.282623
v -74.833923 -73.648758 -288.545715
v -78.136734 -70.858109 -288.043060
v -81.841103 -69.499199 -287.436615
v -83.241135 -184.908539 -287.250275
v -74.936012 -167.159592 -286.947357
v -73.019424 -163.736542 -287.222015
v -66.969490 -151.259735 -286.994812
v -64.006378 -146.366898 -285.206207
v -128.836121 -144.196335 -285.480255
v -60.988510 -141.008789 -288.092407
v -57.706867 -140.868683 -285.490448
v -50.274094 -136.329224 -286.626465
v -60.257507 -107.680878 -287.175690
v -61.166988 -100.263542 -285.849152
v -63.164314 -96.497108 -287.405914
v -64.688484 -89.374573 -286.877686
v -116.390228 -82.044128 -286.898956
v -107.046661 -74.716972 -287.415009
v -74.325569 -71.707649 -287.159180
v -91.647255 -69.104286 -287.142487
v -87.360046 -196.128952 -284.987793
v -100.266045 -189.097885 -282.543640
v -102.285614 -187.114548 -283.497162
v -83.575645 -183.722412 -285.702332
v -114.445213 -173.213226 -282.993744
v -110.098343 -179.365768 -279.421021
v -77.265892 -170.216446 -285.083557
v -69.133736 -155.551407 -284.827087
v -124.390709 -155.284180 -283.272949
v -123.414177 -157.730942 -282.789948
v -59.882614 -142.205673 -285.107544
v -129.188110 -142.241135 -280.694122
v -53.015709 -139.146500 -284.906036
v -43.820812 -126.905029 -285.050079
v -45.223396 -124.456963 -286.223175
v -50.046825 -117.797729 -286.836548
v -130.319138 -117.559845 -284.721069
v -54.854610 -111.556137 -285.959808
v -122.569061 -88.299461 -283.880768
v -118.993698 -81.822449 -283.312897
v -66.327950 -82.672020 -285.444122
v -108.057205 -73.848701 -285.774567
v -105.173309 -71.083862 -283.973694
v -74.466415 -69.723274 -285.198334
v -96.054245 -67.873161 -282.741577
v -94.928688 -193.260803 -282.665985
v -85.012848 -192.542694 -282.122101
v -84.119118 -186.576874 -284.900513
v -107.436615 -181.742477 -284.158752
v -82.577835 -178.426727 -283.956360
v -73.914879 -163.811630 -283.696899
v -66.726013 -151.767700 -284.056915
v -130.447876 -130.833252 -282.842194
v -44.908512 -132.548477 -284.179626
v -43.772831 -129.142365 -284.610138
v -130.523438 -122.342453 -283.617828
v -58.623222 -104.283577 -284.706665
v -127.509979 -97.338982 -281.679718
v -58.389278 -93.557259 -283.607178
v -59.417343 -88.485237 -283.136627
v -112.659904 -75.806007 -284.545441
v -68.655548 -73.591965 -284.914124
v -90.686577 -67.850945 -284.055359
v -82.615227 -67.938919 -284.252808
v 20.306393 -209.803711 -285.315308
v 17.149929 -210.148499 -285.324310
v 16.892767 -208.678635 -285.618439
v 23.526918 -208.349716 -284.726654
v 22.407997 -210.191345 -284.353455
v 15.125963 -208.717331 -285.170044
v 20.867386 -206.955124 -285.666504
v 17.993437 -204.834641 -285.320953
v 21.758007 -205.193237 -285.048889
v -87.539566 -194.853851 -280.512787
v -84.639832 -188.447815 -282.678314
v -81.528992 -176.180923 -284.200500
v -118.445175 -167.562057 -283.424347
v -71.683128 -159.874542 -283.544495
v -126.411926 -151.012299 -278.800537
v -65.305336 -149.422668 -283.315582
v -47.670914 -136.194855 -284.005585
v -130.523972 -133.178925 -280.429321
v -48.260067 -114.570946 -283.339966
v -129.859146 -109.973457 -282.972717
v -55.670677 -105.003670 -283.090881
v -129.050110 -100.598549 -280.798065
v -116.243324 -78.061562 -283.692535
v -102.536919 -69.627960 -282.959747
v 18.520273 -211.379913 -284.411285
v 15.393952 -210.805374 -284.229065
v 24.811996 -209.810165 -284.635010
v 14.260568 -205.482651 -284.136871
v 25.843321 -205.468735 -283.208008
v 17.694460 -202.596283 -283.432404
v 20.528305 -203.224487 -284.214142
v -90.831001 -194.905273 -278.977905
v -98.505913 -190.882889 -278.874023
v -43.560009 -131.063217 -282.971619
v -43.185158 -121.128929 -281.968079
v -46.005135 -116.033104 -282.010956
v -50.197933 -109.635681 -282.022186
v -52.355621 -106.655960 -282.007874
v -56.137756 -100.941765 -282.536133
v -62.725464 -78.052460 -282.092255
v -110.941910 -73.375587 -282.646820
v -68.766197 -70.805977 -282.896637
v -80.747070 -67.026405 -281.377258
v 17.531012 -212.183411 -283.299652
v 21.054392 -212.311340 -282.283539
v 11.990835 -211.652344 -281.687622
v 24.240688 -212.202408 -282.249481
v 26.677568 -211.456894 -281.049133
v 10.832129 -210.479095 -282.181763
v 10.242057 -208.017319 -282.437958
v 28.510921 -207.142349 -282.871399
v 23.331253 -202.153976 -282.545441
v -86.234932 -193.829773 -280.422058
v -85.180359 -191.819199 -280.957794
v -85.773689 -183.963226 -280.568237
v -112.132690 -176.769897 -278.290802
v -79.386864 -170.756317 -280.809875
v -72.059837 -159.865372 -280.112366
v -69.451645 -156.114807 -281.161591
v -45.875999 -136.501282 -280.404724
v -44.000862 -133.318863 -281.657867
v -42.057133 -124.576706 -281.700684
v -130.731613 -114.952118 -280.679626
v -47.159531 -113.940376 -281.924683
v -55.369740 -96.336205 -282.087006
v -57.580708 -89.420280 -282.441010
v -115.281204 -76.217735 -282.044098
v -63.577618 -75.671371 -281.941833
v -65.473869 -72.908775 -282.034393
v -71.390198 -68.830872 -281.227203
v -94.932449 -66.906075 -280.215973
v 28.845081 -209.719543 -281.431366
v 10.780018 -204.973434 -281.357697
v 13.988788 -200.813766 -279.429260
v 29.172052 -201.390671 -278.832031
v 20.853636 -198.416840 -278.550354
v -93.736427 -193.926971 -279.238678
v -106.787117 -183.354416 -278.656494
v -108.565834 -181.228165 -278.774628
v -83.068146 -175.763763 -279.120148
v -77.949455 -167.060226 -278.235718
v -63.001747 -148.546051 -278.602325
v -60.190727 -144.516739 -280.558228
v -50.924053 -140.294205 -279.889526
v -48.439335 -139.149475 -279.125824
v -131.627930 -126.778923 -276.582031
v -131.220871 -122.769073 -280.292938
v -125.567329 -90.296181 -278.100250
v -121.951164 -84.749489 -280.026184
v -56.974316 -81.737091 -280.167267
v -117.996758 -79.012253 -280.761658
v -108.562401 -71.726364 -281.302765
v -66.072227 -71.136429 -280.472626
v -99.428993 -67.940628 -280.203766
v -104.212418 -69.633827 -280.673004
v -92.017502 -66.228951 -278.901581
v 11.795791 -212.862396 -279.003174
v 16.240795 -213.245956 -279.746002
v 7.016417 -208.695282 -280.400055
v 32.538364 -207.745819 -280.164276
v 7.133599 -206.215637 -280.004852
v 30.848543 -206.049957 -281.108673
v -88.246521 -195.065094 -280.244751
v -84.999451 -188.180679 -280.842743
v -103.889366 -186.395355 -277.898193
v -85.183586 -179.854584 -278.520203
v -75.569992 -163.560135 -277.969574
v -68.606758 -155.411667 -279.494263
v -65.651718 -150.956039 -280.494476
v -128.578690 -144.626892 -277.773651
v -56.943008 -144.120789 -277.005188
v -40.803223 -122.774948 -277.697296
v -40.321274 -125.316254 -277.599731
v -130.606415 -111.301422 -280.619873
v -49.081501 -107.143272 -279.986786
v -130.370331 -107.384819 -280.206909
v -51.552391 -101.930595 -280.644318
v -50.998299 -94.477791 -280.012939
v -51.491333 -91.841957 -279.922668
v -124.324486 -88.316833 -278.327148
v -54.544376 -85.032387 -279.977417
v -120.062721 -81.852531 -278.970612
v -59.536026 -77.223457 -279.700256
v -114.214020 -75.117874 -279.976990
v -111.221329 -73.025650 -280.082611
v -63.559967 -72.043129 -278.752106
v -77.076370 -66.621185 -278.095367
v 22.107258 -213.463608 -278.583466
v 25.977629 -212.755966 -277.422485
v 5.872580 -212.212723 -276.980560
v 4.545897 -210.551163 -278.498566
v 16.465757 -198.615280 -278.132080
v -92.197906 -194.442245 -275.590820
v -85.139832 -191.360123 -277.799530
v -80.914322 -171.287903 -276.954071
v -117.126312 -170.491348 -276.612671
v -120.452461 -165.201981 -276.620911
v -59.325230 -145.643967 -277.201660
v -130.101532 -138.252670 -278.154602
v -130.543793 -134.943375 -278.056183
v -131.170425 -129.448318 -277.222748
v -40.805424 -129.424881 -277.979187
v -43.457634 -116.270111 -277.467407
v -49.779140 -102.914825 -279.725433
v -49.060596 -98.339424 -279.169189
v -129.243942 -95.649582 -275.618500
v -62.093128 -73.331444 -279.100067
v -107.930084 -71.273346 -278.346985
v -100.153915 -68.146942 -277.400757
v -82.650192 -65.973320 -278.181793
v 30.642103 -211.333954 -276.029633
v 32.303509 -209.929779 -278.057343
v 2.575753 -208.601273 -278.469330
v 34.946377 -208.499527 -277.205872
v 36.002815 -206.797531 -277.888214
v 2.274870 -206.051773 -278.045532
v 35.506962 -204.855316 -278.297546
v 7.542580 -203.752686 -278.826904
v 27.364271 -199.022736 -277.312653
v -71.437164 -198.909088 -279.006470
v -68.745728 -198.786148 -278.593506
v -71.307762 -200.911240 -279.452911
v -87.999046 -194.793152 -277.492828
v -95.045158 -193.063766 -273.883148
v -85.043182 -188.770126 -277.421387
v -86.171104 -186.036865 -277.817444
v -86.156998 -183.554016 -277.825043
v -84.046684 -176.931351 -277.540741
v -123.176331 -160.054489 -275.919891
v -71.211624 -158.903610 -277.033051
v -124.463654 -156.039169 -275.700989
v -69.218689 -157.041565 -275.702209
v -46.314281 -138.135025 -277.377655
v -42.143299 -133.754395 -276.433411
v -42.095806 -118.566307 -276.886841
v -131.771927 -117.920883 -277.533478
v -45.264404 -110.985573 -277.191071
v -130.916840 -100.531944 -275.784973
v -50.080490 -93.566330 -279.292847
v -51.028549 -87.341957 -277.871002
v -117.756577 -78.772781 -277.959137
v -112.505486 -74.079559 -278.145813
v -104.335564 -69.675308 -277.545807
v -65.004936 -70.527206 -277.139954
v -88.424217 -65.914551 -277.981781
v 12.795692 -213.537750 -275.367249
v 3.410817 -202.823029 -277.141357
v -72.158661 -202.259277 -278.546417
v -67.890343 -203.694763 -277.518829
v -66.942070 -202.499573 -278.080688
v -75.162064 -200.656250 -277.964203
v -66.464966 -199.682327 -278.023438
v 9.820480 -199.233353 -276.684601
v -74.799606 -198.812103 -278.183868
v 31.826830 -199.836105 -276.743408
v 12.852071 -199.333817 -277.657959
v 21.024488 -196.235291 -276.095459
v -71.685516 -197.217056 -278.132416
v -86.146858 -193.745102 -276.719238
v -84.718857 -191.454300 -276.043304
v -100.848511 -188.713074 -275.271332
v -106.744537 -183.393799 -276.871002
v -77.185143 -165.328842 -276.051361
v -65.856354 -153.883743 -275.833618
v -63.297077 -151.038620 -275.854279
v -52.945141 -142.210541 -276.747192
v -41.047813 -131.979385 -276.234039
v -39.198799 -126.548828 -274.886017
v -131.774734 -123.919525 -276.060577
v -132.131851 -121.371964 -275.815735
v -131.905502 -112.812973 -277.489502
v -132.021591 -106.870995 -276.101807
v -45.999279 -106.136627 -276.758057
v -44.869076 -101.396858 -275.019226
v -48.270893 -94.422920 -277.775970
v -125.458969 -89.001419 -275.693054
v -123.005974 -85.679733 -276.936615
v -53.031723 -82.961815 -277.349976
v -56.088676 -78.837898 -277.566620
v -115.703705 -77.275818 -276.382294
v -57.370434 -76.365402 -276.543274
v -59.143639 -73.540993 -274.832581
v -109.548164 -72.599403 -276.633545
v -68.367424 -68.622513 -275.795532
v -72.691696 -66.998405 -275.188416
v -93.660240 -66.288513 -276.694641
v 8.713308 -212.912766 -275.372559
v 27.342104 -212.469513 -275.036957
v -0.044018 -208.971039 -277.469788
v 38.495739 -206.760376 -276.066101
v 39.991714 -205.203781 -276.464050
v 38.703781 -203.475159 -277.019592
v -64.679527 -204.030106 -276.770020
v 35.310974 -202.762756 -277.393463
v -69.320335 -204.161133 -277.067017
v -72.733887 -203.222977 -277.231537
v -63.451199 -202.432114 -276.844482
v -75.448349 -201.776688 -276.984985
v -76.988434 -197.830948 -276.638702
v 15.680811 -195.792969 -275.719666
v -74.199783 -195.947845 -276.621735
v -99.431099 -190.035538 -272.292633
v -113.581154 -175.199509 -275.739166
v -82.823006 -174.514954 -275.924042
v -75.252007 -162.943527 -275.639954
v -61.447639 -148.753189 -274.896484
v -58.236675 -145.898392 -274.370178
v -130.974655 -132.653305 -276.034119
v -39.937469 -130.404266 -274.774750
v -48.004517 -90.034927 -275.587921
v -48.975468 -88.096008 -275.732758
v -122.005997 -84.539993 -274.888275
v -95.006645 -66.730576 -275.546326
v -80.542839 -65.630493 -276.263458
v -89.435509 -65.668938 -275.113190
v -85.816719 -65.451416 -275.271088
v 22.293566 -213.570618 -274.808044
v -1.221474 -211.597137 -275.220856
v -5.438547 -210.520996 -274.697113
v 34.197670 -209.748871 -274.824371
v -6.312295 -208.222748 -275.316986
v 38.293011 -207.562042 -274.910614
v -5.872438 -205.325577 -275.490967
v -2.510743 -203.510818 -276.072632
v -74.187439 -204.291611 -273.640472
v -70.159668 -204.970947 -275.406860
v -62.961990 -205.273544 -275.674255
v -60.335461 -203.971878 -275.712891
v 42.204403 -202.317169 -276.080200
v -76.603203 -202.722366 -274.273804
v -78.151413 -199.957581 -275.662567
v -62.674305 -200.083054 -276.319916
v -56.898083 -202.369583 -274.740021
v -79.161858 -197.006897 -275.070343
v 12.311969 -196.701843 -275.921997
v -62.519211 -196.432327 -274.315948
v -66.967567 -195.040619 -274.958954
v -68.757515 -193.344345 -273.846222
v -88.857216 -195.267822 -273.804596
v -87.289192 -195.107910 -274.597992
v -85.475685 -194.504974 -274.671722
v -84.055344 -189.878677 -274.929810
v -85.575554 -186.086044 -275.248596
v -85.652061 -184.376663 -275.246429
v -85.317223 -180.809570 -275.294891
v -110.166092 -179.249542 -274.267395
v -121.715561 -162.430527 -274.281097
v -62.971134 -151.577209 -273.220642
v -55.916786 -144.462189 -273.246552
v -49.285770 -140.447571 -274.940613
v -43.842983 -136.655960 -274.444397
v -132.283997 -113.833809 -275.323456
v -40.322979 -118.333076 -274.672699
v -44.918617 -96.426575 -273.854828
v -124.775276 -87.992004 -274.506256
v -119.213974 -82.202423 -272.882263
v -54.800110 -77.241158 -274.053772
v -52.510719 -80.803520 -274.426788
v -112.822815 -75.630371 -275.132355
v -75.619545 -66.260887 -274.652100
v -0.055795 -212.462921 -273.803009
v 42.038181 -205.832458 -274.334839
v -65.078598 -206.968338 -273.110992
v -64.070641 -206.206604 -274.844666
v 43.509850 -204.424988 -274.515747
v -58.790977 -206.326385 -274.432404
v -55.876247 -204.227173 -274.595795
v -5.381365 -202.666428 -274.936981
v 43.872715 -202.525345 -275.137177
v 41.649502 -199.523468 -274.341125
v 45.174740 -199.989532 -273.790985
v 38.787914 -198.189178 -274.349030
v 37.015648 -194.187881 -271.798431
v 21.226858 -194.019684 -274.224731
v 10.344146 -194.820114 -274.648804
v 32.006554 -195.984695 -273.663696
v -77.586388 -193.750534 -273.789917
v -91.492500 -194.962662 -272.260406
v -83.322456 -193.290649 -274.206421
v -103.590363 -185.935715 -271.446167
v -83.586807 -176.283386 -274.050446
v -80.979233 -171.813019 -273.995148
v -78.985710 -168.677185 -273.296417
v -69.050110 -156.790771 -269.797852
v -53.174187 -142.772690 -272.836243
v -129.989929 -137.294006 -271.242950
v -46.224121 -138.228287 -273.123566
v -130.275085 -135.869095 -273.055115
v -41.556206 -134.003860 -273.522430
v -39.907352 -130.811905 -273.027649
v -39.528706 -121.326561 -274.673035
v -40.564747 -114.240036 -273.659302
v -42.104866 -104.790871 -273.231781
v -128.019348 -92.514153 -273.423737
v -104.719391 -71.056984 -274.400543
v -98.201416 -68.227539 -274.473907
v -60.596119 -71.606552 -271.375427
v 23.427977 -213.210876 -272.052124
v 4.509303 -212.828506 -273.691498
v 32.983326 -210.203156 -272.007812
v -9.862275 -206.609329 -273.085571
v -55.445488 -207.741745 -273.202698
v -67.354019 -207.561447 -269.669403
v -8.310811 -202.510101 -273.366516
v 45.867439 -203.466797 -272.860718
v -51.715576 -202.917389 -273.243347
v -80.513443 -199.830383 -272.813751
v -55.751976 -200.161514 -273.519836
v -0.950828 -197.820969 -273.804718
v 46.416969 -201.315872 -273.374847
v -81.355576 -197.958038 -273.408356
v -81.901146 -196.108398 -273.583771
v -80.904579 -194.194016 -273.616730
v -83.113686 -194.882812 -273.686981
v -82.053017 -191.440552 -273.392517
v -84.175598 -186.828293 -273.307404
v -107.539680 -181.962540 -272.147644
v -84.036713 -178.325943 -272.969360
v -84.770050 -180.480255 -273.688324
v -116.332268 -171.170273 -269.712006
v -76.158928 -164.435272 -273.035919
v -66.098305 -154.537216 -272.786377
v -128.144318 -144.588943 -270.927063
v -59.296112 -147.298325 -271.108154
v -130.862244 -131.905899 -270.719055
v -131.081329 -129.836487 -270.110138
v -39.124916 -128.067719 -272.429108
v -38.944782 -124.155190 -272.862671
v -131.636612 -122.834274 -270.545013
v -132.181213 -104.755348 -273.276367
v -48.777908 -86.854668 -274.185272
v -115.647018 -80.086456 -270.980377
v -110.998055 -77.554962 -270.243591
v -107.975533 -73.227577 -273.903839
v -94.282539 -67.568268 -272.937866
v -73.119446 -66.699196 -272.066528
v -90.572166 -66.361069 -273.417511
v -78.913162 -65.689774 -273.248962
v -86.054573 -65.651665 -273.339203
v 0.402162 -212.878296 -271.789185
v -5.619724 -213.204468 -271.072418
v 27.677025 -212.124039 -272.607086
v -9.433012 -209.038055 -272.885529
v 36.979256 -208.521805 -272.522949
v -60.985039 -207.842010 -272.595917
v 41.196774 -206.973816 -271.549744
v -53.134823 -208.646011 -272.513153
v -50.684338 -206.667908 -273.193054
v -53.234200 -205.526733 -273.732849
v 44.668400 -204.958923 -271.950012
v -50.504650 -205.107544 -273.328827
v -11.761167 -203.001251 -271.232849
v -45.969021 -203.649109 -271.631653
v -45.969021 -203.649109 -271.631653
v -5.046898 -197.884308 -272.583771
v -49.307808 -200.588135 -271.288116
v -55.239510 -198.418411 -272.288635
v 41.664215 -197.929413 -273.576965
v -82.837379 -197.814194 -272.357880
v -84.775978 -196.213287 -272.988251
v -61.970604 -192.039536 -271.019501
v 26.640091 -193.428085 -272.827728
v -78.618454 -192.520233 -272.829468
v 13.668138 -189.633499 -271.766724
v -70.568764 -187.680313 -268.442230
v -98.726616 -190.833649 -270.470490
v -81.650963 -189.912521 -272.509308
v -81.594971 -186.471451 -269.858978
v -83.647697 -180.329773 -270.785400
v -82.142372 -175.364700 -271.375305
v -119.163223 -166.897263 -269.669922
v -121.335541 -162.697220 -270.973816
v -73.376968 -161.404190 -271.496643
v -123.248001 -157.931473 -270.412659
v -61.492611 -149.892563 -270.897552
v -49.907715 -140.247757 -268.643433
v -42.051178 -134.352020 -271.215271
v -43.872726 -136.519104 -272.465759
v -131.649734 -126.977478 -269.401337
v -39.379101 -115.661652 -272.185150
v -132.306564 -118.118484 -270.378265
v -40.799526 -108.405945 -272.527740
v -131.333237 -100.088867 -272.242401
v -41.047867 -102.698547 -271.068817
v -129.861526 -95.384293 -270.674103
v -127.234787 -91.129753 -270.437103
v -45.964890 -89.868828 -271.291168
v -123.374313 -86.677673 -270.384857
v -51.948643 -79.826385 -271.430023
v -100.404037 -70.079834 -272.958008
v -68.054466 -68.129578 -271.135986
v 11.133806 -213.557114 -268.343079
v -10.189294 -212.083145 -269.122742
v -47.636776 -207.778717 -272.174622
v -45.296394 -205.070572 -271.733215
v -45.296394 -205.070572 -271.733215
v -44.610348 -207.312836 -271.134094
v -44.610348 -207.312836 -271.134094
v -76.362411 -203.685516 -270.984650
v 47.815311 -201.977234 -271.223480
v 47.689384 -199.461823 -271.824005
v 49.386150 -199.667023 -270.359161
v -80.861282 -200.998062 -269.750397
v -7.717756 -198.833282 -272.107239
v 43.562122 -193.249283 -270.007812
v -86.304070 -197.233353 -270.608673
v -1.165321 -192.368942 -270.892548
v 8.016037 -190.385651 -271.475372
v 32.522602 -192.243637 -271.059967
v 19.468445 -189.359619 -271.555878
v -79.384705 -189.658096 -270.939026
v -83.108925 -181.953171 -269.724243
v -110.481354 -178.512039 -269.770325
v -112.673569 -176.020081 -268.925903
v -125.101234 -153.752151 -269.488800
v -38.973358 -118.534004 -270.679474
v -39.533600 -111.666031 -271.210968
v -132.328979 -106.083168 -270.963806
v -42.464943 -97.147423 -270.440521
v -49.684708 -82.568283 -268.956421
v -54.129856 -76.652985 -271.036072
v -101.909569 -73.773857 -268.990814
v -100.838593 -72.493217 -270.214081
v -64.920891 -69.315071 -270.076080
v -88.455238 -67.280457 -270.705292
v -84.214668 -66.200653 -271.312531
v -79.183708 -65.984962 -271.654114
v -1.334468 -213.285263 -271.189453
v -5.684037 -213.494324 -270.045105
v 17.592602 -213.485809 -267.998810
v 1.268553 -212.933853 -268.987000
v 28.132959 -210.545212 -267.967560
v -44.984570 -211.261398 -270.001221
v -44.984570 -211.261398 -270.001221
v -47.368690 -210.968689 -270.828522
v -46.342293 -209.676895 -270.770905
v -46.342293 -209.676895 -270.770905
v -55.813648 -210.227158 -269.247925
v -49.347492 -209.612732 -271.188263
v 35.546803 -208.775711 -270.162415
v -60.816681 -209.027924 -269.081665
v -13.503611 -205.814056 -269.912689
v 44.307037 -205.554871 -269.638123
v -71.243149 -206.551239 -268.465912
v 46.596981 -203.758484 -270.647064
v -84.771393 -198.874557 -268.357880
v -90.195068 -196.660873 -266.943970
v -55.630859 -193.109879 -268.619965
v -5.629085 -193.503220 -270.437897
v -94.550125 -193.791946 -270.025574
v -0.280010 -187.226379 -268.870300
v -62.471996 -189.808014 -269.299957
v -76.053665 -187.963730 -268.914764
v 28.163223 -187.604752 -269.307495
v -81.525978 -184.978546 -268.919189
v -71.674393 -159.811996 -268.568146
v -54.798840 -143.364868 -265.838623
v -40.898125 -131.682129 -270.495850
v -39.281792 -121.177643 -268.803711
v -39.109119 -114.209991 -270.209839
v -132.310394 -108.643456 -268.203766
v -40.024178 -106.252968 -270.390839
v -130.294159 -97.116096 -268.986938
v -46.083340 -87.688988 -268.177887
v -55.556427 -74.762100 -269.645752
v -107.210800 -77.079117 -267.919342
v -72.962830 -66.988945 -269.969604
v 21.409689 -212.943848 -267.255463
v -2.557337 -213.448730 -268.626709
v -50.316162 -211.492767 -269.294464
v -46.446777 -211.604874 -269.463715
v -54.038853 -210.816605 -269.353943
v -51.576992 -210.982025 -268.988190
v -12.829347 -208.235336 -269.814178
v -41.584106 -207.672882 -269.112732
v 39.663486 -207.215424 -266.547180
v -40.280392 -205.832947 -268.599152
v -13.016126 -203.464996 -270.279053
v 49.546219 -201.034485 -269.211578
v -44.674191 -198.514984 -268.023254
v -44.674191 -198.514984 -268.023254
v -10.452476 -196.919556 -269.899231
v -48.694767 -196.179581 -267.903168
v 46.719284 -195.059540 -270.136047
v 51.564827 -198.005234 -268.782593
v 41.961563 -187.925903 -266.879578
v -99.392075 -191.309769 -265.031036
v -59.382698 -189.562958 -268.031494
v -65.002365 -187.808121 -268.245789
v -102.018158 -187.784195 -269.490723
v -74.850388 -184.453781 -265.441833
v 22.677671 -185.175125 -269.345978
v 8.812057 -184.223709 -268.920349
v -80.334549 -186.417633 -268.784943
v 15.259535 -185.389816 -269.950897
v -108.537270 -181.104736 -266.600616
v -81.540787 -178.009354 -268.310516
v -79.727501 -174.621521 -267.067535
v -77.816238 -170.364044 -267.847809
v -74.939606 -164.777481 -268.284271
v -65.911179 -154.275543 -269.143616
v -63.230091 -151.567780 -267.086823
v -51.515839 -141.152527 -267.424255
v -45.167583 -135.560776 -267.953400
v -40.349121 -125.623901 -267.924835
v -131.331406 -101.497169 -269.106079
v -41.795319 -95.581741 -267.848419
v -125.844498 -89.941689 -268.216522
v -53.095085 -77.295143 -268.291351
v -59.183010 -72.200127 -267.672760
v -82.484612 -68.053818 -267.491394
v -75.751793 -67.743454 -266.800598
v -9.086934 -212.887939 -267.104736
v 7.862692 -212.921860 -264.229248
v 24.043278 -212.154877 -266.465942
v -13.992300 -210.076721 -266.789398
v -41.922024 -202.420715 -268.714722
v -39.582932 -204.165359 -267.973816
v 49.353809 -202.034622 -266.457611
v 50.097134 -201.037537 -268.266602
v 53.050789 -198.588303 -267.339539
v -13.075138 -195.699570 -267.933075
v -9.835491 -193.229721 -269.019897
v -7.370297 -190.765778 -268.948639
v 49.443703 -193.276932 -268.244202
v -55.914303 -191.126556 -267.292267
v -80.726425 -180.408371 -266.413391
v -121.544121 -163.035889 -265.529419
v -68.726921 -156.667023 -268.008484
v -57.836666 -145.640640 -265.764862
v -130.461273 -136.520477 -266.384308
v -42.614441 -131.090729 -267.424164
v -132.278564 -120.857788 -266.360962
v -38.896954 -117.391182 -265.423096
v -38.733334 -106.886093 -266.246307
v -40.352158 -99.337662 -267.674988
v -42.636173 -92.193016 -265.964935
v -121.547356 -85.555878 -267.585358
v -117.190849 -82.281563 -267.924744
v -51.530209 -79.635422 -268.247742
v -110.481773 -79.752525 -265.134613
v -94.105705 -71.679031 -267.698486
v -67.503090 -68.524307 -267.404053
v -87.688171 -69.697830 -266.881073
v -6.557755 -213.185730 -267.557343
v -0.767568 -212.960754 -265.308228
v -49.791748 -211.634644 -268.005829
v -49.791748 -211.634644 -268.005829
v -40.714470 -209.613602 -267.312775
v 29.537088 -209.685593 -266.172913
v -68.228043 -207.862717 -266.960205
v -38.361275 -207.689026 -266.846527
v -18.256334 -205.913773 -264.217407
v 43.024433 -205.793930 -264.706665
v -74.492310 -205.440292 -265.207245
v -16.986731 -202.445953 -266.197968
v -35.980686 -200.959000 -265.240753
v -15.679504 -199.165863 -266.753235
v -94.956924 -194.490005 -264.721893
v -11.961721 -191.100601 -267.347900
v 45.815247 -187.284256 -265.299377
v -3.195622 -182.442505 -265.831696
v -58.754642 -187.546600 -266.755890
v 38.560825 -183.345200 -264.766632
v -78.954819 -184.995056 -267.405914
v 5.277203 -180.163376 -266.332581
v 18.241423 -178.708939 -266.321106
v 11.461364 -179.032043 -266.507721
v -111.461609 -177.942352 -264.213409
v -78.731125 -172.872284 -265.800018
v -76.429367 -168.394470 -266.119812
v -61.137012 -148.613022 -264.565643
v -127.645927 -147.266678 -264.541565
v -44.638752 -134.289612 -266.590027
v -131.109634 -133.510483 -264.969849
v -131.680344 -124.731064 -265.182129
v -39.221252 -119.199715 -265.786560
v -38.719501 -112.865540 -266.546112
v -40.430916 -96.455040 -265.033875
v -129.138916 -95.701302 -266.865295
v -127.641678 -92.800545 -266.971497
v -123.749542 -88.373299 -266.190399
v -46.752560 -85.951118 -265.620209
v -64.643623 -69.585617 -267.447876
v -3.325092 -212.782150 -263.748199
v 18.234898 -213.025208 -264.012787
v -13.073726 -211.397903 -265.952911
v -43.261642 -211.700150 -265.578674
v -43.261642 -211.700150 -265.578674
v -53.408413 -210.818054 -265.734985
v -56.307823 -210.267441 -266.623993
v -51.103004 -211.088562 -265.817993
v -51.103004 -211.088562 -265.817993
v -40.204369 -211.158417 -265.319916
v -61.333057 -209.209686 -266.711426
v -16.507418 -209.515076 -264.685547
v -73.028000 -206.140518 -264.074371
v -36.071709 -205.667130 -266.055817
v 48.417854 -202.641357 -264.355316
v -42.859230 -197.042130 -266.529327
v -42.859230 -197.042130 -266.529327
v 55.007130 -196.345657 -266.651825
v 54.441517 -194.407654 -265.915009
v -50.642921 -192.118668 -266.436768
v -14.317558 -192.508514 -266.310913
v 50.806255 -190.173386 -265.675934
v -11.096698 -188.951065 -266.692383
v -101.850403 -189.333801 -264.009735
v -61.702259 -185.060654 -265.880341
v 30.675463 -183.299332 -266.238281
v 34.220612 -181.650909 -264.596893
v -78.344063 -182.580276 -265.274994
v 23.490541 -181.723145 -267.144836
v -79.627617 -178.658752 -263.965820
v -79.801102 -177.401688 -264.597870
v -114.273476 -174.277557 -263.484009
v -117.468307 -169.856857 -264.511627
v -119.903847 -166.082077 -263.962006
v -124.201797 -157.411789 -264.935333
v -125.924919 -152.003448 -265.081848
v -65.657257 -154.276352 -266.008575
v -63.157497 -151.644943 -263.415161
v -129.240540 -142.423248 -264.158600
v -49.544910 -139.893311 -265.077393
v -46.996613 -137.456451 -265.242310
v -45.155441 -135.379471 -264.961151
v -43.928051 -132.090363 -265.021667
v -41.522293 -127.703316 -264.854614
v -40.094250 -123.075127 -266.434265
v -38.258415 -103.480263 -263.498993
v -129.985794 -100.423843 -264.572815
v -49.407932 -82.639870 -264.477448
v -55.286499 -75.037476 -267.428650
v -102.109642 -75.602318 -265.346649
v -94.958214 -72.705673 -266.301483
v -61.785393 -71.295746 -265.345154
v -88.506065 -70.890327 -265.082977
v -67.133850 -69.036316 -265.901855
v -71.131889 -68.475204 -265.752625
v 10.134925 -213.020157 -263.819305
v -12.299452 -211.755356 -264.647736
v -36.216476 -209.034775 -264.440125
v -66.217392 -208.304184 -263.458496
v -69.085304 -207.588196 -263.766754
v -79.344498 -202.430176 -263.989166
v -85.315475 -199.408722 -263.005463
v 54.953648 -198.863388 -263.809967
v -17.292459 -197.017075 -264.026398
v 56.942509 -197.528671 -263.741974
v 53.949947 -191.223663 -264.833893
v -43.100288 -192.093903 -264.570923
v -43.100288 -192.093903 -264.570923
v -13.079828 -187.980927 -264.895966
v -51.988068 -186.673126 -264.569305
v -104.401276 -187.324234 -260.305817
v -68.193535 -185.210510 -266.214050
v -7.708666 -181.887405 -264.112122
v -79.270477 -180.588272 -264.430054
v 23.309263 -176.075150 -264.184998
v -74.118828 -164.193283 -264.628052
v -71.570839 -161.493423 -260.824310
v -67.865143 -157.568390 -262.141541
v -125.313194 -153.724945 -263.734680
v -44.344673 -133.447205 -264.361572
v -42.520538 -129.967163 -264.118591
v -132.216217 -116.491829 -263.772583
v -124.928528 -90.857735 -263.943024
v -119.453224 -85.441048 -263.735229
v -50.903957 -80.909897 -263.884094
v -53.178730 -78.127831 -264.031769
v -57.502735 -74.044891 -264.715363
v -97.596443 -74.191154 -264.650360
v -79.901604 -70.229660 -262.239960
v -10.886622 -211.854340 -263.050781
v -40.575470 -211.636169 -262.924774
v -41.409386 -211.499130 -261.639587
v -16.642008 -210.311356 -263.308929
v -56.489765 -209.653870 -262.668427
v -60.967659 -209.112778 -262.760712
v -34.944462 -206.781921 -264.991852
v 37.232155 -207.427536 -262.819489
v -34.241352 -204.094498 -264.774292
v 52.272293 -200.571381 -263.500122
v -37.515877 -195.429779 -263.839447
v -15.748349 -192.680847 -264.897217
v -45.251392 -189.003677 -264.094666
v -45.251392 -189.003677 -264.094666
v -10.408344 -183.034882 -263.571228
v -56.989426 -184.037857 -264.726501
v -61.626431 -182.464645 -264.087982
v -5.372959 -179.767975 -263.772064
v 28.148331 -176.104691 -262.987732
v -78.882660 -175.251709 -261.036133
v -61.627605 -149.519257 -262.658325
v -130.358627 -137.482147 -263.476654
v -131.706863 -130.217392 -263.935669
v -40.364399 -125.027748 -263.813477
v -37.877594 -113.086525 -264.064789
v -132.096756 -114.132721 -263.090118
v -131.320114 -108.366814 -261.697357
v -115.247864 -82.757759 -263.280609
v -108.790642 -79.029274 -264.532684
v -84.380234 -70.747818 -262.708923
v 18.771360 -212.742920 -258.877228
v 21.524382 -212.594727 -260.979462
v -6.839996 -211.753998 -260.093903
v 30.033644 -209.560745 -260.360626
v -32.919964 -207.562469 -262.984924
v -28.833273 -204.480286 -260.330627
v 46.541332 -203.162643 -261.157806
v -32.204105 -200.836502 -262.702393
v -19.731152 -203.141373 -262.554169
v -34.862236 -198.206985 -263.575378
v -92.204773 -196.005188 -263.001434
v 57.864315 -195.834137 -263.725525
v -37.113220 -191.521255 -261.966461
v 57.863403 -190.866928 -262.282745
v 55.980282 -187.844437 -261.142853
v 48.314049 -185.724213 -262.748260
v -13.566066 -183.892593 -262.004608
v 42.661079 -183.430420 -263.540222
v -65.229469 -180.586807 -262.361359
v 38.024387 -180.383102 -263.223694
v -3.012025 -176.486786 -262.451569
v 4.336436 -173.963501 -262.441833
v 16.621296 -174.409286 -263.601929
v 8.528427 -173.999359 -263.155212
v -76.070488 -168.273453 -262.033051
v -73.437332 -163.574234 -261.408112
v -65.130074 -154.933167 -261.570099
v -60.453537 -148.413406 -261.754425
v -56.199543 -145.089371 -261.882324
v -48.557465 -139.817505 -263.182556
v -44.053272 -135.212677 -262.706329
v -131.820099 -122.753403 -262.376617
v -38.883484 -120.258049 -263.441010
v -37.673527 -108.174606 -263.725281
v -38.579151 -99.084160 -260.891632
v -126.435989 -95.525009 -260.243103
v -128.300461 -97.386932 -262.728851
v -53.705578 -78.794159 -260.770966
v -90.070061 -72.176537 -262.512665
v 3.429727 -212.753571 -261.036560
v 24.418142 -211.806610 -259.412842
v -36.396866 -211.546295 -262.016510
v -33.866249 -210.443283 -262.604828
v -52.267910 -209.512115 -259.513336
v -19.003967 -209.409149 -261.682892
v -19.637056 -208.137711 -262.157135
v 40.102665 -206.108475 -260.555725
v -77.283875 -203.512634 -261.108063
v 54.529366 -199.490707 -261.097229
v 60.922237 -196.130386 -260.680298
v 61.190983 -194.559799 -261.371735
v -98.192955 -192.813919 -259.263062
v -40.654987 -188.943604 -262.499573
v -50.494755 -183.244385 -262.188904
v 44.639721 -182.366852 -261.817139
v -109.031921 -181.408554 -261.578094
v -73.836594 -180.945786 -261.361328
v -69.299126 -182.102905 -262.949524
v -56.522228 -179.722977 -261.905823
v -9.510353 -179.303604 -262.444824
v 32.315685 -175.689758 -261.531525
v -119.090065 -167.071411 -261.907104
v -123.820107 -158.048233 -261.713776
v -127.315041 -147.725342 -261.098450
v -128.568649 -144.347641 -261.675720
v -51.291233 -142.119263 -262.267853
v -129.778809 -139.842346 -261.395691
v -46.734089 -139.289261 -261.570557
v -42.743244 -131.932648 -262.087677
v -131.600250 -131.143936 -262.883209
v -131.667816 -124.976494 -261.538330
v -36.772243 -112.235550 -262.438324
v -41.009151 -93.152542 -260.744171
v -43.281265 -89.742348 -261.634277
v -49.168591 -83.116158 -260.131744
v -55.335178 -78.572723 -258.278503
v -67.561111 -71.948807 -259.484039
v -71.360878 -70.393547 -261.821533
v -4.604724 -211.501083 -257.456451
v -12.500669 -211.644287 -259.008545
v -16.060179 -210.955643 -261.283386
v -46.177513 -210.041336 -257.635956
v -46.177513 -210.041336 -257.635956
v -31.961407 -209.047729 -261.877625
v -22.889765 -205.867065 -259.639191
v -78.298538 -202.636368 -257.801544
v -31.414930 -197.155899 -260.307648
v -21.246037 -201.325546 -259.894653
v 59.452286 -197.483444 -259.985718
v -32.803452 -194.096451 -259.821442
v -19.455626 -194.252640 -258.795105
v 60.907082 -190.158035 -259.904114
v -43.035225 -183.306808 -259.909210
v -43.035225 -183.306808 -259.909210
v -75.007462 -179.061569 -260.108093
v -72.180168 -179.552307 -259.906494
v 40.238171 -177.021469 -259.948212
v -78.497917 -178.090591 -261.802155
v -7.894518 -174.502914 -260.863342
v -78.185471 -172.920410 -260.960663
v 24.417946 -173.460022 -261.912811
v 14.970006 -171.224106 -260.533356
v 10.052456 -170.816315 -260.699127
v -116.062782 -171.077911 -260.061462
v -120.991493 -163.261841 -260.732086
v -40.846931 -129.258530 -261.863586
v -131.580933 -128.563828 -260.846283
v -39.341606 -125.059753 -262.197083
v -37.350063 -118.411865 -262.165222
v -35.327072 -112.287521 -261.243317
v -36.134594 -107.713684 -261.467834
v -36.859306 -104.031776 -261.075317
v -130.139694 -105.530663 -259.301422
v -36.810959 -102.159782 -259.441925
v -122.361343 -90.236679 -258.795624
v -118.023659 -86.538834 -257.638245
v -102.764687 -77.173721 -259.436798
v -60.928501 -74.431557 -259.356689
v 9.009579 -212.718552 -260.781860
v -37.166939 -211.342545 -258.921265
v -33.530670 -210.987457 -260.207916
v -20.816633 -210.086136 -258.098358
v -18.785507 -210.774734 -257.682709
v -61.858997 -207.520279 -257.038574
v -27.111795 -206.533844 -259.068115
v 35.077705 -207.869446 -259.540314
v -67.723366 -206.696060 -258.541260
v -86.448639 -198.655655 -257.805298
v -94.076065 -195.073517 -258.504913
v -101.445412 -190.852005 -255.314682
v -37.705345 -185.725296 -258.595764
v -17.026722 -187.233429 -259.714142
v -14.191792 -182.451904 -260.651093
v -105.624596 -186.864395 -254.073380
v -50.625351 -180.308487 -260.735565
v -50.625351 -180.308487 -260.735565
v -12.584489 -177.226334 -259.958191
v -69.651100 -178.364655 -259.403137
v -111.008614 -178.448227 -258.437897
v -64.043549 -176.628845 -259.672272
v -59.635330 -176.373383 -260.154755
v -10.350945 -174.222931 -259.964081
v -78.274536 -175.873230 -259.336365
v -112.917351 -175.582031 -259.455444
v 1.465360 -170.511307 -259.509308
v 18.040590 -169.785767 -259.181763
v -76.344528 -170.079315 -259.240967
v -74.870911 -167.542618 -258.960052
v -124.689842 -153.347107 -258.059113
v -63.015461 -153.872910 -258.671753
v -51.095776 -143.519455 -258.459503
v -47.842701 -141.112259 -260.416077
v -42.561996 -139.602554 -258.515930
v -42.327339 -135.965347 -260.752136
v -41.417728 -133.924469 -260.704193
v -38.322319 -127.551308 -260.912262
v -35.890354 -122.548805 -260.691559
v -131.303101 -120.121849 -258.182587
v -34.392254 -116.260712 -260.852020
v -128.740265 -102.213142 -257.776184
v -126.855125 -97.498474 -258.483826
v -122.984032 -91.833893 -257.202576
v -43.052509 -89.837837 -258.653809
v -45.697273 -86.781006 -259.160309
v -112.972893 -82.749832 -257.638611
v -109.365700 -80.245560 -259.376648
v -98.701561 -75.896545 -258.261780
v -90.695938 -73.382652 -257.822021
v -17.720737 -211.005508 -256.170593
v -30.480659 -209.718719 -259.577179
v -55.541168 -208.278748 -256.821564
v -22.576885 -208.816635 -258.837341
v -27.310095 -208.294449 -258.511566
v -72.220871 -205.203598 -258.394928
v 41.034660 -204.835815 -257.631989
v 63.247616 -191.979004 -259.465851
v -35.546188 -188.969696 -258.805847
v 59.946384 -187.912247 -259.356232
v 51.048489 -182.111435 -257.951294
v -108.758049 -182.083435 -257.193756
v -15.399070 -180.562943 -258.762726
v -76.395737 -175.750656 -259.231354
v -53.592003 -174.532227 -258.897186
v -77.359428 -173.586319 -258.355621
v -7.141776 -169.142471 -258.137817
v -2.457208 -166.950241 -257.032043
v 22.226553 -168.877121 -257.546844
v -119.025261 -166.171661 -259.287018
v 10.868768 -165.570587 -256.439453
v 13.639790 -166.911926 -257.080902
v -73.076714 -164.544754 -258.410736
v -60.266384 -148.943832 -260.312134
v -130.525833 -134.679916 -257.290344
v -38.122383 -135.253784 -259.507629
v -39.525715 -137.170914 -259.039856
v -131.144379 -130.282562 -257.637390
v -34.828487 -131.628342 -259.445648
v -36.375896 -129.782257 -260.352356
v -32.923138 -123.408554 -260.390259
v -31.274632 -126.414680 -259.438995
v -131.151093 -123.686523 -256.215820
v -28.788816 -118.012688 -259.485718
v -30.815453 -116.997932 -260.096008
v -30.683197 -111.501900 -259.274902
v -33.827358 -109.044006 -260.137451
v -35.058079 -105.875702 -259.731903
v -38.637661 -97.608917 -258.371063
v -50.628254 -82.352859 -257.937622
v -86.200699 -72.271759 -258.021484
v -79.158455 -71.608643 -257.856110
v 19.677418 -212.229095 -256.062256
v 7.362589 -211.751846 -256.793274
v 21.567533 -211.954895 -255.953186
v -14.335576 -211.146301 -256.875671
v -25.015533 -206.796722 -258.621918
v 35.840015 -207.008499 -256.305145
v -26.673698 -203.064484 -258.602325
v -28.093843 -201.724594 -259.074982
v -23.043421 -201.499481 -258.389069
v 48.264278 -201.893875 -257.545868
v -28.802889 -197.010651 -257.624817
v 58.524727 -198.145004 -256.765869
v -29.321827 -194.990204 -256.922821
v 63.836998 -193.570007 -258.398346
v -19.156277 -190.376755 -257.673218
v 63.840553 -185.954544 -255.976273
v 53.484585 -180.397537 -255.608841
v -17.561720 -184.126907 -257.618439
v 43.211056 -175.943253 -257.279114
v 47.072231 -174.895828 -254.084839
v -72.802254 -176.433609 -257.920074
v -66.255554 -174.737534 -258.028046
v -49.308758 -174.454407 -257.778137
v 34.317425 -170.912354 -256.375061
v -56.959270 -171.247131 -257.779297
v 3.702582 -165.441315 -256.354126
v -72.056854 -163.625641 -257.759460
v -121.703697 -158.785004 -255.861618
v -68.677483 -160.107056 -257.939575
v -65.240379 -156.908676 -257.649017
v -54.517288 -145.869858 -256.292358
v -128.736389 -141.257629 -256.722412
v -45.672745 -142.153992 -256.525269
v -37.334389 -136.491806 -259.272858
v -36.419228 -138.406723 -257.790100
v -29.728668 -131.936081 -259.539124
v -24.232798 -127.813942 -259.551910
v -29.367319 -135.641678 -258.385345
v -22.766426 -129.693420 -258.654144
v -24.840944 -121.484138 -259.506531
v -20.326296 -124.849403 -258.589386
v -21.436060 -121.756569 -258.613922
v -25.636177 -117.297340 -258.771759
v -28.103018 -114.371017 -258.673859
v -32.721443 -107.104881 -257.882629
v -41.029320 -93.047897 -257.131012
v -64.441795 -74.263954 -257.288239
v -72.615875 -71.967682 -257.620453
v -3.713148 -210.959641 -255.152039
v -31.094446 -210.781143 -256.042023
v -29.433838 -210.170135 -257.415314
v -27.157799 -209.308838 -257.687347
v -24.529234 -209.654068 -257.173035
v 30.490768 -208.890289 -256.364594
v -25.365128 -203.761353 -258.438965
v 44.149540 -203.211777 -255.481339
v -24.042433 -198.892395 -256.974884
v 54.546562 -199.396118 -254.414780
v 62.973904 -195.399078 -256.829468
v 60.841545 -184.601471 -256.614136
v -41.721615 -179.164459 -256.945007
v -45.527901 -177.652222 -257.575958
v -45.527901 -177.652222 -257.575958
v -16.308380 -175.806335 -255.558777
v -73.868698 -174.758255 -257.853333
v -13.022064 -173.303558 -257.464508
v -74.666275 -171.945129 -257.197723
v -62.271233 -171.465698 -257.446259
v -51.781834 -167.947510 -255.888489
v -55.903286 -148.485123 -254.156433
v -59.345676 -152.288010 -255.656830
v -124.319557 -152.039139 -253.823212
v -126.368118 -147.554184 -255.396988
v -39.228111 -139.455811 -256.676147
v -33.432590 -137.864899 -258.040070
v -31.303125 -137.550079 -257.425568
v -22.220490 -132.904770 -258.143494
v -20.509851 -130.668945 -258.436401
v -18.838556 -128.278259 -258.394806
v -17.444490 -124.351471 -257.781586
v -20.252632 -120.029350 -257.674011
v -28.471645 -111.842316 -257.049835
v -30.420742 -109.562904 -257.422424
v -34.406372 -103.466743 -255.968292
v -36.524090 -100.148323 -255.527039
v -123.502327 -93.306381 -256.594788
v -39.272182 -95.911949 -255.476944
v -46.612904 -86.279457 -257.018280
v -107.234558 -80.172142 -256.641754
v -103.727158 -78.195984 -257.545532
v -57.482021 -78.289474 -256.670105
v 14.553799 -211.882370 -254.171814
v -10.972675 -210.999359 -253.809158
v -35.147884 -210.559143 -254.538986
v -21.313860 -210.347290 -256.130371
v -51.430008 -207.883041 -251.962708
v -77.859085 -202.598404 -253.751511
v -25.756313 -199.585297 -257.123535
v -82.232040 -200.748825 -254.242386
v -22.525856 -193.022018 -255.563263
v -21.307987 -192.103226 -256.030273
v 61.887016 -196.235092 -255.477127
v -87.064087 -198.469238 -253.479218
v 65.945793 -192.864822 -255.716171
v -98.201973 -193.259277 -254.688339
v -31.821053 -189.891312 -255.120789
v 66.276054 -188.332397 -256.437469
v -38.632805 -179.910675 -255.919495
v -110.665344 -178.384644 -254.671127
v -41.008995 -176.371506 -255.733093
v -69.416267 -171.933807 -256.642151
v -113.784309 -172.289902 -254.380676
v -71.815659 -169.845367 -256.598755
v -65.975693 -170.129181 -256.401489
v -74.358482 -169.505707 -257.240112
v -61.509960 -166.618851 -255.700073
v -9.680706 -167.365326 -256.407440
v -12.556091 -167.753876 -255.584976
v -118.202003 -164.612015 -253.793503
v -71.913757 -167.665939 -256.064972
v -72.269417 -166.523819 -256.227386
v -69.729675 -162.499557 -256.297852
v -51.644798 -145.101395 -253.773697
v -129.203735 -138.267746 -252.972748
v -37.378498 -139.348923 -255.857773
v -27.132179 -136.274628 -256.487457
v -25.470013 -135.349792 -257.050903
v -19.912706 -133.863159 -256.835236
v -130.477234 -131.926361 -251.988083
v -17.661699 -132.093170 -257.057495
v -14.633174 -129.030838 -256.641083
v -13.978631 -123.013359 -255.863632
v -22.061930 -117.610306 -256.921600
v -25.192228 -115.339729 -257.153076
v -21.697430 -116.709740 -255.472961
v -130.000565 -114.333054 -253.160767
v -25.423754 -113.678009 -254.752945
v -127.327087 -103.867287 -252.369583
v -119.350830 -89.305153 -255.478775
v -101.521690 -78.262070 -255.812851
v -90.426819 -74.109352 -255.927933
v -85.657486 -73.059212 -255.837524
v -71.011604 -72.979248 -256.367004
v -12.582761 -210.807663 -252.763031
v 25.798111 -210.168167 -253.477722
v -42.401363 -209.492599 -254.118988
v -42.401363 -209.492599 -254.118988
v -30.534866 -210.634842 -255.492081
v -28.243404 -210.273697 -256.069580
v -25.513647 -210.480713 -254.030640
v -65.202942 -206.291153 -253.245651
v -68.044037 -205.772202 -253.844986
v 48.008152 -201.707443 -254.490067
v -26.881813 -195.293045 -255.842957
v -91.709496 -196.469940 -253.747864
v -24.679977 -193.699936 -255.027313
v 65.291962 -193.780396 -253.772720
v 66.453346 -190.990326 -256.440186
v 68.745705 -190.199966 -253.635559
v -35.386131 -183.841949 -255.774933
v -19.258570 -180.289948 -253.826508
v -41.634975 -171.744370 -254.853867
v -46.854481 -167.230850 -254.718002
v -46.854481 -167.230850 -254.718002
v 39.437569 -170.088196 -254.073212
v -69.299095 -168.199036 -256.224548
v -57.414902 -163.725800 -254.753464
v 33.161774 -168.453278 -254.626236
v -66.631210 -166.826294 -255.560669
v -4.824415 -164.122543 -255.540894
v 17.649845 -163.538544 -253.971939
v -70.518806 -164.185913 -255.748032
v -0.209208 -162.808838 -254.732239
v -61.483334 -154.799133 -255.863159
v -34.862030 -139.476395 -254.365448
v -20.540049 -135.108414 -255.339523
v -12.503399 -126.026421 -255.832077
v -130.624481 -120.835953 -253.334564
v -12.916102 -121.729553 -254.641464
v -130.032394 -118.880646 -250.760147
v -28.343395 -111.326569 -254.592117
v -31.365171 -107.532112 -254.855682
v -33.523838 -104.103340 -253.914062
v -129.145157 -109.920738 -252.653259
v -125.631065 -99.924187 -253.291534
v -122.529823 -95.742828 -252.863754
v -42.871841 -91.501709 -254.363831
v -52.751896 -82.659271 -255.173065
v -108.422905 -81.847710 -254.970657
v -95.962250 -76.417458 -255.158737
v -65.725250 -74.898270 -256.008575
v -75.064568 -73.726013 -254.964630
v -78.660583 -72.821892 -255.710281
v -32.315922 -210.705917 -254.291397
v -19.645618 -210.509674 -253.254150
v 1.574982 -208.697113 -247.944855
v -29.259357 -210.511459 -254.440964
v 33.218098 -206.975693 -253.182159
v -72.486946 -204.416351 -253.165604
v 46.088184 -201.821243 -252.340469
v 51.451302 -200.440948 -253.917358
v -30.322935 -189.976059 -254.023468
v -28.536356 -189.285141 -252.845215
v -21.687927 -186.957550 -253.416336
v 69.350227 -187.619125 -253.612656
v -32.876602 -184.123993 -253.411652
v 68.087929 -185.963379 -254.077713
v -20.366434 -185.171005 -254.087128
v 62.713562 -181.851852 -253.889999
v -36.638943 -178.923950 -253.868164
v -19.165949 -175.272079 -252.456085
v 44.089439 -172.491333 -253.728333
v -14.115062 -168.283173 -254.954025
v -17.240009 -170.162125 -253.353592
v -69.708611 -165.098145 -255.334412
v -64.785042 -164.094223 -255.367157
v -67.750496 -164.498444 -254.841675
v -11.595970 -162.162918 -253.709671
v 9.592352 -160.636246 -252.504227
v -66.592232 -161.351608 -254.762253
v -63.077915 -157.719940 -254.865250
v -59.698311 -155.118515 -254.562332
v -52.487328 -146.153717 -252.706924
v -39.808186 -141.562027 -253.894073
v -32.260395 -138.486099 -253.848343
v -29.554464 -137.674057 -253.917953
v -14.739448 -133.874802 -253.745895
v -12.332150 -131.340683 -254.245834
v -11.273367 -128.711014 -254.829208
v -10.521755 -125.022919 -254.364777
v -130.843216 -127.329231 -252.235825
v -16.202730 -118.338707 -253.236908
v -22.583258 -115.148643 -253.281738
v -41.062500 -94.248482 -250.644806
v -114.529259 -85.821487 -254.691040
v -50.926739 -85.923897 -252.468735
v -61.548462 -79.328667 -253.395035
v -68.305420 -76.863663 -253.267853
v -90.584297 -75.308548 -254.283554
v 20.222097 -211.421829 -252.745712
v -18.361662 -210.444458 -252.193390
v -56.776005 -207.115143 -251.098404
v 38.497143 -204.447372 -252.699463
v -74.427979 -203.434723 -251.751221
v 42.288742 -203.028305 -252.795227
v 57.431038 -197.703186 -252.250061
v 61.396839 -196.215393 -253.778442
v -23.682255 -187.507446 -252.406769
v -103.768257 -188.872253 -252.216324
v -107.743599 -184.317093 -250.255463
v 56.132900 -178.245819 -253.318695
v -38.179985 -175.368546 -253.858047
v -38.514156 -171.208084 -253.257523
v 27.505869 -162.683121 -251.479034
v -62.631218 -161.974991 -254.635468
v -64.629608 -160.554123 -254.475510
v -50.795818 -161.285950 -252.942535
v -59.147602 -161.039047 -254.084045
v -3.815007 -161.233521 -253.930405
v 4.184886 -159.806458 -252.378937
v -60.993217 -158.214325 -254.079605
v 0.682887 -159.098633 -252.263672
v -58.992832 -157.433807 -253.797318
v -60.356270 -157.114960 -254.249451
v -54.234608 -149.076202 -251.969116
v -44.417595 -143.405228 -253.067780
v -22.712370 -136.459946 -251.197815
v -17.672375 -135.606842 -253.124420
v -5.704555 -129.255325 -250.654846
v -12.375954 -120.805054 -253.408173
v -9.864588 -122.470894 -252.096710
v -28.684139 -111.011314 -252.026871
v -35.398300 -100.917450 -252.429886
v -37.270969 -98.236870 -251.673981
v -119.336090 -92.137199 -252.776489
v -46.419041 -88.862244 -253.167542
v -116.273239 -89.523277 -252.193146
v -107.767853 -84.311172 -251.911804
v -84.916504 -75.824135 -252.468933
v -76.650536 -75.916588 -252.274170
v -11.120385 -210.292267 -251.021881
v -30.749386 -209.792023 -250.281799
v 6.809309 -210.019806 -250.856750
v 28.378662 -208.380905 -251.256592
v -82.807137 -200.284836 -252.004181
v 53.128666 -199.265320 -251.809860
v 64.234818 -194.116867 -251.493576
v -94.263321 -195.149338 -251.784241
v -99.672066 -192.335403 -253.419357
v 69.103104 -190.381210 -251.640396
v -26.218006 -189.556808 -252.712616
v -21.508230 -183.306290 -251.399689
v 69.815331 -182.876862 -251.133118
v 66.366486 -179.146439 -250.321808
v -109.719452 -180.478531 -251.957916
v -21.173708 -179.456726 -251.434586
v -113.021912 -173.647949 -251.206604
v -38.678028 -165.961639 -251.680420
v -115.244911 -169.136093 -251.133621
v -116.795753 -166.306442 -250.822800
v -20.167229 -164.397629 -250.253799
v 36.594528 -165.543671 -251.709610
v -16.888432 -163.458832 -252.042435
v -53.453564 -158.156158 -252.247437
v -10.961502 -159.587082 -252.325363
v -121.909958 -157.119202 -252.398987
v -53.368591 -150.583511 -251.018661
v -126.120903 -147.169083 -251.347214
v -49.177776 -145.869324 -251.335709
v -39.803524 -143.587997 -251.869690
v -32.408169 -141.332596 -250.817627
v -24.761879 -137.041595 -250.330719
v -20.079897 -136.295319 -251.885742
v -12.431370 -134.485275 -252.520370
v -10.954080 -133.769028 -252.387527
v -8.901663 -130.491348 -252.757294
v -26.457893 -112.702621 -252.523438
v -30.768322 -108.493996 -252.660950
v -55.383873 -83.334625 -252.199524
v -102.257790 -81.378075 -252.619308
v -66.716591 -78.695702 -251.584564
v -93.743141 -78.206245 -251.954987
v 14.395803 -209.948166 -247.824417
v -27.380831 -210.286362 -251.556808
v 23.550095 -209.826263 -250.471603
v -2.397847 -208.872879 -249.195633
v -63.852695 -205.957703 -250.565704
v -78.529671 -202.003845 -251.611206
v -86.901665 -198.311432 -250.998276
v -91.274834 -196.426208 -250.730972
v 60.860291 -195.692856 -251.540833
v -98.064423 -192.677155 -249.283798
v 66.873566 -192.320557 -250.167648
v -101.569077 -190.428223 -249.424652
v -25.628149 -184.630661 -250.082245
v 71.192863 -187.847397 -250.087753
v -30.433411 -184.865845 -251.810867
v 72.109070 -183.681183 -249.841339
v -33.106640 -177.776962 -250.279831
v -111.663506 -176.894714 -250.482285
v 52.892403 -174.483704 -251.658279
v 49.929565 -171.628082 -250.974854
v -35.194183 -173.327423 -251.241302
v -35.437302 -169.535110 -250.815063
v 46.078800 -169.052521 -250.796509
v -41.469265 -162.737228 -251.490311
v 41.691132 -165.713379 -250.264206
v -119.025620 -163.000595 -249.681900
v -45.911213 -156.337006 -249.972260
v -45.911213 -156.337006 -249.972260
v 24.655678 -160.137497 -249.947083
v -15.395422 -161.621399 -251.937271
v -9.100965 -157.177597 -250.707642
v -55.038963 -155.322815 -252.047516
v -124.298920 -151.665390 -250.438431
v -52.917866 -148.081635 -251.372009
v -127.608574 -142.536865 -247.130692
v -34.521187 -142.483887 -251.357590
v -28.599400 -138.570450 -250.771576
v -16.011610 -137.181198 -250.584137
v -11.340478 -137.630554 -250.194336
v -10.752052 -136.836121 -250.918396
v -6.237233 -132.136917 -250.952316
v -5.578351 -126.999084 -249.603439
v -11.682663 -119.749260 -251.062424
v -13.022120 -118.709534 -250.983368
v -18.002552 -115.864883 -250.246796
v -23.996868 -113.879028 -250.955643
v -127.606857 -108.574051 -246.824738
v -123.172768 -97.958359 -249.920792
v -114.017944 -88.289719 -251.057968
v -97.494080 -80.503738 -250.711639
v -61.775963 -80.716774 -251.131607
v -88.552460 -77.549492 -250.883728
v -14.897443 -209.965317 -250.371201
v -44.542587 -207.656281 -249.905289
v -44.542587 -207.656281 -249.905289
v -55.662247 -206.867645 -249.718094
v -65.419701 -204.813721 -248.089432
v 46.087326 -199.814102 -247.986115
v 71.990364 -185.751343 -250.038757
v -28.786230 -183.607773 -250.355972
v -23.388815 -183.361359 -249.850571
v 72.262917 -181.582779 -249.155594
v -22.347996 -182.139267 -250.192398
v 64.185257 -176.428619 -249.130157
v 58.298489 -174.389664 -249.379883
v 52.435818 -172.649002 -250.301926
v -21.918980 -175.471817 -250.208221
v -20.625074 -167.021301 -250.412506
v -35.869434 -165.569229 -250.198029
v -121.864822 -157.215149 -249.448593
v -15.272420 -159.193375 -249.848495
v 11.030850 -158.808960 -250.561859
v -48.867550 -153.608154 -249.713211
v -49.997139 -151.074020 -249.574554
v -30.707596 -139.957031 -250.450409
v -26.751734 -137.888428 -249.332947
v -8.982491 -135.652039 -251.053131
v -130.415649 -121.403175 -250.454102
v -13.904632 -117.326538 -248.575638
v -28.389475 -111.904274 -249.826096
v -27.011856 -112.754463 -249.215027
v -31.242813 -109.746811 -249.122452
v -32.859047 -106.394142 -249.760040
v -35.018742 -102.384735 -249.047333
v -37.290936 -98.412445 -249.678070
v -116.658478 -91.781113 -248.017578
v -44.754322 -91.969910 -248.785980
v -103.831543 -83.613503 -250.149490
v -100.502792 -81.671753 -251.040573
v -84.007500 -77.477005 -249.683792
v -76.618217 -77.341202 -250.002762
v -19.742245 -209.845276 -249.983261
v -27.552988 -209.466629 -249.339218
v -6.703047 -208.291534 -247.067139
v 27.106178 -205.959000 -244.138962
v 40.513100 -202.059601 -248.856903
v -81.156693 -199.637695 -246.847046
v -85.498878 -197.903229 -246.734680
v 56.451115 -195.339264 -247.210144
v -93.315910 -194.406387 -245.520142
v 64.213341 -192.641129 -247.479507
v 70.846329 -188.542007 -248.328720
v -29.682949 -179.544891 -249.075485
v -23.493061 -177.492981 -249.672302
v 70.640831 -179.192505 -248.958084
v -109.938324 -182.147705 -245.708847
v -32.355881 -173.520752 -249.626755
v -31.715502 -167.215942 -248.832245
v 47.159782 -168.745453 -249.799606
v -33.702606 -163.234436 -248.825897
v -36.933784 -161.310211 -249.398895
v -41.549614 -157.959427 -249.651276
v -0.554463 -154.812820 -248.297623
v 4.607354 -155.557159 -247.966125
v -48.927185 -149.283508 -249.422501
v -44.563679 -147.356094 -249.759903
v -37.927864 -146.355331 -250.178909
v -35.206135 -147.799988 -248.692734
v -33.321800 -145.006241 -248.644730
v -13.962680 -137.950912 -249.261383
v -18.333694 -136.992935 -249.775940
v -8.655365 -136.999710 -249.373459
v -7.543938 -135.990417 -249.486710
v -4.743004 -129.815109 -249.270798
v -4.637179 -131.306763 -248.975174
v -130.282516 -131.107880 -246.801926
v -130.235962 -126.356934 -245.941193
v -8.657785 -122.223282 -249.436356
v -12.160489 -118.299980 -248.157410
v -18.981556 -114.876427 -247.336014
v -24.262171 -113.728661 -248.529816
v -128.499207 -111.228249 -247.107727
v -125.559372 -102.809364 -247.240982
v -41.638550 -94.699936 -248.097000
v -107.405838 -86.524635 -246.902802
v -56.232441 -85.166573 -247.824203
v -92.820724 -79.570930 -248.431458
v 22.363562 -208.183578 -245.723251
v 4.623427 -209.238541 -248.350723
v -33.513874 -207.826157 -247.131226
v -60.767723 -205.208664 -246.681213
v 31.716444 -203.722137 -243.575638
v -75.495644 -201.812881 -247.433075
v 68.191711 -190.767136 -247.999924
v 73.462776 -185.768036 -247.282745
v 74.215271 -183.362137 -248.208908
v -25.518278 -180.460876 -248.576035
v 68.507164 -176.463699 -248.163788
v -28.453775 -178.105713 -248.517395
v -26.049608 -174.830551 -248.479568
v 61.531387 -173.572067 -247.509842
v -114.164047 -172.150497 -248.722641
v 53.601765 -171.394409 -248.271927
v -30.558088 -167.796722 -248.551895
v -23.624016 -169.655304 -248.856277
v 49.446548 -169.679031 -249.211197
v -117.245338 -166.421463 -248.363251
v -23.310955 -164.038467 -248.690781
v 43.679596 -164.167053 -247.331665
v -21.691635 -162.273712 -248.713898
v 34.285789 -159.602509 -247.715836
v -20.856020 -160.459015 -247.606934
v -39.934341 -156.893250 -248.916382
v 19.765198 -156.680878 -247.203430
v -14.328924 -157.419861 -248.118011
v 10.616355 -155.420685 -246.396027
v -42.467155 -152.397873 -248.419235
v -42.467155 -152.397873 -248.419235
v -45.822906 -152.459305 -249.215637
v -45.519650 -150.202911 -249.301727
v -43.161674 -150.912323 -248.650757
v -35.913586 -150.576187 -248.099396
v -124.895195 -150.897491 -245.281357
v -30.719130 -141.051010 -248.253540
v -11.269454 -137.760849 -247.859589
v -21.701658 -136.603180 -248.005478
v -129.216553 -135.043091 -246.438309
v -5.641238 -133.618011 -247.778992
v -5.575637 -125.351837 -247.327988
v -130.247574 -122.662239 -245.438232
v -129.833359 -119.513443 -247.063889
v -21.859726 -114.033699 -246.391068
v -129.483582 -117.579346 -245.285080
v -120.331680 -96.334717 -246.611938
v -60.341022 -83.222916 -247.348251
v -65.762779 -81.035500 -247.444122
v -97.417374 -81.764626 -247.034592
v -73.629356 -80.135246 -245.844162
v 19.860785 -208.505981 -245.140457
v -21.145782 -207.903351 -246.877075
v -12.499867 -207.398453 -244.917038
v -1.780280 -208.312973 -247.325394
v -68.634552 -203.811920 -247.081223
v -86.904312 -196.662231 -243.211639
v -89.866745 -195.553574 -243.811356
v 70.479790 -188.596298 -246.128799
v -104.196159 -188.407822 -245.535797
v 78.151344 -179.086670 -246.305374
v -112.431435 -178.218002 -244.882690
v 74.712975 -174.515167 -246.374420
v -27.039080 -174.688370 -248.346527
v -113.632721 -175.344055 -246.231583
v -24.607487 -164.768204 -248.500229
v -27.939407 -166.234940 -248.439713
v -28.253635 -163.879684 -247.804413
v 41.451805 -161.164886 -245.895370
v -31.285757 -159.964508 -247.571091
v -25.927744 -161.336014 -247.299896
v -32.678337 -157.702896 -247.339996
v 29.123798 -156.196991 -246.159744
v 24.882486 -157.081345 -247.364380
v -18.408209 -158.899033 -246.393555
v -39.476597 -155.132797 -248.541061
v -36.690113 -154.950119 -248.086578
v -7.196912 -153.382477 -246.429443
v -37.641464 -151.175552 -248.459030
v -33.769600 -148.387009 -247.414627
v -32.220024 -144.572800 -247.313446
v -27.758904 -138.832764 -245.643936
v -13.306639 -137.822174 -247.790070
v -24.094389 -136.727448 -247.321213
v -16.998075 -137.062637 -246.946838
v -8.669860 -136.584167 -247.709061
v -4.252703 -128.406036 -247.056152
v -10.101357 -119.925095 -247.634888
v -16.415546 -115.747917 -246.630341
v -31.272360 -111.462074 -246.501022
v -30.022390 -112.544830 -245.471527
v -33.684792 -109.056488 -245.903000
v -38.357498 -98.274162 -247.731537
v -112.469032 -90.215004 -245.295837
v -52.413811 -87.854980 -247.132706
v -101.379272 -84.599846 -245.347443
v -91.463326 -80.722038 -244.778229
v -85.594948 -79.198891 -246.467316
v -80.724731 -78.968544 -246.195724
v -26.532831 -207.640182 -246.430588
v -35.204136 -205.883987 -243.605377
v -49.664364 -205.258530 -245.393112
v -44.668591 -205.447968 -245.292328
v -44.668591 -205.447968 -245.292328
v -57.392235 -205.160736 -245.531464
v 38.506279 -200.945145 -243.376038
v 44.777451 -199.378128 -245.813599
v -78.259811 -199.731842 -241.963043
v 47.343151 -197.818497 -244.247452
v -100.552757 -190.596527 -244.344574
v -108.998634 -183.874573 -244.173325
v 75.530472 -184.148178 -245.584686
v 77.587463 -182.047958 -245.327225
v 76.416565 -176.740250 -246.743042
v 69.414207 -172.034119 -245.409409
v 53.194824 -169.522568 -246.160110
v 51.263718 -168.088593 -245.057861
v -117.761902 -167.627609 -245.514236
v 47.909172 -165.323334 -244.546585
v -118.923790 -163.916779 -247.037964
v -122.293427 -157.141510 -244.776779
v -24.220844 -159.773010 -246.737579
v -27.986870 -158.902283 -246.812775
v -30.556393 -155.012146 -245.890030
v 34.911880 -155.802261 -244.292679
v -32.903461 -153.258545 -246.563004
v -10.659948 -153.656570 -245.479721
v -33.622742 -151.155685 -246.690613
v -32.171463 -146.638962 -246.042984
v -26.001150 -137.149673 -244.699722
v -6.910002 -134.662949 -246.456589
v -4.277209 -131.064896 -244.663696
v -6.153709 -123.070656 -243.180618
v -25.706768 -113.856445 -244.785446
v -36.495335 -103.456932 -245.323013
v -122.064476 -98.901390 -245.328247
v -45.849918 -92.732506 -246.519897
v -115.870865 -92.761108 -245.347275
v 10.188039 -209.274185 -243.941422
v 5.370105 -209.059753 -242.739227
v 15.579369 -209.269745 -245.246323
v -5.030269 -207.856964 -245.486359
v -66.998634 -203.272339 -242.948746
v -96.380829 -192.366409 -242.305557
v 68.166275 -189.402161 -244.544128
v 73.446854 -185.765366 -243.783615
v 64.998116 -169.901703 -244.201813
v 75.360077 -171.643890 -244.534256
v 44.743038 -162.642288 -245.016632
v -119.733452 -162.903702 -243.884521
v -23.289083 -158.452011 -245.187576
v -21.106153 -159.094513 -245.431305
v -26.115973 -156.709717 -244.783859
v -12.448009 -154.223129 -244.563828
v 7.861291 -153.469162 -243.372528
v -1.441774 -151.781677 -243.732925
v -30.605228 -152.606812 -244.976898
v -32.451832 -150.117783 -245.820343
v -31.211044 -149.224304 -244.468277
v -29.907572 -142.245224 -243.611694
v -28.942961 -140.694107 -243.339417
v -127.558197 -141.406235 -244.735870
v -17.164526 -136.071869 -244.040680
v -9.488049 -135.406418 -245.072479
v -11.731568 -135.594162 -244.390900
v -129.620834 -122.383194 -243.509781
v -22.159502 -114.237305 -242.572937
v -29.201984 -113.364227 -243.407898
v -40.098343 -98.954971 -245.033295
v -43.436932 -97.248932 -243.654587
v -119.879250 -97.258736 -244.435837
v -62.570560 -84.705742 -244.406113
v -95.863518 -81.894852 -245.334259
v -65.682533 -83.410553 -244.410645
v -82.709381 -80.252151 -244.505371
v -9.824468 -206.737137 -241.794952
v -71.460831 -202.231522 -243.217026
v 59.429005 -192.446991 -242.281815
v -105.557083 -186.712799 -242.439255
v 79.775940 -179.154099 -243.398972
v -114.206482 -175.670013 -243.009628
v 79.102196 -177.671295 -245.308655
v 78.318336 -174.432709 -244.760559
v 59.409904 -169.759552 -244.559097
v -115.344437 -173.294739 -243.976242
v 54.813183 -166.920868 -243.583710
v -118.791473 -166.222580 -243.437164
v 43.218884 -157.941666 -242.933624
v -19.787998 -158.401199 -243.110291
v -17.551054 -156.994080 -241.984879
v 27.304239 -152.905228 -243.166290
v 15.340108 -153.561890 -243.597855
v -30.426090 -144.864700 -243.212540
v -20.323381 -135.769440 -243.003738
v -7.797221 -134.079269 -243.855743
v -5.629785 -133.002060 -244.537506
v -129.874405 -130.667542 -244.568863
v -4.146462 -127.071251 -241.024246
v -4.671464 -125.136398 -241.883774
v -8.103709 -119.773903 -239.446335
v -11.168550 -118.061714 -242.443741
v -17.004408 -115.183777 -242.308472
v -127.857216 -112.414627 -244.322876
v -27.641165 -114.623146 -239.973007
v -31.987150 -111.442879 -244.349960
v -126.291687 -108.781357 -243.668381
v -124.477745 -103.709282 -244.217697
v -36.274456 -104.813271 -242.942139
v -56.368248 -87.780190 -244.570465
v -108.342789 -88.966095 -243.977325
v -105.872620 -87.234810 -244.403503
v -88.365700 -81.553207 -243.602051
v -73.355583 -82.334747 -243.649612
v 3.435579 -208.620239 -241.982971
v -23.792946 -205.533676 -241.400024
v -18.982275 -206.164413 -242.010025
v 23.387011 -205.557709 -240.258102
v -37.261021 -204.363998 -240.278778
v -63.438690 -203.611893 -242.262650
v -81.276093 -198.647369 -241.807739
v -92.343689 -194.022247 -242.171555
v 53.498783 -194.469482 -241.384949
v 62.909172 -190.718185 -241.840378
v -102.052383 -189.263107 -242.788895
v 71.043320 -186.841187 -242.567322
v 80.472427 -174.153839 -242.975723
v 79.704475 -172.150528 -243.175659
v 71.546989 -169.158371 -243.719269
v 78.183601 -169.184464 -242.910538
v -117.081078 -169.983948 -243.019119
v 60.649040 -167.330887 -242.879745
v 50.991718 -166.471344 -243.736511
v 48.560181 -160.271530 -242.235550
v -120.379845 -161.390991 -242.800461
v -21.432196 -158.691055 -243.217926
v -15.408689 -155.629517 -242.499939
v 20.411806 -150.697418 -240.855698
v -11.950442 -151.240143 -241.577133
v -7.245211 -150.775986 -243.270752
v -124.496407 -150.876495 -241.707138
v -125.592819 -147.605377 -242.087204
v -22.708261 -135.946320 -243.417526
v -24.831301 -136.777878 -243.224854
v -15.572761 -135.738708 -242.995865
v -128.656235 -132.104797 -242.089767
v -10.939994 -134.656921 -242.091049
v -129.526382 -125.330521 -243.550858
v -33.209774 -109.913239 -243.056076
v -40.430935 -100.114845 -242.629044
v -51.941303 -93.072289 -242.429352
v -95.476006 -87.078163 -240.238708
v -93.665375 -84.195770 -242.612473
v 11.419336 -208.842636 -240.670883
v 0.918140 -208.344864 -241.613678
v -1.574097 -207.757690 -240.459427
v 18.644119 -206.935684 -239.165970
v -50.281704 -203.340652 -239.764633
v -45.034405 -203.450180 -238.988632
v -45.034405 -203.450180 -238.988632
v -71.101807 -201.695663 -241.292709
v 42.754070 -198.397064 -241.467010
v 75.747002 -183.435638 -241.552689
v 77.987457 -181.631866 -242.732346
v -109.236794 -183.222198 -242.019913
v -112.223427 -178.783829 -242.089279
v 80.707031 -175.979889 -242.453659
v 80.812302 -176.879440 -241.052765
v 72.948380 -167.092239 -242.811951
v 62.850277 -164.056732 -241.069397
v 53.036976 -163.282364 -242.043488
v -119.028503 -165.440231 -241.525177
v -20.349051 -159.413513 -242.133255
v -121.773354 -157.211411 -240.263779
v -22.975958 -157.152863 -242.189255
v -23.007666 -155.664062 -240.966415
v 34.869148 -152.221863 -241.420456
v -22.883482 -153.992325 -239.847198
v -2.169309 -149.015594 -240.209045
v -28.374916 -148.347809 -241.556061
v -29.746426 -145.694778 -242.366699
v -126.329735 -142.479523 -241.203354
v -22.191158 -136.128967 -241.322784
v -5.042387 -130.745132 -240.359421
v -7.648674 -132.294983 -237.496414
v -6.522266 -121.467201 -239.828674
v -125.930489 -119.567085 -237.946213
v -39.051575 -101.917145 -241.105362
v -118.343163 -100.452927 -239.346466
v -46.069477 -96.337280 -242.610703
v -113.871498 -94.940704 -241.487442
v -62.212086 -90.010406 -240.741959
v -67.594543 -86.867912 -241.736023
v -89.124992 -84.188560 -241.814377
v -81.975533 -82.195587 -243.081177
v 8.202870 -208.886612 -240.725601
v 14.761918 -208.241791 -240.211197
v 19.974081 -205.079422 -236.042786
v -30.396355 -204.400330 -239.179886
v -55.734707 -203.375656 -239.961029
v -74.153046 -200.472397 -240.463821
v -84.935204 -196.448013 -239.883865
v 47.930935 -195.470779 -239.572739
v -88.635971 -195.528351 -241.871841
v -110.629707 -180.662979 -240.705704
v 79.513000 -179.392792 -241.061951
v -115.917343 -171.852524 -240.019272
v 82.110863 -173.346497 -240.664734
v 82.387100 -171.677795 -241.348770
v 81.382988 -170.140030 -242.184082
v 79.318672 -165.782898 -242.287476
v -117.976929 -167.957153 -241.034698
v 84.188995 -165.235809 -241.071274
v 68.084000 -166.234253 -242.398300
v 76.413147 -162.018646 -241.211792
v 56.521065 -160.533356 -240.045242
v 73.129196 -162.558701 -241.290085
v -21.187679 -156.589676 -240.250931
v -122.696045 -155.023285 -240.848663
v 38.836079 -153.003250 -241.098862
v 5.043408 -151.026810 -241.007767
v 32.626659 -150.497620 -240.061371
v -10.899173 -148.927948 -239.695755
v -28.173380 -141.879150 -241.516830
v -25.452330 -139.714539 -240.470840
v -21.511497 -137.209915 -240.302856
v -16.003899 -135.645813 -241.241699
v -4.401336 -129.388565 -240.431549
v -127.775032 -123.264999 -240.613235
v -9.834604 -118.500290 -239.553696
v -12.178443 -117.124908 -239.688934
v -24.655319 -114.636772 -240.450989
v -17.844906 -114.941788 -238.177704
v -30.384764 -112.876831 -240.428711
v -33.312778 -108.737808 -239.303116
v -44.581375 -98.757774 -240.068619
v -106.015221 -90.829292 -240.923248
v -64.209854 -89.391739 -240.491226
v -101.291458 -89.809425 -239.793167
v -73.532661 -86.615059 -240.912048
v -78.841797 -85.832314 -240.898849
v -84.469887 -84.795517 -241.462494
v -4.607874 -206.965118 -239.688385
v -65.058723 -202.406021 -240.316345
v -60.523338 -202.641220 -239.601044
v -80.470360 -198.333740 -239.767426
v -99.872719 -189.481689 -239.492844
v 63.792362 -188.236862 -238.993759
v 72.011803 -184.601898 -239.605164
v 76.890572 -180.898941 -239.047363
v 78.844406 -179.778214 -240.248566
v -113.816002 -175.585236 -239.433807
v 84.403236 -167.194321 -240.703918
v 83.756828 -162.727493 -241.075165
v 79.569588 -162.867996 -241.379257
v 82.281448 -161.714630 -241.084442
v 64.928925 -158.548035 -238.865829
v -120.198807 -160.397690 -239.264801
v -21.736704 -158.883209 -240.297989
v -19.759043 -160.156555 -240.654663
v 52.080681 -156.782120 -239.601273
v -17.783241 -155.585632 -240.120743
v -13.709426 -150.099442 -239.025620
v 13.645322 -150.313644 -240.187576
v 24.864077 -149.075485 -239.071320
v -7.898067 -148.565720 -240.192200
v -125.269722 -146.603775 -240.402435
v -26.646198 -143.327774 -239.933990
v -9.061923 -133.544922 -239.095825
v -126.410767 -130.663055 -238.511124
v -26.414637 -115.205521 -237.957382
v -124.448669 -114.473137 -237.676697
v -121.953438 -107.031738 -238.242157
v -119.466118 -103.080368 -238.086014
v -49.937504 -96.284691 -239.900589
v -55.164783 -94.000694 -239.690826
v -68.175156 -88.609024 -240.066727
v 2.069070 -207.855881 -239.143356
v 30.947697 -201.304321 -238.300369
v -70.017670 -199.333069 -236.942947
v 55.445576 -192.257477 -238.752045
v 56.502106 -190.917938 -237.517807
v -108.216110 -181.480911 -235.615570
v -111.761299 -178.658890 -239.154984
v 80.290855 -176.925385 -238.377487
v 82.017479 -173.939926 -238.858215
v 84.144836 -170.311951 -239.247208
v 85.773804 -166.336411 -238.450699
v 85.503845 -163.755142 -239.937302
v 85.460777 -160.404480 -239.499344
v 62.170319 -158.698273 -238.825104
v 84.058540 -159.066513 -239.825226
v 80.824776 -159.404922 -240.163177
v 75.417168 -154.689835 -238.751740
v 83.103302 -155.649017 -238.520386
v 79.840042 -154.256638 -238.712662
v -21.417145 -158.295349 -239.715485
v 46.670582 -154.005569 -239.746460
v -23.912788 -147.824066 -238.688065
v 6.532597 -149.615173 -239.231430
v 3.478969 -148.642975 -237.808060
v -25.286947 -141.566086 -239.443268
v -125.043068 -136.617981 -236.600082
v -18.139303 -136.268066 -239.634918
v -13.837256 -135.926300 -238.757858
v -11.733053 -134.941132 -240.114716
v -20.886948 -114.760895 -235.911301
v -29.227262 -114.062317 -237.284546
v -36.016243 -105.109383 -238.994858
v -114.668861 -99.422989 -237.237534
v -112.133575 -97.659142 -237.310745
v -86.061417 -86.686028 -239.390854
v -8.202828 -205.734070 -237.930222
v -15.500205 -205.047241 -237.534027
v -23.604601 -203.097687 -235.150421
v -45.759911 -202.165863 -235.620148
v -45.759911 -202.165863 -235.620148
v -38.885960 -202.392014 -233.557541
v 38.621395 -197.423523 -237.148819
v 42.345646 -195.176315 -236.001572
v -94.737953 -191.045883 -236.721985
v -101.514977 -187.625122 -236.434860
v 74.645248 -180.921631 -236.900864
v -116.894539 -168.062683 -237.468369
v 85.274704 -167.395599 -237.074753
v -118.585716 -164.696442 -238.667603
v 86.344238 -163.211014 -238.059616
v 57.289951 -156.105911 -238.202042
v 85.002266 -157.082108 -238.789291
v -19.895882 -153.716812 -238.948395
v -16.479649 -150.468826 -237.851852
v 48.473488 -148.855530 -235.488831
v 19.713636 -149.219604 -238.618622
v 14.610090 -148.872284 -238.032394
v -3.255497 -147.885712 -238.116364
v -124.419746 -142.546814 -237.153152
v -20.692947 -140.428650 -237.693298
v -10.904788 -135.173325 -237.560623
v -4.639743 -128.356613 -238.666016
v -5.251493 -124.005455 -237.873581
v -125.133827 -122.857239 -236.290039
v -125.724670 -126.042503 -236.610245
v -14.706285 -116.009178 -237.433197
v -23.788822 -114.837616 -235.452194
v -31.179090 -111.816658 -235.579239
v -38.315197 -103.366295 -237.823730
v -36.185497 -105.277344 -237.001144
v -40.376656 -102.250610 -237.005341
v -106.976852 -94.628174 -237.442749
v -72.897141 -89.759514 -237.412567
v -92.118782 -89.869415 -236.893753
v -80.837746 -88.940315 -236.997513
v -1.731938 -206.684692 -237.135071
v 15.946280 -205.785751 -234.978210
v 23.208710 -203.713745 -235.881561
v -30.587870 -203.056870 -235.113373
v -65.877403 -199.475204 -235.718750
v -79.924843 -195.163040 -233.404755
v 47.091694 -191.519058 -233.834854
v -84.157463 -194.177399 -234.254349
v -90.558250 -192.798477 -237.542892
v -105.512558 -183.600113 -234.583923
v -111.426819 -177.648560 -236.274582
v 83.143112 -171.499161 -237.338303
v 86.467964 -160.600540 -237.517426
v 86.273499 -156.666748 -237.080490
v 63.258404 -156.635971 -238.284958
v 85.940834 -154.447220 -237.530212
v 75.006699 -151.815140 -238.216263
v 84.165665 -153.153427 -238.014465
v 55.718792 -153.796204 -237.334549
v 53.723152 -148.797180 -234.627762
v 67.589096 -152.944534 -237.643463
v 79.025917 -152.028534 -238.338974
v -18.147541 -148.744980 -236.889786
v 77.616623 -148.602417 -237.404770
v -19.821545 -148.359512 -237.121201
v 40.734310 -146.345505 -234.503540
v 74.369629 -149.945511 -237.521317
v 28.906790 -147.667648 -236.991348
v 6.196253 -147.744751 -235.314835
v 24.008202 -147.112549 -235.233887
v -19.888527 -143.728668 -236.337646
v -16.093546 -139.080246 -236.404861
v -6.624866 -130.671738 -236.022064
v -5.388274 -125.903481 -236.332123
v -7.306189 -120.879204 -236.847122
v -10.604507 -118.095169 -237.049789
v -33.755043 -107.960060 -238.067535
v -43.590141 -101.824829 -234.737244
v -51.734589 -97.892380 -236.035812
v -104.034164 -95.051582 -236.226639
v -99.371422 -92.076942 -236.947189
v -67.355774 -91.614830 -236.328445
v -63.560719 -92.383148 -236.484299
v -84.389267 -90.032753 -236.151123
v 12.425657 -205.836304 -234.266235
v -18.921902 -203.246170 -234.269608
v 27.949087 -201.420502 -235.397568
v -56.050762 -200.441681 -234.658020
v 34.346882 -198.720856 -235.693085
v -90.508675 -191.874054 -234.801834
v 50.728168 -191.224518 -235.483124
v 66.174194 -184.234955 -235.159698
v 79.384514 -176.858994 -236.885757
v -113.141151 -173.208496 -233.989716
v 81.575668 -173.544449 -236.940506
v 86.348244 -162.509628 -236.254623
v -119.134590 -159.049774 -235.066345
v 62.865860 -153.638702 -237.298141
v -120.928986 -154.842163 -235.651382
v 60.011417 -152.627731 -236.690018
v 84.681213 -149.716599 -237.402573
v 68.806366 -149.898285 -237.289490
v 86.335106 -150.479324 -236.491379
v -15.049636 -148.144531 -236.438965
v 73.806984 -146.571732 -237.480652
v 36.638927 -145.617279 -233.960175
v 69.614082 -144.932022 -236.093582
v 80.921776 -143.979935 -237.495041
v -12.093118 -146.900742 -235.733459
v 12.255494 -147.340393 -234.351486
v 17.957693 -147.085464 -234.955338
v -7.471077 -146.359299 -235.123093
v 83.595314 -145.099930 -237.243088
v 76.968002 -143.369217 -237.394913
v 74.328529 -143.090317 -236.651947
v 77.530067 -140.393982 -236.448868
v -12.437824 -137.024109 -236.250687
v -8.609354 -133.577454 -233.496796
v -6.109808 -128.473969 -234.870453
v -124.618073 -119.458435 -236.133575
v -16.599445 -115.692863 -234.841827
v -122.304230 -113.571434 -235.911880
v -118.337265 -104.598717 -236.220673
v -56.483196 -95.994194 -235.926376
v -88.340912 -90.649117 -236.205353
v -86.593231 -192.942703 -233.378052
v -97.099060 -188.856537 -230.976654
v 61.957085 -186.337830 -235.533279
v -102.599480 -185.787048 -232.812195
v 78.559875 -176.513824 -235.864090
v 83.691025 -168.485001 -235.657974
v -115.405365 -164.635880 -231.264313
v 86.609489 -156.710495 -234.990280
v 87.049034 -154.534866 -235.566910
v 61.758335 -151.466980 -236.355469
v 56.200569 -145.883972 -233.007736
v 64.646072 -148.615234 -235.913528
v 86.302399 -146.913712 -236.147690
v 86.911072 -149.589569 -235.611496
v -122.383171 -147.273834 -234.422043
v -14.931107 -146.178131 -234.809891
v -2.120468 -146.793808 -233.996307
v -16.302788 -144.833603 -234.549942
v 85.473839 -142.747070 -235.777802
v -16.539309 -141.492706 -234.985352
v 71.256447 -141.876694 -235.984268
v 83.720703 -137.666199 -235.361954
v 77.515160 -134.778000 -236.551834
v 82.450676 -139.610306 -236.401901
v -13.515009 -139.237579 -233.718109
v 72.978226 -136.457596 -235.191223
v 76.536476 -132.298065 -235.718033
v 81.315002 -135.109818 -236.168182
v 79.448364 -129.394730 -234.982468
v -6.269520 -126.409981 -233.802887
v -6.493073 -123.547066 -235.048187
v -124.347946 -127.009300 -234.652756
v -10.029030 -119.388458 -234.458649
v -11.943402 -117.821510 -234.895996
v -27.076714 -114.534401 -233.764999
v -33.192760 -109.311707 -235.653946
v -37.653503 -104.937836 -235.273056
v -111.821114 -101.655510 -234.520538
v -76.037498 -91.169395 -235.855759
v -72.889420 -93.875465 -233.829163
v -50.464546 -200.070724 -232.411865
v 39.999947 -195.754776 -234.736511
v 53.668869 -186.405380 -231.903534
v 74.877014 -176.349243 -233.549652
v 70.830643 -179.969330 -233.601562
v 85.184097 -163.849670 -234.633530
v -117.171654 -160.001526 -231.233917
v 86.105797 -157.676941 -233.525803
v -120.891197 -151.143677 -233.083511
v 60.438381 -146.694885 -233.891571
v 86.989441 -145.932404 -234.246201
v -10.797299 -145.240143 -233.272781
v 27.517660 -145.827698 -234.187195
v -121.084618 -143.586426 -229.138229
v -13.702251 -142.563232 -232.978683
v 86.192673 -142.221344 -234.277115
v 64.133904 -143.877670 -233.771378
v -123.424088 -134.248550 -232.763382
v -10.664165 -137.555618 -229.969986
v 81.341576 -131.501297 -235.033966
v 74.051399 -132.598984 -235.062180
v 70.715958 -135.721069 -234.134872
v 82.617439 -132.310333 -234.035934
v 77.051674 -129.446487 -235.305252
v -7.075358 -131.130173 -232.003998
v -6.860815 -124.445602 -233.417282
v -121.640884 -118.771591 -233.794540
v -21.790806 -115.507996 -231.131653
v -28.070578 -113.850311 -231.009308
v -30.327368 -112.758911 -233.593842
v -116.965546 -108.201187 -234.111908
v -119.217918 -113.337784 -233.977127
v -33.616871 -109.881264 -233.561157
v -114.582458 -105.447525 -233.851822
v -40.919090 -103.164307 -234.789795
v -97.152054 -95.861282 -233.686264
v -62.793587 -95.838898 -232.885391
v -90.050430 -95.390945 -232.516190
v -87.386223 -93.376518 -233.992935
v -84.957085 -92.300301 -234.652344
v 3.071638 -204.630905 -231.526001
v 17.992336 -203.594330 -229.491196
v 21.385826 -203.039154 -230.628189
v -15.528070 -202.975967 -232.708969
v -9.844373 -203.196823 -232.435120
v -20.102251 -201.911224 -230.173065
v 30.098145 -199.033096 -230.060516
v -68.159065 -198.016846 -233.359848
v -73.859077 -195.808411 -231.775162
v -83.392357 -193.011398 -230.551254
v 61.473244 -183.110489 -231.935638
v 77.196686 -168.284775 -231.095795
v 85.317406 -156.646500 -231.873383
v -118.162216 -155.389954 -230.321304
v 87.071419 -153.807175 -233.636078
v 87.198837 -150.248215 -233.399170
v 0.104553 -146.457336 -233.157501
v 12.953212 -146.606369 -233.369476
v 51.579971 -145.870712 -233.222855
v -7.938638 -144.504684 -230.968323
v 18.062696 -145.481201 -233.047119
v -14.068032 -140.807861 -233.250488
v 84.033463 -136.261047 -234.013275
v 85.090057 -138.777222 -232.784042
v 72.628380 -130.856064 -233.618652
v 75.264671 -127.661438 -234.034042
v 79.971916 -128.328140 -233.571182
v 81.723022 -130.633224 -232.952805
v 77.330421 -127.706688 -234.344025
v 78.454384 -127.464272 -233.708923
v 77.089340 -126.682037 -233.075729
v -120.641121 -121.170341 -232.218796
v -8.488420 -122.084793 -232.537354
v -36.687157 -108.174194 -231.695511
v -106.100700 -100.570938 -233.443497
v -46.638424 -103.298973 -231.174011
v -55.529480 -99.052414 -232.869049
v -73.894760 -94.996811 -232.533829
v -68.616211 -94.596855 -233.216797
v -76.996956 -93.836899 -233.461990
v 7.779057 -203.934280 -229.153809
v -2.364694 -202.478500 -228.182800
v -33.438110 -201.553024 -228.856277
v -60.374943 -198.281952 -231.194305
v 35.881317 -196.029739 -229.369431
v 42.259487 -191.676300 -229.664276
v 62.155113 -180.372101 -229.820999
v -108.228226 -177.515915 -229.121277
v 81.283501 -161.726257 -230.342972
v 86.992722 -146.374664 -232.754028
v 11.696987 -145.624741 -232.272888
v -12.393287 -143.942947 -232.659744
v 22.535633 -144.143341 -232.658066
v 44.818649 -142.931473 -232.088745
v 61.026527 -142.460449 -232.585693
v 27.160547 -143.880493 -232.887283
v 40.497421 -143.832199 -232.882172
v 86.249496 -142.552505 -232.697403
v 62.709782 -139.266739 -232.325089
v 84.174438 -136.511780 -232.424942
v -121.952415 -128.360809 -231.720444
v 73.522285 -128.350861 -232.385910
v -6.625323 -127.610672 -230.669861
v -6.647480 -129.758347 -230.127457
v 74.383202 -126.801308 -232.432098
v 79.132324 -127.642250 -232.241577
v -120.294601 -118.136818 -232.839508
v -13.701587 -118.550346 -230.391083
v -115.842552 -110.861855 -232.175034
v -24.923090 -114.770927 -231.390640
v -32.309097 -111.669579 -230.924988
v -113.949020 -109.237816 -231.551315
v -40.578411 -107.647972 -229.255707
v -101.791817 -102.765060 -230.212692
v -83.123550 -94.701828 -232.185303
v -14.362474 -201.586746 -228.080475
v -38.866783 -200.646835 -227.900253
v -45.102615 -199.419861 -227.680206
v -45.102615 -199.419861 -227.680206
v -67.921432 -196.595871 -229.179764
v 38.919617 -193.352798 -228.440109
v 49.139568 -187.954712 -230.678284
v -105.944275 -181.407288 -230.896057
v -110.789627 -172.250824 -227.695114
v 86.374184 -152.333435 -231.577042
v 86.517395 -147.069397 -231.513687
v -3.037073 -145.392242 -231.977585
v -0.674808 -145.053101 -231.788742
v -119.793175 -146.623550 -227.046173
v 55.050308 -141.945389 -231.743530
v -10.352585 -143.342590 -229.725555
v 17.105270 -142.644699 -231.131363
v 37.306122 -141.502258 -231.994003
v 30.876232 -140.272705 -231.852600
v 68.290527 -131.015518 -232.583023
v 62.138668 -135.216995 -231.502136
v 82.903793 -133.517136 -232.124237
v 70.090500 -129.491287 -232.542892
v 79.346252 -128.721237 -231.424606
v 73.410789 -127.062431 -230.468155
v 73.947227 -126.311455 -230.699814
v -118.183762 -121.923965 -229.274780
v -10.258086 -121.627113 -229.336090
v -34.926159 -110.400391 -229.974854
v -109.257721 -105.875099 -230.811508
v -93.887505 -98.599785 -230.581406
v -78.733292 -96.693359 -228.609619
v -69.392258 -97.396027 -228.644699
v 25.082790 -201.296890 -229.698944
v -79.518227 -193.968338 -230.547623
v -89.869888 -190.802551 -228.742981
v -99.411736 -186.499191 -227.195816
v 66.836227 -176.111526 -229.126602
v 71.554672 -171.627274 -229.254211
v -112.599091 -170.479172 -230.070282
v 75.744034 -166.751633 -228.941330
v -119.182968 -150.399521 -228.004074
v 85.958023 -144.096191 -231.171310
v 9.118630 -143.161041 -230.449997
v -1.368075 -142.893967 -230.109924
v 26.672195 -136.892502 -229.957092
v -12.323003 -142.407410 -230.125580
v 50.671566 -137.080887 -229.719482
v 85.080444 -140.612717 -231.145248
v -12.830472 -140.190857 -230.876572
v 33.145821 -136.168304 -230.089737
v 59.256645 -137.782166 -231.218521
v 54.327690 -137.810165 -230.339584
v 82.425758 -134.302643 -230.840103
v -120.272469 -133.650223 -228.547394
v -8.079746 -135.089264 -228.501541
v 64.154160 -128.864960 -231.341354
v 58.324368 -134.647507 -230.349716
v 66.639153 -128.677643 -231.678665
v 70.337120 -126.758102 -231.198532
v 72.660385 -127.478477 -231.010742
v 65.960976 -125.526901 -230.698730
v 75.484154 -126.981232 -230.502228
v -20.292437 -116.768784 -228.739395
v -116.457115 -118.982986 -228.740097
v -37.188698 -110.467407 -227.973022
v -105.866982 -106.183640 -229.410172
v -56.285885 -101.238388 -229.224777
v -84.504494 -98.292397 -228.226944
v -9.666630 -201.446335 -227.536652
v -27.249184 -201.229660 -227.779907
v 29.092163 -198.687836 -228.327515
v -76.351891 -194.146469 -229.151688
v 52.965366 -183.990860 -229.152603
v -115.944946 -161.316254 -229.171799
v 82.765350 -153.504944 -228.630264
v 85.401047 -147.170486 -230.006699
v 84.052162 -141.262146 -229.408173
v -7.939089 -142.729004 -228.986984
v 4.304112 -142.926971 -230.404327
v -12.284852 -141.248856 -229.708084
v 9.566275 -137.914261 -228.247742
v 14.904510 -140.576538 -229.821976
v 38.849998 -136.429596 -229.860672
v -11.164478 -138.782349 -228.991806
v 45.869766 -137.288971 -229.754532
v -121.993225 -136.804016 -230.301727
v 55.915859 -133.657196 -229.461578
v 80.213409 -134.504654 -228.625427
v 78.250595 -131.014587 -229.574585
v 62.182411 -126.211876 -230.430344
v -116.615105 -131.191666 -224.271408
v 64.184868 -125.657967 -230.577301
v 75.858414 -128.856171 -229.474838
v 73.869301 -127.270012 -229.260284
v 72.676216 -126.818108 -229.364273
v 70.564346 -125.177818 -229.006500
v -6.936337 -127.532608 -227.991013
v 66.997055 -123.460289 -229.357620
v -7.868179 -126.587471 -226.024811
v 63.755333 -122.324829 -229.141296
v -28.601126 -113.880028 -228.686295
v -110.148659 -111.862297 -228.007935
v -93.496704 -102.180130 -227.525269
v -64.465935 -98.520836 -228.615158
v -76.540222 -96.762962 -228.640457
v -72.822731 -97.151962 -228.802322
v 3.086764 -202.709351 -226.628540
v 11.832251 -202.831619 -226.317215
v 21.702679 -201.759521 -227.641418
v 24.097984 -200.713135 -227.414490
v -49.674213 -198.594940 -227.125473
v -52.307629 -198.042572 -226.444244
v -66.022179 -195.641983 -226.167725
v -79.378395 -192.398056 -224.919174
v 48.161442 -186.349182 -228.290344
v -101.729317 -184.031479 -225.343384
v 62.817890 -176.781906 -227.690369
v -112.357002 -167.949234 -225.511169
v 78.757988 -161.042648 -227.802200
v 82.666901 -149.432434 -227.525879
v -120.095963 -143.910828 -227.312698
v -10.885466 -141.527039 -228.549576
v -0.144631 -140.813477 -228.933426
v -1.009780 -139.899826 -228.294540
v 5.553467 -138.736084 -228.337723
v 14.189537 -136.787125 -228.255417
v 23.754725 -132.576721 -228.181183
v 19.986246 -132.854980 -227.500504
v 29.168524 -131.918335 -228.688980
v 51.439384 -134.325958 -229.305313
v 46.771614 -133.223984 -228.647369
v -6.613193 -133.217896 -226.405563
v 38.132610 -131.876663 -228.620636
v 52.094074 -131.021240 -228.356125
v 54.573299 -131.513580 -229.303482
v 57.967789 -124.591881 -229.385025
v 60.353477 -123.326454 -229.461517
v 73.352135 -127.512184 -227.687958
v 62.048191 -123.492203 -229.576111
v 67.580132 -122.679665 -227.767914
v -9.141273 -123.528610 -228.128540
v 63.902134 -120.939522 -228.072998
v -113.055664 -116.064903 -227.684326
v -25.260633 -115.538033 -227.342010
v -50.425198 -104.347137 -228.209015
v -78.680817 -98.361809 -226.961441
v -33.580482 -200.845825 -226.687134
v -28.694687 -200.749390 -226.509628
v -43.905548 -199.123138 -226.576263
v -43.905548 -199.123138 -226.576263
v -59.015522 -196.853439 -226.303452
v 41.485882 -190.058746 -227.229355
v 52.814819 -182.486710 -228.061905
v -103.889336 -181.530823 -224.201553
v 67.061638 -171.521637 -226.312515
v -108.364609 -175.980164 -226.554596
v 72.684280 -168.342514 -227.756912
v -117.264725 -155.705872 -227.046341
v 80.696098 -143.076767 -225.588089
v -8.901202 -140.215515 -227.569183
v -118.385941 -139.309143 -224.522873
v -4.609303 -137.822937 -226.347305
v -10.041905 -139.057114 -227.739212
v 6.952876 -136.247742 -226.605911
v 80.457413 -138.905975 -226.518280
v -7.059079 -136.041275 -226.639984
v -118.661537 -136.700378 -225.283890
v 43.109886 -131.111130 -228.405441
v 76.220062 -130.861069 -226.518280
v 33.679111 -129.222839 -228.220398
v 30.255369 -129.105927 -228.121658
v 36.114655 -129.572235 -228.450470
v -6.656221 -131.793060 -223.778259
v 33.202412 -127.236427 -227.546753
v 43.903793 -125.971916 -228.425339
v 51.467598 -121.732422 -228.505798
v 54.950039 -124.792885 -228.409744
v 44.810650 -123.250381 -227.630280
v 70.105164 -124.373116 -226.064651
v 58.481705 -120.920731 -228.499466
v 53.685986 -119.946396 -228.311203
v 60.203602 -119.683304 -228.163940
v 57.788445 -117.843887 -227.469055
v -18.250143 -120.392746 -223.615143
v -32.569958 -113.374748 -226.085510
v -103.029892 -107.269516 -227.452042
v -57.939270 -103.104500 -226.555740
v -65.164879 -101.201866 -225.673706
v -86.984451 -101.169304 -226.194229
v -72.995102 -98.432739 -227.053696
v 14.167285 -201.546021 -223.735001
v -1.008638 -201.542221 -224.237030
v 16.859100 -201.325424 -224.122406
v -19.811420 -200.441284 -225.326279
v 25.819910 -198.629852 -225.665985
v -72.171974 -193.697250 -225.035400
v 31.089956 -195.329208 -225.568634
v 35.220676 -193.260834 -225.721146
v -94.286903 -188.273178 -224.771606
v 41.948620 -187.629807 -225.649765
v 50.744980 -180.420227 -226.404770
v 63.984921 -173.801208 -226.346222
v -116.062958 -159.188126 -226.318726
v 73.044487 -164.612701 -225.001297
v 76.486961 -159.534485 -224.692810
v -0.256000 -137.033295 -225.910950
v 11.399354 -135.100632 -226.418335
v 16.053951 -133.463913 -226.502701
v -5.804175 -134.377228 -225.098648
v 76.261177 -133.274948 -224.444824
v 23.678576 -129.398026 -225.808868
v 33.287220 -126.106865 -227.198685
v 39.056522 -123.966003 -227.333130
v 71.010147 -126.047134 -225.307632
v 36.202011 -123.622375 -227.134750
v 46.249172 -119.659584 -227.277145
v -10.645663 -124.973969 -223.437744
v 50.519592 -119.036064 -227.490204
v 41.740780 -120.164833 -226.627502
v 37.510113 -120.986588 -226.230286
v 64.962372 -119.963326 -225.187622
v 61.091949 -117.242622 -225.585037
v 49.591537 -117.010605 -226.916306
v -110.794228 -118.233620 -225.316589
v 53.915401 -116.159477 -226.856674
v 57.786728 -115.936378 -225.803314
v 51.917095 -114.561111 -227.034317
v -106.323357 -110.608444 -227.006104
v -46.290859 -108.197571 -226.561859
v -39.077896 -111.193985 -226.244293
v -70.557198 -99.887917 -225.727753
v 7.937974 -201.647369 -223.519287
v -11.261395 -200.113068 -223.521683
v -39.050770 -199.786499 -226.031784
v -33.786724 -200.143463 -225.357727
v -25.629293 -200.164291 -224.593048
v -48.069881 -197.700012 -224.846466
v -53.026100 -197.103928 -224.741028
v -85.793449 -190.301453 -221.570465
v -90.337303 -189.567093 -224.124207
v 45.984943 -178.474304 -222.914444
v -106.337372 -177.137787 -220.999176
v 55.168369 -174.870346 -224.409775
v 68.802864 -165.084610 -222.607361
v 78.336075 -153.354965 -224.271622
v 79.643639 -147.211731 -224.401337
v -118.647133 -146.161682 -224.137314
v 76.128059 -137.074005 -222.776215
v -3.286002 -136.331711 -225.109467
v 19.276800 -131.172470 -225.129745
v -7.012963 -130.798889 -223.256302
v 73.019806 -128.526230 -224.713257
v 29.222715 -124.449455 -225.065460
v -113.637154 -126.572281 -222.902100
v 35.182041 -120.471420 -224.861252
v 67.769569 -121.838425 -224.088043
v -112.962959 -122.096611 -224.660156
v 63.939739 -119.130440 -225.747162
v -14.226230 -123.028740 -222.806671
v 47.292381 -116.585541 -226.373871
v 44.400402 -115.718124 -226.146133
v -23.944004 -118.174522 -223.142746
v 48.150227 -114.861710 -226.244263
v 45.770435 -114.688202 -225.869232
v 51.256569 -113.848335 -226.469635
v 55.405720 -114.075569 -226.036224
v -104.781891 -113.627899 -224.583588
v 49.066753 -113.400658 -225.513504
v 54.391754 -113.291809 -225.748962
v 56.867882 -113.491867 -224.913971
v 60.121735 -114.979912 -225.531067
v -45.980667 -110.156647 -224.657028
v -99.545715 -109.236542 -224.900452
v -53.010429 -107.062202 -224.630432
v -84.500740 -101.907104 -225.124054
v -15.999874 -199.753418 -223.644669
v -30.130501 -198.890198 -223.399658
v -39.808270 -198.337860 -224.105560
v -44.181927 -197.167999 -223.754684
v -44.181927 -197.167999 -223.754684
v -63.763203 -193.894943 -222.919876
v -82.658409 -191.165970 -222.856201
v -97.172714 -186.406815 -223.220520
v 51.398720 -175.913742 -223.861267
v 63.377766 -169.242233 -222.928864
v -117.568481 -151.794937 -222.978149
v -117.689980 -142.304840 -222.391815
v -0.023339 -135.276886 -223.288239
v 10.163001 -134.365036 -224.809570
v 23.639570 -128.082443 -224.635513
v -9.493215 -126.052933 -223.566132
v 37.860531 -118.052116 -224.844330
v 66.736633 -120.238724 -225.314819
v 64.348503 -118.214638 -225.404800
v 62.414429 -116.613586 -225.738083
v 64.200615 -117.898033 -224.089539
v 41.315022 -115.793755 -224.828445
v -33.558453 -115.606483 -221.042725
v 45.255436 -113.843071 -224.618149
v 57.881790 -113.834557 -223.774155
v 53.905895 -112.829254 -224.828781
v -39.115116 -113.906891 -221.355057
v 47.619957 -112.927711 -223.624268
v -46.978893 -111.233131 -222.710541
v -89.975609 -109.573479 -221.588394
v -61.347069 -105.387398 -223.637482
v -78.153030 -101.867950 -224.234482
v -73.457153 -101.937943 -224.137970
v 20.525116 -198.370316 -221.539352
v -16.961708 -199.425613 -223.184082
v -35.538738 -198.110352 -223.269760
v -58.453682 -195.363007 -223.289627
v -49.738800 -195.852264 -222.820297
v 29.004835 -193.145081 -222.290604
v -70.946228 -192.461792 -222.641220
v -76.702354 -191.942841 -223.152512
v -79.661598 -191.162582 -222.057419
v 34.203175 -190.495300 -223.024216
v -98.177620 -185.031494 -220.958633
v 40.472946 -184.738068 -222.936966
v -108.821022 -173.833176 -221.715027
v 72.095833 -161.449982 -222.392395
v -115.838112 -158.057419 -221.184174
v 77.191605 -151.116852 -223.068680
v 75.245201 -146.763855 -221.469910
v -1.545917 -134.980453 -222.752182
v -4.573056 -133.902969 -222.644455
v -6.026741 -132.663330 -222.333450
v 13.501086 -132.429871 -222.592255
v 10.369989 -133.715347 -223.543854
v 16.728817 -131.145248 -222.619583
v 25.409750 -125.681183 -223.154465
v 30.391489 -122.209885 -223.817993
v 68.980453 -123.534012 -223.395523
v 69.599640 -125.836212 -223.337265
v 36.274002 -118.734024 -223.335999
v 36.992558 -117.032471 -223.417313
v 61.918026 -116.438820 -223.252197
v 40.144436 -115.308815 -222.921829
v 44.204216 -113.817970 -223.033386
v -103.792282 -115.528221 -222.904160
v -98.133095 -112.491905 -222.272141
v -84.213860 -107.307480 -221.618896
v -67.449158 -106.269020 -221.836197
v 4.380589 -200.442413 -220.796051
v 11.439891 -200.020233 -221.027832
v -24.531231 -198.795227 -222.487167
v -28.823807 -197.139648 -221.515152
v -94.159607 -187.795410 -222.178329
v 40.895821 -181.920914 -221.936295
v -101.811073 -182.092636 -220.898422
v -113.505043 -163.950684 -220.193039
v 72.865150 -158.126205 -221.572845
v -115.611641 -154.664352 -219.052292
v 75.863480 -140.705734 -221.830124
v 4.458697 -134.295502 -221.633392
v -0.365117 -134.220734 -220.498306
v -6.963354 -131.899750 -221.252594
v 19.314058 -129.571823 -222.198730
v 72.214325 -130.141495 -222.552750
v 21.254173 -128.215546 -221.629684
v -10.545704 -126.693474 -221.947281
v -110.175186 -122.952209 -221.758301
v 29.100904 -122.085968 -221.700455
v 31.764874 -120.681679 -222.619247
v 65.475677 -120.277885 -222.476746
v -106.492554 -119.000755 -221.938538
v 42.061417 -114.699989 -221.699814
v 48.968792 -112.969917 -222.583755
v 55.055820 -113.142952 -223.052780
v -93.633049 -112.638702 -220.362106
v -50.836632 -111.142479 -221.366333
v -4.536373 -200.365219 -221.980255
v -19.258154 -198.013077 -221.184525
v -15.097914 -198.397018 -221.159653
v -33.616955 -194.812958 -220.494537
v -44.054340 -193.433670 -220.653412
v -44.054340 -193.433670 -220.653412
v -104.850372 -177.785019 -218.723068
v 52.789551 -170.649429 -221.178848
v 49.177422 -172.679016 -221.155579
v 55.980297 -170.337814 -221.780624
v 68.034904 -163.150192 -221.079590
v 62.391338 -163.972061 -219.295670
v 8.665478 -133.343216 -219.979828
v -114.632248 -137.373077 -219.345459
v -113.001503 -131.853745 -219.704758
v -9.880534 -129.095108 -220.798874
v 23.612728 -126.492157 -220.640823
v 67.192314 -125.836540 -221.177444
v -12.790544 -125.078751 -221.732788
v 26.723711 -123.933914 -221.152817
v 66.548935 -122.305664 -221.819290
v -22.840216 -119.853073 -221.270233
v 32.441299 -120.047813 -220.098969
v 34.708805 -119.078804 -220.982437
v 37.175919 -117.975807 -222.054031
v 61.480251 -117.143745 -221.925629
v 38.984138 -115.807663 -221.366364
v 57.586796 -114.536766 -221.992447
v 46.098976 -113.799812 -221.669662
v 53.096561 -113.217850 -222.133957
v -55.975502 -111.345612 -219.967117
v 15.562977 -199.344193 -220.649780
v -5.268061 -199.423218 -220.230789
v 20.322435 -196.408875 -219.385010
v 23.581875 -193.826492 -219.428452
v -38.563385 -192.937027 -219.416428
v -56.455780 -193.082642 -220.634232
v -64.834518 -190.213379 -219.067108
v 29.011826 -190.253677 -220.384720
v -81.945732 -189.897873 -219.309082
v -75.879829 -189.922180 -220.075607
v 32.831814 -188.013702 -220.922073
v -93.075989 -187.761322 -217.209198
v 43.383209 -177.228485 -220.810318
v 43.236191 -174.812363 -219.572678
v -110.242798 -170.411880 -219.951157
v 59.248245 -166.920181 -220.161911
v 69.640038 -158.451965 -219.965927
v 68.715782 -154.368240 -219.086212
v 71.096275 -133.010284 -220.576462
v -2.700945 -133.776337 -219.489166
v -4.892293 -133.174973 -219.587067
v 14.059805 -131.894363 -220.488586
v -9.264148 -130.803879 -218.864014
v 18.479691 -129.919510 -218.942245
v 28.506172 -122.434616 -220.451706
v -20.566790 -122.414795 -220.141541
v 61.568920 -121.468262 -219.683289
v -104.695694 -121.283508 -218.556747
v -26.781919 -119.558815 -219.458481
v 57.333691 -116.178497 -220.593872
v 38.400986 -118.534698 -219.418457
v 40.035309 -117.408974 -220.220505
v 43.375557 -115.472198 -220.148148
v 48.727589 -114.178085 -220.747864
v 53.811127 -114.608475 -220.687988
v -45.466621 -112.805321 -220.982742
v -61.944576 -111.695435 -218.562653
v -72.744186 -108.405380 -220.007950
v -68.187721 -109.456535 -219.604706
v -79.794746 -109.624596 -219.518570
v 0.159945 -198.544983 -218.703094
v 5.890294 -198.279434 -218.250000
v 18.166475 -196.772202 -218.631271
v -21.044943 -195.687790 -219.359833
v -17.968336 -196.185867 -219.074081
v -28.436295 -193.227463 -218.699066
v -49.272652 -191.538971 -218.735870
v -69.094322 -188.455261 -217.738892
v -90.437561 -188.822708 -217.545364
v 31.578205 -184.435638 -218.969330
v -108.271461 -173.677017 -219.773560
v 44.411854 -172.368668 -218.643158
v 50.224850 -170.465851 -220.066772
v -114.344749 -160.149582 -219.009857
v 70.027290 -151.378891 -219.233643
v -114.340279 -149.949509 -217.104080
v 70.352592 -143.854416 -218.850723
v -115.268105 -142.784897 -218.789261
v 69.333641 -134.323517 -219.388947
v 70.937225 -139.816864 -219.269958
v 15.697307 -131.253387 -218.423615
v -13.553277 -127.205116 -219.796555
v -109.594254 -127.801857 -218.395386
v -15.277368 -126.524078 -219.880814
v 24.118685 -126.326294 -218.703461
v 27.519012 -123.544029 -219.032730
v -22.649137 -122.230278 -218.745956
v 30.766768 -121.286720 -219.136826
v -101.346611 -120.312691 -217.224411
v 42.157955 -118.240082 -218.911514
v -40.568974 -115.720497 -218.170380
v -49.187935 -114.365906 -218.238358
v -53.372452 -113.908806 -218.066483
v -84.902260 -112.064667 -218.395996
v -76.899857 -110.838081 -218.502762
v -3.964314 -197.803009 -217.729828
v 11.030338 -196.239441 -216.125793
v -8.538700 -196.021713 -216.375458
v 9.280509 -196.619385 -216.074890
v -11.394514 -194.176163 -215.059525
v -26.351416 -192.537399 -217.895218
v -54.969238 -190.795624 -217.634888
v -39.040546 -191.586288 -217.724396
v -60.123222 -190.520187 -218.254456
v -44.753880 -191.270248 -217.824478
v -44.753880 -191.270248 -217.824478
v 28.279510 -187.956940 -218.805161
v -73.818802 -188.094788 -217.181442
v -97.274544 -183.951157 -215.553772
v 35.723934 -177.252853 -218.030731
v 52.480026 -166.072754 -217.055969
v 57.510040 -164.461823 -217.748123
v 62.809109 -160.359573 -217.813705
v 65.589569 -157.863281 -218.340561
v -113.056038 -138.002243 -217.519638
v 0.148659 -133.923615 -217.503586
v 5.873419 -133.870163 -218.221939
v 11.462437 -132.938049 -216.508026
v -110.674179 -133.637131 -216.854660
v 64.905952 -128.304001 -218.959976
v 22.147043 -128.214630 -217.868164
v 59.783062 -125.865921 -217.597046
v 25.843916 -125.008202 -218.551895
v -17.922592 -126.088684 -218.641052
v 29.472317 -122.395218 -218.427078
v 33.831902 -120.529602 -218.166733
v -31.592022 -118.443634 -217.616211
v 47.075871 -118.817879 -218.364029
v 51.495430 -119.597122 -218.081680
v -97.378189 -117.263603 -217.665085
v -88.732452 -114.323486 -217.343216
v -0.861248 -195.631210 -213.757095
v -18.179352 -192.257950 -215.135529
v 20.783756 -193.872147 -217.561584
v -23.325788 -192.775116 -217.371429
v 20.248135 -190.143616 -215.250259
v -32.274780 -191.758499 -217.621368
v 25.132921 -188.223724 -217.312851
v -88.564980 -188.988037 -216.400330
v -75.429527 -187.665680 -215.954178
v -99.953796 -180.446793 -215.199707
v 28.075523 -182.818924 -216.927460
v 31.624689 -174.820648 -216.174530
v -106.690842 -173.763931 -217.039169
v 38.796207 -173.532852 -217.530273
v 42.765789 -168.755371 -216.169571
v -110.309601 -168.453415 -217.630203
v 49.190323 -168.346100 -217.652573
v -112.203598 -163.706772 -217.339157
v -113.090424 -156.999847 -216.315735
v 65.492783 -153.796936 -217.693634
v 64.534073 -149.673965 -217.042755
v 65.639427 -138.857422 -217.400146
v -8.247356 -132.251297 -215.296997
v 61.543961 -131.281815 -216.850479
v 18.544121 -130.689575 -216.656326
v -14.821492 -127.625626 -217.385666
v -104.179520 -124.995514 -215.817841
v 25.456938 -126.205009 -217.149750
v -22.285303 -122.851700 -216.652222
v 55.233219 -125.952621 -216.023453
v -29.153284 -119.739227 -216.380371
v 34.835354 -121.140129 -217.287262
v 39.341431 -119.792961 -217.808197
v 44.961094 -121.317268 -216.635818
v -99.339340 -121.576080 -214.531601
v -36.392006 -117.249321 -217.041595
v -94.582237 -116.865013 -216.838684
v -57.716763 -113.644905 -217.226028
v -61.558796 -113.367447 -216.944427
v -65.844543 -114.265015 -215.742447
v 2.496745 -196.940491 -214.979065
v -48.797581 -190.715424 -217.206116
v -37.664230 -190.777344 -215.509781
v -31.261728 -190.907333 -215.872086
v -60.939365 -189.420151 -216.900330
v -55.414173 -189.416992 -215.092957
v -84.482346 -188.608734 -214.167816
v -81.787743 -188.730637 -215.807800
v -68.004250 -187.357208 -215.923965
v -92.849136 -187.134308 -215.018295
v 46.370556 -167.234344 -216.063889
v 52.094276 -164.038864 -215.902466
v 54.721565 -161.927841 -215.709778
v 59.320705 -161.223450 -217.026276
v 59.468899 -153.781052 -215.820709
v -112.192635 -145.707886 -215.338257
v -1.634524 -134.006348 -215.460892
v 7.111041 -133.911636 -215.604889
v -4.811716 -133.529755 -215.359879
v 14.839152 -132.160660 -216.217743
v -18.217863 -126.193260 -215.101608
v 27.037853 -125.673843 -216.462357
v 30.998711 -122.835770 -217.012863
v 51.448391 -123.952156 -215.923416
v 39.810516 -121.976967 -216.275757
v -47.335087 -115.906082 -215.997391
v -85.027657 -115.929695 -215.031616
v -79.064354 -114.804726 -215.287827
v -69.611191 -115.608566 -214.667877
v 9.023641 -194.822083 -213.984787
v 16.812876 -194.131912 -215.983826
v -25.202097 -191.076721 -215.523636
v -46.373760 -190.542999 -215.468994
v -46.373760 -190.542999 -215.468994
v -51.745914 -189.829880 -215.154144
v -88.781906 -188.160324 -214.116226
v -70.270813 -186.917221 -214.799377
v 19.272076 -189.190842 -214.383545
v -101.672737 -178.385483 -215.173431
v 29.588751 -174.088043 -215.016205
v 32.258904 -172.006088 -215.350082
v -107.755585 -169.326035 -215.046951
v 37.294628 -168.855988 -215.299347
v -111.302170 -160.559036 -215.426331
v 57.189873 -156.641571 -215.600220
v -110.245850 -151.474213 -213.202637
v 60.934452 -142.429779 -215.812622
v 59.775002 -134.790649 -215.807281
v 56.903641 -128.193604 -215.941620
v 17.437935 -132.148544 -214.944183
v -102.517593 -129.602768 -212.077972
v -12.683295 -130.712280 -212.350418
v 22.822821 -130.045319 -214.912994
v 27.343958 -126.158432 -215.883942
v 33.441204 -125.033142 -215.028564
v 38.626099 -124.412735 -215.127319
v 45.129269 -122.682396 -215.965179
v -25.442532 -121.737076 -212.299515
v -96.019775 -119.935982 -214.051147
v -32.719002 -119.119507 -214.643265
v -91.895905 -119.602783 -213.255188
v -40.847343 -117.725685 -214.214340
v -60.309967 -116.281395 -213.599747
v -6.285061 -193.942657 -213.260223
v -14.443727 -191.644836 -213.788910
v 14.990975 -192.678467 -214.368378
v -26.477913 -190.240234 -213.467072
v -19.673340 -190.617966 -213.780975
v -47.590893 -190.251450 -215.145370
v -33.132854 -190.656494 -214.185837
v -23.059025 -189.815414 -212.689774
v -59.961205 -188.529709 -214.440704
v -95.814445 -183.676285 -213.652863
v 23.544127 -180.075500 -213.841293
v -104.397392 -172.483597 -213.709778
v 46.003464 -163.569443 -214.773987
v 52.206394 -161.137650 -215.151962
v 50.679371 -160.129227 -214.507462
v 56.245903 -155.683472 -215.346939
v 58.144192 -148.858704 -215.179077
v 54.398987 -154.334183 -214.508423
v 56.459518 -142.389801 -214.629547
v 56.025360 -148.936432 -214.549515
v -108.872475 -145.294876 -212.742615
v 54.623215 -135.292603 -214.453033
v 2.808660 -134.525879 -213.925812
v 11.576683 -134.091110 -213.583496
v 52.001400 -130.039459 -214.452606
v 28.051922 -130.122543 -213.431107
v 39.632839 -126.191154 -214.620453
v 48.644085 -128.006119 -214.449921
v -23.067001 -122.738815 -213.102509
v -36.147972 -119.342827 -212.271988
v -45.124855 -117.563950 -213.254379
v -50.158264 -116.535835 -213.970566
v -54.386719 -117.156342 -212.728683
v 4.162140 -195.500656 -213.351669
v -7.484450 -192.301361 -212.403320
v -43.251007 -190.576492 -212.172913
v -43.251007 -190.576492 -212.172913
v -49.247074 -189.671890 -209.428375
v -82.797958 -187.806702 -211.653000
v -75.742226 -187.158310 -213.613739
v -64.310272 -187.020874 -212.177811
v -100.694016 -177.081467 -213.282272
v 23.481585 -175.958130 -212.160980
v -106.480980 -164.539246 -212.663498
v 41.672798 -162.930679 -213.934509
v 47.986313 -159.384781 -214.211487
v -108.592896 -156.987411 -212.406860
v 52.217846 -153.668167 -214.291122
v 53.410229 -150.607193 -214.291199
v 51.727886 -146.751282 -213.627838
v 53.180962 -140.597870 -214.334595
v 50.820942 -142.400909 -213.565811
v 48.913918 -134.564346 -214.447113
v -3.460123 -134.332214 -213.235748
v -104.063965 -139.247192 -210.500916
v -7.983114 -133.369232 -211.981064
v 45.911461 -135.394104 -213.606201
v 42.902283 -129.671906 -214.319885
v 20.445923 -133.739853 -212.152786
v 24.625950 -133.399918 -212.257721
v 39.786694 -130.853638 -213.556488
v -19.385584 -126.193199 -212.561066
v 33.324265 -130.992935 -213.080826
v -98.832184 -123.048981 -213.038330
v -95.238495 -122.287552 -211.735519
v -28.630274 -120.860603 -211.665298
v -31.305790 -120.688873 -210.861023
v -74.873016 -118.967262 -211.882477
v -69.975410 -118.052727 -212.105331
v -80.630287 -117.995903 -212.685593
v 6.333110 -192.773956 -211.893127
v -17.576817 -189.083389 -212.322784
v 10.644777 -190.431763 -211.969559
v -45.731880 -190.300064 -210.113556
v -31.031075 -190.412216 -210.686371
v 13.937407 -187.025696 -211.924225
v -87.670982 -186.303040 -211.053894
v 18.526899 -181.216553 -212.091843
v -95.268372 -182.898743 -212.894394
v 22.109344 -176.921753 -211.903809
v 27.740984 -170.556671 -212.065933
v 32.476158 -164.489487 -211.512161
v 36.433994 -162.926926 -212.555206
v 41.289379 -159.335464 -212.217422
v 45.834579 -157.394974 -213.056442
v 43.198761 -156.824432 -211.854019
v 51.096138 -150.946274 -213.563538
v 48.177727 -152.094925 -213.049118
v 48.666088 -144.809418 -213.191330
v 47.774761 -142.257324 -213.185318
v 43.583763 -137.430679 -213.136124
v -2.930009 -135.163116 -211.582260
v 12.792526 -135.518646 -211.303467
v 38.761303 -133.377960 -213.067581
v -98.260971 -125.508049 -211.243378
v -88.870186 -120.657059 -211.725281
v -63.170086 -119.616699 -210.931015
v -50.211079 -117.207375 -212.936890
v 1.067984 -193.628174 -211.859161
v -3.081025 -191.821152 -211.214005
v -33.819889 -190.841278 -210.407227
v -38.002758 -191.042984 -211.558716
v -11.754728 -188.292419 -211.419403
v -51.334164 -189.082336 -208.833328
v -21.342901 -188.070663 -211.005951
v -14.676308 -187.059402 -211.066437
v -59.434414 -187.724030 -210.469589
v -83.392967 -186.935272 -210.135101
v -91.131668 -183.696655 -211.001938
v -103.752640 -163.555405 -210.694565
v 43.980068 -151.360367 -211.114548
v -106.599892 -152.836777 -210.727158
v 45.348671 -148.387405 -211.854691
v 44.111771 -144.986679 -211.779800
v 41.434303 -141.171280 -211.762726
v 9.521854 -135.562668 -211.220062
v 34.261765 -136.074371 -211.800446
v 4.668758 -135.728592 -211.347397
v 27.039576 -134.853668 -211.509720
v -17.727501 -128.726349 -210.491211
v -24.187782 -122.588112 -211.302582
v -85.023697 -122.105240 -210.267853
v -41.542358 -118.969894 -211.825363
v -42.488075 -120.112869 -210.469009
v -69.417542 -120.288467 -210.450363
v -50.359173 -119.768135 -210.242813
v -54.031265 -119.041306 -210.868179
v 1.291475 -191.915665 -211.015839
v -41.311333 -190.795166 -210.680862
v -41.311333 -190.795166 -210.680862
v -6.655233 -186.461349 -209.100220
v 7.332209 -188.584305 -210.579651
v -28.936567 -189.858139 -209.712692
v -24.678013 -188.931534 -210.777985
v -74.596581 -186.203995 -209.276871
v -73.935509 -186.556702 -210.631485
v -68.518661 -186.445633 -210.126999
v -16.334187 -183.969269 -208.963135
v 12.549906 -181.261963 -210.038956
v -96.238869 -175.451324 -210.258102
v 20.377253 -175.805649 -211.150253
v 16.896505 -177.232498 -210.570572
v 25.934452 -168.157730 -210.531052
v -100.914589 -167.723450 -210.253876
v 28.171608 -166.021088 -210.484238
v 35.400284 -160.345856 -210.403900
v -104.793747 -158.237839 -210.037552
v 40.050678 -155.279373 -209.709564
v -103.670341 -148.793304 -208.912003
v 37.214062 -148.599289 -208.622849
v 34.143681 -145.315689 -208.940033
v 5.022398 -137.682739 -209.558243
v 25.569357 -141.517380 -209.129303
v 20.783981 -135.879318 -210.691757
v 15.049306 -136.282059 -210.404541
v -100.564064 -134.250046 -209.556839
v -12.936901 -132.276855 -209.868546
v -23.846579 -124.915306 -210.051163
v -93.694801 -125.478554 -209.634811
v -79.156685 -121.564682 -210.149597
v -46.771103 -120.613052 -209.733322
v -34.636646 -121.562279 -209.315399
v -38.061668 -190.874252 -209.934570
v 1.765695 -189.783661 -210.238190
v -41.930080 -190.463211 -209.457031
v -41.930080 -190.463211 -209.457031
v 6.949646 -186.549255 -209.955826
v -29.409807 -189.088196 -207.988617
v 4.129578 -184.660751 -208.707550
v -63.006481 -186.411728 -208.302170
v -19.020420 -183.747040 -208.311707
v -23.962872 -185.543884 -207.730911
v -12.269134 -184.186981 -209.070587
v -82.620468 -185.863251 -208.647568
v -84.959000 -184.015610 -207.897934
v 11.595832 -176.839661 -208.508560
v 20.411140 -170.502838 -210.267273
v 17.142027 -174.724136 -210.183533
v 20.887989 -166.277985 -208.943863
v 31.625269 -160.891754 -208.949661
v -103.913551 -155.906296 -209.095551
v 18.771723 -139.944901 -208.961319
v 15.222298 -136.827118 -210.077362
v -1.989782 -136.460754 -210.070694
v -6.255014 -135.478210 -209.854462
v -97.362297 -127.719551 -209.863266
v -89.267487 -125.094070 -209.397232
v -27.981627 -122.852562 -209.046570
v -75.395287 -122.577950 -209.601654
v -60.348515 -121.792328 -209.372070
v -44.961006 -189.423386 -206.937973
v -44.961006 -189.423386 -206.937973
v -37.257488 -190.130249 -208.058136
v -32.380558 -190.080460 -208.329422
v -1.649567 -186.546967 -208.757858
v -57.354671 -187.313126 -207.925049
v -77.742233 -185.907028 -208.342712
v -88.438774 -180.210815 -207.562302
v -92.225494 -172.908798 -205.897552
v 17.601082 -169.239990 -209.068527
v -96.613937 -165.022308 -205.501678
v 27.260401 -161.555389 -208.334686
v 35.228630 -156.479263 -208.626801
v 37.120609 -155.266739 -208.601746
v 39.021057 -151.378479 -208.744400
v -98.857246 -142.332993 -206.341690
v -98.553047 -138.887924 -207.050858
v 5.372081 -141.141388 -207.922791
v 13.085032 -138.577591 -209.036850
v -0.753517 -138.744263 -208.543610
v -4.266716 -137.418579 -208.762299
v -11.201558 -135.754166 -207.732498
v -95.890846 -132.475571 -208.106537
v -16.850073 -132.940781 -207.751434
v -19.617073 -131.401230 -207.728104
v -27.270273 -126.022415 -208.184174
v -76.797783 -126.120804 -207.810089
v -52.648338 -122.978004 -208.449203
v -40.164375 -123.825165 -207.859436
v -64.903503 -124.199715 -208.509155
v -52.436825 -188.101685 -206.893188
v -29.324862 -186.776108 -205.818604
v -73.191223 -185.562973 -208.013443
v -67.771713 -185.646790 -207.950912
v -61.635174 -185.548645 -206.367386
v -79.742996 -184.687408 -207.217331
v 0.258411 -183.971802 -208.156082
v -5.987964 -182.611542 -207.731812
v -10.690205 -180.079254 -207.260910
v 7.965997 -179.655106 -208.137390
v -13.823315 -179.963089 -207.234604
v 1.948772 -180.967209 -207.359039
v 7.581513 -177.233917 -207.376144
v 10.556557 -173.928604 -207.474564
v 13.769456 -170.392853 -207.585846
v 13.088743 -167.759796 -206.215866
v 18.471334 -166.336136 -208.113770
v 20.281990 -163.138824 -207.050735
v 23.640228 -161.666229 -207.484772
v -97.884560 -162.075897 -205.351166
v 27.502405 -157.412064 -207.422394
v 25.028236 -159.606277 -207.292389
v 33.235271 -153.007034 -207.303375
v 35.735676 -151.682098 -208.151932
v 33.232197 -148.283142 -208.219101
v 27.534658 -145.627350 -208.262970
v 29.842142 -148.886337 -207.617493
v 20.330166 -144.282806 -207.893555
v 13.583199 -141.827621 -207.938309
v 21.196735 -145.943939 -207.553482
v 9.529776 -141.940277 -207.771271
v 0.675207 -142.452576 -207.153854
v -6.115189 -140.356842 -206.644150
v -91.133446 -130.371170 -207.669662
v -86.418198 -129.503967 -207.258331
v -72.221359 -127.928085 -206.840622
v -68.447243 -126.939262 -207.321991
v -61.816975 -126.801872 -207.169617
v -32.844498 -127.668488 -207.096298
v -33.530754 -123.971886 -207.847839
v -48.677055 -125.142616 -207.418869
v -44.029671 -123.632683 -207.768341
v -32.564545 -188.891891 -206.708878
v -29.200933 -185.154968 -204.773926
v -24.483774 -184.470825 -206.823441
v -72.217422 -184.424240 -206.737976
v -66.604973 -184.292770 -206.046768
v -81.936386 -183.596802 -206.858719
v -19.056486 -180.022079 -206.757568
v -7.989806 -180.389297 -207.420044
v -5.308822 -178.010269 -207.250076
v -1.400984 -177.044388 -207.495956
v -0.147583 -175.585739 -207.400589
v 8.404616 -174.485260 -207.390656
v -5.378008 -175.937408 -206.557861
v -0.672035 -173.463165 -206.611603
v 4.450670 -172.641708 -206.616745
v 10.626020 -169.956833 -206.412338
v 16.489223 -164.123077 -205.963013
v -100.422676 -155.775101 -206.209381
v 23.698788 -152.860825 -207.453842
v 20.609531 -158.761322 -206.011078
v -99.722504 -152.486023 -205.747711
v 29.512506 -150.326523 -207.370056
v 18.732710 -148.431076 -207.327271
v 13.513221 -145.711090 -207.232422
v 7.233861 -146.785995 -206.479980
v -7.524013 -144.125656 -205.128494
v -13.168635 -137.849960 -206.221207
v -20.908447 -134.045090 -206.458084
v -28.101156 -128.942886 -207.000351
v -59.186863 -129.090576 -206.074661
v -53.115303 -128.426956 -206.077286
v -42.750290 -129.728928 -205.932327
v -38.063725 -188.367752 -205.707413
v -51.212620 -187.194199 -205.033875
v -34.014782 -186.290955 -204.046967
v -24.470503 -181.672653 -205.510452
v -77.881882 -179.642502 -204.762817
v -20.446260 -179.086258 -206.098190
v -86.867958 -177.096268 -205.439835
v -10.099526 -175.659622 -206.233322
v -17.038860 -176.776688 -206.156830
v -3.810329 -172.780045 -206.272049
v 0.919038 -170.729614 -206.281006
v 5.163539 -169.896866 -206.171768
v 18.949778 -160.838699 -205.703690
v 18.279026 -151.564026 -206.524963
v 15.671774 -152.682678 -205.955200
v 11.442124 -150.268677 -205.969467
v 1.024693 -150.153702 -204.999634
v -90.865509 -137.001434 -205.123337
v -94.050270 -142.051468 -204.490448
v -19.483664 -137.284500 -205.581100
v -86.935783 -133.981888 -205.463898
v -26.334833 -134.751831 -205.566849
v -80.743347 -135.200577 -204.204193
v -76.971710 -136.180298 -203.513931
v -72.674156 -133.658279 -204.521713
v -69.399216 -134.164780 -204.036392
v -48.847607 -130.212143 -205.502625
v -48.085182 -185.903885 -203.178818
v -48.085182 -185.903885 -203.178818
v -59.053391 -183.739838 -203.608627
v -71.153061 -181.547867 -204.904266
v -66.218872 -182.123138 -204.219345
v -21.168005 -175.641724 -204.999756
v -15.921014 -171.714157 -204.717911
v -19.058926 -169.454010 -203.648453
v -9.258755 -170.380539 -204.715622
v -0.702029 -165.751144 -204.649673
v 3.300254 -163.248489 -204.258392
v 10.765352 -164.117752 -204.486877
v 13.451634 -163.565063 -204.598221
v 15.112511 -162.212387 -204.604416
v 15.959846 -158.903748 -204.535522
v -95.919342 -158.475677 -203.826752
v 15.057160 -156.550781 -204.724243
v 4.551468 -153.136307 -204.583542
v -95.965828 -146.062836 -204.365860
v -3.306297 -148.961487 -204.671310
v -14.982939 -141.415268 -204.765076
v -35.713852 -135.468887 -204.718079
v -58.311829 -131.538345 -205.089249
v -56.503773 -136.866425 -203.348862
v -59.042286 -134.551437 -203.897598
v -39.531605 -185.688156 -203.016769
v -33.916309 -183.856186 -202.451889
v -28.089008 -181.095688 -203.302872
v -72.380310 -177.133026 -202.679993
v -25.209892 -174.265518 -202.765869
v -78.312645 -174.233627 -202.140015
v -87.790726 -167.897659 -202.083511
v -10.264081 -169.437683 -204.375977
v -12.416326 -168.623154 -204.104324
v -91.100304 -166.709305 -203.108902
v -15.136908 -166.806290 -203.380798
v -3.371174 -164.831863 -204.216141
v -9.660398 -166.357086 -203.493790
v -1.829389 -162.182068 -203.557098
v 13.282137 -159.966125 -204.167511
v 10.379648 -159.754410 -203.288467
v -1.078319 -154.676971 -203.700562
v 9.067610 -157.403183 -203.639374
v -95.745094 -153.583328 -203.681076
v -93.493225 -148.981079 -202.926132
v -2.301288 -155.295853 -203.394119
v -6.499373 -150.863815 -203.557755
v -12.982859 -147.119293 -203.604630
v -18.980228 -145.360458 -203.447220
v -17.096220 -143.251190 -204.210266
v -31.378933 -138.997894 -204.204224
v -26.675497 -142.751114 -203.461670
v -90.603546 -140.723282 -203.791489
v -41.957142 -138.743347 -203.548004
v -46.479019 -135.502075 -204.195923
v -48.663586 -137.379852 -203.567398
v -59.256184 -137.774826 -202.882889
v -55.094505 -182.850449 -201.763016
v -31.142511 -181.073105 -201.866867
v -67.840744 -177.148605 -201.665802
v -84.020721 -171.934387 -202.439087
v -22.425617 -170.855591 -203.065765
v -19.411409 -167.909119 -203.374100
v -21.179382 -166.177887 -202.569519
v -17.870970 -163.956818 -203.451385
v -7.741057 -164.316452 -203.353470
v -4.068275 -160.043304 -203.414841
v -90.635551 -162.241501 -202.019165
v -18.131170 -158.015503 -203.440765
v -0.604534 -160.493927 -203.369858
v -19.061356 -161.702713 -203.107117
v 3.696150 -160.188202 -203.373245
v 3.425503 -157.235107 -203.402939
v -22.370283 -151.611206 -203.447739
v -20.942465 -156.390045 -203.205872
v -6.105503 -152.667282 -203.381348
v -25.876768 -154.986176 -202.340622
v -26.357752 -149.701782 -203.391739
v -15.175346 -148.379303 -203.364517
v -26.900227 -145.037521 -203.399261
v -30.913929 -146.236710 -203.412170
v -89.224342 -148.123978 -201.589676
v -36.173672 -144.114883 -203.337219
v -45.613148 -143.370728 -202.671097
v -37.242859 -146.730194 -202.528549
v -42.600159 -142.284546 -203.249527
v -41.232052 -141.700272 -203.383224
v -34.581543 -140.748230 -203.485718
v -86.718941 -144.993179 -201.577988
v -83.573608 -138.998901 -202.808258
v -49.410492 -139.746643 -203.276886
v -72.294792 -137.343643 -203.032043
v -47.179134 -182.575485 -200.432312
v -38.262257 -181.077164 -200.353607
v -59.282852 -180.556046 -201.121429
v -35.830143 -178.738281 -199.832962
v -71.413948 -173.994110 -201.136246
v -24.041803 -167.844772 -201.828735
v -23.430927 -162.954193 -201.937241
v -91.043251 -156.375687 -201.748871
v -24.201910 -160.423035 -201.919632
v -27.084724 -156.098389 -201.906540
v -32.321644 -152.216843 -201.852722
v -38.847931 -149.436432 -201.753815
v -42.725456 -147.699509 -201.863449
v -46.133827 -146.274216 -202.061035
v -52.620838 -143.767075 -201.882355
v -82.633308 -142.336990 -201.541641
v -60.587231 -142.981873 -201.215012
v -74.425064 -140.358566 -201.908203
v -64.805443 -140.107910 -201.915298
v -42.868683 -178.959549 -198.342834
v -50.068325 -179.091476 -198.501678
v -31.502403 -175.240601 -199.860519
v -30.423525 -171.845291 -199.069092
v -77.071838 -170.435410 -200.732346
v -81.903610 -166.683792 -200.604630
v -26.212576 -165.813187 -200.401306
v -85.189865 -162.073669 -200.479019
v -88.713554 -155.078583 -201.159683
v -30.902761 -162.441147 -199.066162
v -85.905266 -154.042999 -200.363892
v -34.830826 -157.795959 -199.366196
v -86.909447 -148.414536 -201.169144
v -84.316772 -148.460861 -200.328079
v -83.127121 -144.742905 -201.182465
v -49.594776 -147.226379 -201.104980
v -79.938339 -146.421402 -200.408386
v -78.642822 -144.179047 -201.092865
v -70.944374 -144.779861 -200.429031
v -64.884964 -172.397339 -199.200104
v -74.008080 -169.814911 -200.244431
v -68.602898 -168.981171 -198.965393
v -29.097897 -168.472656 -198.723724
v -79.113113 -164.692993 -200.241089
v -82.663300 -159.621674 -200.336639
v -28.720284 -165.839279 -199.095795
v -79.909157 -159.539154 -199.607834
v -79.903305 -156.452560 -199.525940
v -82.413918 -155.705109 -200.415359
v -77.162148 -151.192642 -199.456146
v -40.257839 -155.471756 -199.137421
v -78.516159 -149.125580 -200.452759
v -47.600624 -152.900070 -199.066223
v -70.529282 -147.188492 -199.663025
v -55.686703 -148.247818 -199.870743
v -46.078918 -176.947510 -197.068085
v -55.064472 -173.380264 -197.111343
v -50.913578 -175.838242 -196.935120
v -74.943924 -164.173569 -199.267441
v -77.541237 -159.467270 -199.225891
v -75.999512 -153.317657 -199.278412
v -75.078964 -156.928177 -198.471451
v -70.544106 -149.191498 -199.310623
v -73.110466 -153.629425 -198.396515
v -53.256641 -154.360962 -197.833878
v -67.570450 -150.398438 -198.613083
v -63.219021 -150.633621 -198.512085
v -38.398243 -176.114456 -197.848831
v -34.114464 -172.694855 -197.756989
v -60.606579 -169.734360 -197.636124
v -31.554022 -168.508987 -197.644409
v -67.823952 -162.974915 -197.503906
v -72.690834 -161.474319 -198.346069
v -35.379593 -163.607864 -197.600052
v -33.532490 -166.920181 -197.608002
v -72.017616 -155.695282 -198.260590
v -41.961864 -159.310272 -197.740128
v -64.689384 -154.334732 -197.397171
v -66.525665 -152.719299 -198.214127
v -59.656700 -153.227356 -197.618195
v -43.241329 -175.391785 -196.602707
v -38.279118 -171.696182 -196.392151
v -35.433105 -170.613541 -197.171814
v -40.909550 -165.930618 -196.533096
v -39.082268 -164.277863 -197.201889
v -63.339592 -162.347504 -197.183914
v -63.264568 -158.660660 -197.421280
v -46.694527 -160.233047 -197.195602
v -69.363976 -157.254868 -197.311905
v -61.189533 -161.417862 -196.466522
v -55.319939 -156.036896 -197.272598
v -49.288090 -161.750427 -196.499466
v -60.247868 -159.566772 -196.303589
v -59.404652 -155.408463 -197.363754
v -58.181396 -158.402893 -196.386444
v -47.812397 -171.967560 -195.460907
v -45.447510 -174.185318 -196.287552
v -41.565395 -170.672272 -196.135941
v -51.168896 -168.835388 -195.347183
v -44.943733 -171.010025 -195.364273
v -54.039787 -168.737457 -196.076782
v -56.986382 -167.090988 -196.406311
v -46.618809 -165.990860 -196.208786
v -55.850021 -165.769012 -196.380020
v -50.288727 -167.180634 -195.331238
v -49.976021 -164.631699 -196.229187
vn 0.2884 -0.0323 -0.9570
vn -0.2062 -0.1054 -0.9728
vn 0.0694 0.1008 -0.9925
vn -0.4173 -0.2647 -0.8694
vn 0.1451 -0.3759 -0.9152
vn -0.3000 -0.5052 -0.8092
vn 0.5551 -0.1776 -0.8126
vn -0.5163 0.0314 -0.8558
vn 0.5927 0.1707 -0.7871
vn -0.0133 0.3105 -0.9505
vn -0.2889 0.2409 -0.9266
vn 0.3773 0.3661 -0.8506
vn 0.2028 -0.5948 -0.7779
vn -0.2047 -0.6061 -0.7686
vn 0.5679 -0.4548 -0.6860
vn -0.5825 -0.3839 -0.7165
vn -0.6883 -0.1133 -0.7165
vn 0.7672 -0.0031 -0.6414
vn 0.8022 0.1886 -0.5665
vn 0.6912 0.3537 -0.6302
vn -0.0147 0.4345 -0.9006
vn 0.2314 0.4985 -0.8354
vn 0.7934 -0.2247 -0.5657
vn 0.8593 -0.1175 -0.4977
vn -0.7423 -0.2804 -0.6086
vn -0.7443 -0.0144 -0.6677
vn -0.6329 0.1999 -0.7480
vn -0.3815 0.3013 -0.8739
vn 0.5309 0.4667 -0.7073
vn -0.0224 0.4819 -0.8759
vn -0.5093 -0.5523 -0.6599
vn -0.6995 -0.4224 -0.5765
vn 0.8744 0.0575 -0.4817
vn -0.8149 -0.2048 -0.5422
vn 0.7757 0.3491 -0.5257
vn -0.6806 -0.4669 -0.5646
vn -0.7013 0.2275 -0.6756
vn -0.3620 0.4062 -0.8390
vn 0.4641 0.5099 -0.7242
vn 0.7169 0.4465 -0.5354
vn -0.3707 -0.6349 -0.6779
vn 0.2870 -0.6050 -0.7427
vn 0.7861 -0.3048 -0.5377
vn 0.8703 0.2077 -0.4465
vn 0.9062 0.0466 -0.4204
vn -0.8463 -0.0898 -0.5251
vn -0.8279 0.1339 -0.5447
vn -0.1030 0.6160 -0.7810
vn 0.2551 0.6092 -0.7509
vn -0.0820 -0.6583 -0.7483
vn -0.6276 -0.5331 -0.5673
vn 0.5993 -0.4581 -0.6565
vn -0.7581 -0.3889 -0.5235
vn -0.8128 -0.2773 -0.5123
vn -0.4990 0.4771 -0.7235
vn -0.5207 -0.6338 -0.5720
vn 0.8825 -0.1173 -0.4555
vn 0.5755 0.5450 -0.6098
vn -0.7343 0.3410 -0.5870
vn -0.8902 0.0151 -0.4554
vn -0.4635 0.5695 -0.6788
vn 0.2120 -0.5990 -0.7722
vn -0.1749 -0.6668 -0.7244
vn 0.4518 -0.4903 -0.7453
vn 0.6633 -0.3293 -0.6721
vn 0.7916 -0.2165 -0.5714
vn -0.7554 -0.4506 -0.4757
vn -0.8306 -0.2785 -0.4823
vn -0.8684 -0.1649 -0.4676
vn 0.8052 0.3974 -0.4401
vn 0.4294 0.6929 -0.5792
vn 0.6602 0.5884 -0.4668
vn -0.1603 0.6566 -0.7370
vn 0.1879 0.7347 -0.6519
vn -0.7255 -0.5336 -0.4346
vn 0.9012 -0.0143 -0.4331
vn -0.8833 0.1921 -0.4277
vn -0.3056 -0.7368 -0.6031
vn 0.5530 -0.4406 -0.7072
vn 0.8453 -0.1180 -0.5211
vn -0.8390 -0.3578 -0.4099
vn -0.8839 -0.0521 -0.4648
vn 0.8897 0.2316 -0.3934
vn 0.7443 0.5056 -0.4363
vn -0.7467 0.3856 -0.5420
vn 0.6203 0.6604 -0.4232
vn 0.2183 0.7058 -0.6740
vn 0.0746 -0.6928 -0.7172
vn 0.3627 -0.5878 -0.7231
vn 0.7379 -0.2656 -0.6205
vn 0.9119 0.1224 -0.3918
vn -0.9134 0.0746 -0.4002
vn -0.5057 0.5250 -0.6846
vn 0.5405 0.6657 -0.5144
vn -0.1572 -0.7787 -0.6074
vn -0.5282 -0.6993 -0.4817
vn -0.6920 -0.5762 -0.4350
vn 0.7800 0.5210 -0.3467
vn 0.7096 0.6139 -0.3459
vn -0.7392 0.3908 -0.5486
vn 0.1138 -0.7294 -0.6746
vn -0.8965 -0.1117 -0.4287
vn -0.9258 0.0019 -0.3780
vn -0.8801 0.2702 -0.3903
vn 0.7185 0.5987 -0.3541
vn 0.3974 0.6572 -0.6404
vn 0.0050 0.6773 -0.7356
vn 0.3266 -0.6422 -0.6935
vn 0.5013 -0.5295 -0.6843
vn 0.6760 -0.3698 -0.6374
vn 0.7862 -0.2344 -0.5718
vn -0.7856 -0.4660 -0.4071
vn -0.9047 -0.2341 -0.3559
vn 0.7288 0.5988 -0.3322
vn -0.4705 0.5471 -0.6923
vn -0.1261 -0.7457 -0.6543
vn -0.4066 -0.7430 -0.5317
vn 0.8914 0.0446 -0.4511
vn 0.9166 0.0983 -0.3874
vn -0.9333 -0.1360 -0.3323
vn 0.8579 0.3642 -0.3624
vn 0.1869 -0.6876 -0.7016
vn 0.5575 -0.5004 -0.6624
vn -0.9284 0.1456 -0.3418
vn 0.7478 0.5679 -0.3439
vn -0.8521 0.2983 -0.4300
vn -0.7175 0.4481 -0.5333
vn -0.4179 0.6410 -0.6439
vn -0.3554 -0.6852 -0.6357
vn -0.6217 -0.5705 -0.5367
vn 0.7274 -0.3388 -0.5967
vn 0.8549 -0.1111 -0.5067
vn -0.8659 -0.3544 -0.3530
vn 0.7493 0.5265 -0.4016
vn 0.5847 0.5895 -0.5573
vn -0.1012 0.7229 -0.6835
vn 0.0973 -0.6632 -0.7421
vn -0.5355 -0.6105 -0.5836
vn 0.8327 -0.1817 -0.5230
vn -0.7053 -0.5104 -0.4920
vn 0.8184 0.4491 -0.3585
vn -0.9002 0.2307 -0.3694
vn 0.2429 0.6992 -0.6723
vn 0.7563 -0.2152 -0.6178
vn 0.9171 0.0369 -0.3969
vn 0.9190 0.0854 -0.3848
vn -0.9497 -0.1509 -0.2745
vn 0.9055 0.1859 -0.3815
vn -0.9662 0.0056 -0.2578
vn 0.7017 0.6121 -0.3645
vn 0.7388 0.4660 -0.4869
vn 0.3950 0.6406 -0.6584
vn -0.1448 -0.6700 -0.7281
vn 0.3515 -0.6096 -0.7105
vn 0.4885 -0.4706 -0.7348
vn 0.8942 -0.1231 -0.4303
vn 0.8957 0.1183 -0.4285
vn -0.9756 -0.1104 -0.1897
vn 0.8677 0.2962 -0.3992
vn -0.9466 0.1473 -0.2869
vn 0.7200 0.5713 -0.3939
vn -0.8667 0.2624 -0.4242
vn 0.7520 0.4525 -0.4793
vn -0.8100 0.3660 -0.4583
vn -0.6552 0.5361 -0.5323
vn -0.3386 -0.6520 -0.6785
vn -0.9105 -0.2710 -0.3123
vn -0.9178 0.1883 -0.3495
vn 0.0216 0.7006 -0.7132
vn 0.2349 -0.5460 -0.8042
vn 0.6159 -0.3334 -0.7138
vn -0.7683 -0.4767 -0.4272
vn -0.8520 -0.3809 -0.3593
vn 0.7045 0.5243 -0.4784
vn 0.6090 0.5268 -0.5930
vn -0.3477 0.6802 -0.6453
vn 0.0706 -0.5688 -0.8194
vn -0.5105 -0.6149 -0.6011
vn -0.7018 -0.5561 -0.4452
vn 0.9173 -0.0249 -0.3974
vn -0.9735 -0.1796 -0.1418
vn 0.8649 0.1070 -0.4903
vn -0.9875 -0.0914 -0.1281
vn -0.8982 0.2416 -0.3672
vn -0.8236 0.3701 -0.4299
vn 0.5355 -0.3139 -0.7840
vn 0.8069 -0.0016 -0.5906
vn -0.9391 -0.2337 -0.2518
vn -0.9917 -0.0407 -0.1216
vn 0.7055 0.5032 -0.4991
vn -0.5171 0.5876 -0.6223
vn 0.3374 0.5607 -0.7562
vn -0.1749 -0.6266 -0.7595
vn 0.8371 0.2310 -0.4959
vn -0.9639 0.1504 -0.2198
vn -0.3571 0.5999 -0.7160
vn -0.0197 0.5646 -0.8252
vn 0.2918 -0.3812 -0.8772
vn 0.6240 -0.1917 -0.7576
vn 0.4788 -0.2397 -0.8446
vn 0.7296 -0.0402 -0.6827
vn 0.9080 -0.0104 -0.4189
vn -0.9146 -0.3052 -0.2653
vn 0.8674 0.0268 -0.4969
vn -0.9928 -0.0988 -0.0683
vn -0.9817 0.0736 -0.1754
vn 0.7333 0.3931 -0.5547
vn 0.6844 0.5149 -0.5162
vn 0.7181 0.4071 -0.5645
vn -0.7812 0.4903 -0.3864
vn 0.5603 0.4289 -0.7086
vn -0.0013 -0.5206 -0.8538
vn -0.4503 -0.6927 -0.5634
vn -0.6365 -0.6202 -0.4586
vn -0.8364 -0.4728 -0.2774
vn -0.8730 -0.4447 -0.2002
vn -0.8713 -0.4232 -0.2486
vn 0.8633 0.0491 -0.5024
vn -0.9622 -0.2368 -0.1346
vn 0.8302 0.0800 -0.5517
vn 0.7311 0.2799 -0.6222
vn -0.9520 0.1896 -0.2404
vn 0.6762 0.4976 -0.5433
vn -0.8907 0.3792 -0.2508
vn 0.2338 0.4402 -0.8669
vn -0.2828 -0.6741 -0.6824
vn 0.6189 -0.1333 -0.7741
vn -0.9389 -0.3165 -0.1354
vn 0.7614 0.0870 -0.6424
vn 0.7629 0.1874 -0.6188
vn -0.9958 -0.0413 -0.0812
vn -0.9816 -0.0352 -0.1877
vn -0.9396 0.2598 -0.2227
vn 0.7446 0.3548 -0.5654
vn 0.7054 0.2863 -0.6483
vn 0.4687 0.2925 -0.8335
vn 0.6289 0.2395 -0.7397
vn 0.1023 -0.5043 -0.8575
vn 0.3424 -0.3474 -0.8730
vn -0.6334 -0.7039 -0.3214
vn 0.8047 0.0606 -0.5906
vn -0.8034 -0.5419 -0.2469
vn 0.8004 0.0273 -0.5988
vn 0.8099 -0.0367 -0.5854
vn -0.9884 -0.1115 -0.1029
vn -0.9680 0.1525 -0.1995
vn -0.6473 0.5764 -0.4988
vn -0.5607 0.5682 -0.6023
vn -0.1357 0.5202 -0.8432
vn -0.1360 -0.7112 -0.6897
vn -0.3086 -0.7764 -0.5495
vn -0.4801 -0.7447 -0.4636
vn 0.5166 -0.2654 -0.8141
vn -0.7372 -0.6399 -0.2169
vn -0.7817 -0.5881 -0.2078
vn 0.8100 0.0310 -0.5857
vn 0.7402 -0.0016 -0.6724
vn 0.6627 0.5037 -0.5541
vn -0.9542 0.2362 -0.1838
vn -0.9313 0.3290 -0.1565
vn 0.6292 0.1156 -0.7686
vn 0.2150 0.3905 -0.8951
vn 0.1078 -0.6707 -0.7338
vn 0.4822 -0.4607 -0.7451
vn -0.5852 -0.7303 -0.3525
vn 0.7138 -0.1946 -0.6728
vn 0.7991 -0.0494 -0.5992
vn -0.9880 -0.1260 -0.0894
vn 0.7513 0.1180 -0.6493
vn 0.7445 0.4215 -0.5177
vn 0.7069 0.1442 -0.6925
vn -0.8284 0.4711 -0.3031
vn 0.4415 0.2162 -0.8708
vn -0.2435 0.5771 -0.7795
vn 0.8580 0.0484 -0.5114
vn -0.8426 -0.5260 -0.1156
vn -0.9083 -0.4101 -0.0826
vn -0.9598 -0.2638 -0.0957
vn -0.9731 -0.2037 -0.1081
vn 0.7308 -0.0268 -0.6821
vn -0.9864 -0.1301 -0.1002
vn 0.7629 0.2461 -0.5979
vn -0.9912 -0.0763 -0.1079
vn 0.7164 0.3391 -0.6097
vn -0.9815 0.0567 -0.1826
vn -0.7559 0.4908 -0.4333
vn -0.5465 0.5573 -0.6252
vn 0.1091 0.5300 -0.8410
vn -0.0778 -0.8282 -0.5549
vn 0.2958 -0.7240 -0.6231
vn 0.5854 -0.5761 -0.5704
vn -0.7346 -0.6506 -0.1925
vn 0.8918 -0.0701 -0.4469
vn -0.9160 -0.3863 -0.1078
vn 0.7530 0.0104 -0.6579
vn -0.9855 -0.0979 -0.1385
vn 0.7088 0.4745 -0.5220
vn 0.6813 0.5543 -0.4781
vn -0.9327 0.3205 -0.1655
vn 0.8193 0.2240 -0.5278
vn -0.9113 0.3672 -0.1864
vn 0.5453 0.1765 -0.8194
vn 0.3570 0.3845 -0.8513
vn 0.8232 -0.2831 -0.4922
vn 0.8907 -0.0261 -0.4539
vn 0.8383 -0.0104 -0.5452
vn 0.7948 -0.0241 -0.6063
vn 0.7615 -0.0478 -0.6463
vn -0.9768 -0.1198 -0.1778
vn 0.6715 0.5630 -0.4819
vn -0.9341 0.2618 -0.2426
vn 0.7696 0.0713 -0.6346
vn 0.7603 0.0450 -0.6480
vn 0.6645 0.1278 -0.7362
vn 0.5080 0.2791 -0.8149
vn -0.0964 0.5672 -0.8179
vn -0.6296 -0.7107 -0.3138
vn -0.8720 -0.4846 -0.0696
vn 0.8004 -0.0158 -0.5993
vn 0.8194 0.1570 -0.5512
vn 0.7785 0.3785 -0.5006
vn -0.9554 0.1614 -0.2474
vn -0.8621 0.4236 -0.2781
vn -0.7777 0.5560 -0.2934
vn -0.6617 0.5920 -0.4600
vn 0.3131 0.4062 -0.8585
vn -0.5288 -0.7652 -0.3671
vn -0.3888 -0.8173 -0.4253
vn 0.8576 -0.3550 -0.3722
vn 0.8121 0.0501 -0.5813
vn -0.9822 -0.0418 -0.1833
vn 0.5824 0.3117 -0.7507
vn -0.5310 0.6727 -0.5153
vn -0.6725 -0.6809 -0.2901
vn 0.9527 -0.1393 -0.2700
vn -0.7994 -0.5910 -0.1079
vn 0.7502 -0.0503 -0.6593
vn 0.7826 0.0385 -0.6213
vn 0.8145 0.2758 -0.5104
vn 0.6776 0.5701 -0.4647
vn 0.7043 0.4319 -0.5634
vn 0.8723 0.0503 -0.4864
vn 0.8455 -0.0139 -0.5338
vn -0.8666 0.4489 -0.2180
vn 0.7450 0.1577 -0.6482
vn 0.3981 0.4783 -0.7828
vn -0.4234 0.6754 -0.6038
vn 0.1240 0.5582 -0.8204
vn -0.1922 0.7052 -0.6825
vn -0.1965 -0.8730 -0.4465
vn 0.1186 -0.8519 -0.5100
vn 0.4985 -0.7132 -0.4927
vn 0.7497 -0.5289 -0.3979
vn 0.9594 -0.1832 -0.2146
vn -0.8722 -0.4835 -0.0740
vn 0.7889 -0.1659 -0.5917
vn 0.7228 -0.0470 -0.6895
vn 0.7084 -0.0169 -0.7056
vn -0.9604 -0.2042 -0.1897
vn 0.8047 0.1637 -0.5706
vn 0.7820 0.3482 -0.5169
vn 0.7517 0.4494 -0.4828
vn 0.6631 0.5238 -0.5348
vn 0.8091 0.2716 -0.5212
vn -0.9087 0.3472 -0.2317
vn 0.8570 0.1297 -0.4987
vn -0.6637 0.6983 -0.2680
vn 0.0828 0.6689 -0.7387
vn -0.2145 0.7730 -0.5970
vn 0.8488 -0.4164 -0.3257
vn 0.9250 -0.1045 -0.3653
vn 0.8823 -0.1170 -0.4559
vn -0.8993 -0.4297 -0.0818
vn 0.6537 0.0091 -0.7567
vn -0.9597 -0.1681 -0.2253
vn 0.6026 0.5315 -0.5953
vn -0.9068 0.3398 -0.2496
vn 0.5919 0.3225 -0.7387
vn 0.3574 0.5291 -0.7696
vn 0.6894 -0.6040 -0.3999
vn 0.9356 -0.3033 -0.1804
vn 0.6945 -0.1169 -0.7099
vn 0.7220 0.0921 -0.6857
vn -0.9727 0.0213 -0.2312
vn -0.9443 0.2448 -0.2199
vn 0.8140 0.0035 -0.5809
vn -0.8856 0.4170 -0.2045
vn 0.7151 0.1703 -0.6780
vn -0.5154 0.7700 -0.3762
vn 0.8576 -0.4406 -0.2652
vn -0.7064 -0.6807 -0.1940
vn -0.7576 -0.6432 -0.1111
vn -0.7666 -0.6281 -0.1334
vn -0.7892 -0.6025 -0.1189
vn 0.9210 -0.2272 -0.3164
vn -0.8431 -0.5270 -0.1071
vn 0.6226 0.0092 -0.7825
vn -0.9322 -0.3053 -0.1943
vn -0.9714 -0.1050 -0.2130
vn 0.7452 0.2470 -0.6194
vn -0.9771 0.0750 -0.1992
vn 0.6067 0.4614 -0.6473
vn 0.7822 -0.0553 -0.6206
vn 0.7733 0.0377 -0.6329
vn -0.8162 0.5432 -0.1967
vn -0.7627 0.6185 -0.1891
vn 0.5482 0.3078 -0.7777
vn -0.5437 0.7499 -0.3770
vn 0.9823 -0.1803 -0.0500
vn 0.9685 -0.2269 -0.1028
vn 0.9531 -0.2279 -0.1993
vn 0.8511 -0.2887 -0.4384
vn 0.7328 -0.1264 -0.6686
vn -0.9178 -0.3013 -0.2587
vn 0.7573 0.0782 -0.6484
vn 0.7867 0.1233 -0.6049
vn -0.9576 -0.1605 -0.2393
vn 0.7219 0.1974 -0.6632
vn 0.6641 0.3988 -0.6323
vn 0.7006 0.1626 -0.6948
vn -0.6893 0.7072 -0.1573
vn 0.1468 0.6427 -0.7519
vn 0.4304 0.4841 -0.7619
vn -0.5259 -0.7969 -0.2974
vn 0.8838 -0.3748 -0.2802
vn 0.9562 -0.2705 -0.1117
vn 0.8461 -0.1963 -0.4955
vn 0.8551 0.0286 -0.5177
vn -0.9013 -0.3815 -0.2052
vn 0.6533 0.2941 -0.6977
vn -0.9152 0.3328 -0.2275
vn -0.9157 0.3552 -0.1881
vn 0.6849 -0.0024 -0.7286
vn 0.7001 0.1813 -0.6906
vn -0.3739 0.8239 -0.4259
vn -0.1019 0.8032 -0.5869
vn 0.0016 -0.8748 -0.4845
vn -0.3017 -0.8642 -0.4026
vn 0.3372 -0.7861 -0.5180
vn -0.6176 -0.7543 -0.2227
vn -0.7899 -0.5947 -0.1498
vn 0.8841 -0.2700 -0.3813
vn 0.6334 0.2041 -0.7464
vn -0.9801 -0.0401 -0.1945
vn 0.5928 0.4413 -0.6737
vn -0.9081 0.3761 -0.1842
vn 0.7553 0.0752 -0.6510
vn 0.5861 0.4699 -0.6600
vn 0.3610 0.6639 -0.6549
vn 0.0859 0.8547 -0.5120
vn -0.7877 -0.6078 -0.1003
vn 0.6417 0.0937 -0.7613
vn 0.5417 0.3706 -0.7545
vn 0.5476 0.4092 -0.7298
vn 0.5942 0.2563 -0.7624
vn 0.6934 0.0116 -0.7204
vn 0.7094 -0.5366 -0.4569
vn 0.9177 -0.3654 -0.1558
vn 0.8822 -0.3865 -0.2690
vn 0.8710 -0.3479 -0.3469
vn -0.8528 -0.5000 -0.1507
vn -0.8712 -0.4518 -0.1918
vn 0.9292 -0.1329 -0.3449
vn 0.8911 0.0240 -0.4531
vn 0.8266 -0.0249 -0.5623
vn 0.6794 0.0601 -0.7313
vn 0.5855 0.0867 -0.8060
vn 0.5335 0.2467 -0.8090
vn -0.9692 0.1950 -0.1505
vn -0.9485 0.2877 -0.1327
vn 0.6020 0.1159 -0.7900
vn -0.8672 0.4583 -0.1949
vn 0.7769 0.1764 -0.6045
vn 0.7115 0.3160 -0.6276
vn -0.5805 0.8020 -0.1411
vn -0.1973 0.9209 -0.3362
vn 0.3225 0.7752 -0.5432
vn -0.6143 -0.7722 -0.1620
vn -0.7122 -0.6940 -0.1056
vn 0.9830 -0.1095 -0.1476
vn 0.9947 -0.0973 -0.0331
vn 0.9521 -0.0169 -0.3052
vn -0.9740 -0.1232 -0.1902
vn 0.4176 0.3669 -0.8312
vn 0.6151 0.0845 -0.7839
vn -0.7232 0.6691 -0.1711
vn -0.3969 0.8925 -0.2142
vn 0.5602 0.5715 -0.5997
vn -0.4910 -0.8227 -0.2866
vn 0.9269 -0.2082 -0.3124
vn 0.9887 -0.1494 -0.0117
vn 0.9597 -0.2760 -0.0527
vn -0.8359 -0.4963 -0.2343
vn 0.8915 -0.2856 -0.3516
vn 0.7502 -0.1479 -0.6444
vn 0.4534 0.3848 -0.8040
vn -0.9136 0.3706 -0.1673
vn 0.7870 0.2140 -0.5787
vn 0.4560 0.6685 -0.5875
vn -0.1923 -0.8870 -0.4198
vn 0.1544 -0.8524 -0.4996
vn 0.5446 -0.6744 -0.4986
vn 0.8442 -0.4313 -0.3184
vn -0.7156 -0.6930 -0.0872
vn -0.7962 -0.5672 -0.2107
vn -0.9315 -0.3068 -0.1955
vn 0.8575 -0.1475 -0.4929
vn 0.4345 0.2320 -0.8703
vn -0.9802 0.1164 -0.1603
vn 0.4779 0.2978 -0.8264
vn -0.9186 0.3302 -0.2170
vn 0.5253 0.1876 -0.8300
vn -0.8940 0.3773 -0.2417
vn -0.9132 0.3776 -0.1534
vn 0.6437 0.0599 -0.7630
vn 0.7268 0.0751 -0.6827
vn -0.7146 0.6667 -0.2116
vn -0.7504 -0.6540 -0.0958
vn 0.8298 -0.5077 -0.2318
vn 0.8588 -0.4024 -0.3171
vn -0.8816 -0.4272 -0.2005
vn -0.8887 -0.4093 -0.2067
vn 0.9303 -0.1128 -0.3489
vn 0.9255 -0.0690 -0.3725
vn -0.9349 -0.2449 -0.2570
vn 0.8399 -0.1322 -0.5264
vn 0.6378 -0.1601 -0.7534
vn 0.5696 -0.0416 -0.8209
vn 0.4583 0.1357 -0.8784
vn -0.9869 0.0352 -0.1576
vn -0.9543 0.2381 -0.1806
vn 0.5979 0.1586 -0.7857
vn -0.8743 0.4300 -0.2253
vn -0.7918 0.5718 -0.2147
vn 0.7667 0.1461 -0.6252
vn -0.6391 0.7459 -0.1877
vn -0.5982 0.7834 -0.1690
vn 0.5861 0.5039 -0.6344
vn -0.5423 0.8173 -0.1947
vn -0.0824 0.9189 -0.3857
vn 0.8904 -0.4369 -0.1276
vn 0.3719 0.2369 -0.8976
vn 0.3565 0.3614 -0.8616
vn 0.5248 0.1972 -0.8281
vn 0.6934 0.1378 -0.7073
vn 0.7057 0.3039 -0.6401
vn -0.3991 0.8842 -0.2429
vn 0.2776 -0.8819 -0.3810
vn -0.4142 -0.8683 -0.2729
vn 0.9910 0.0134 -0.1333
vn 0.9985 0.0394 -0.0371
vn -0.7365 -0.6699 -0.0938
vn 0.8186 -0.5276 -0.2271
vn -0.8542 -0.4781 -0.2042
vn 0.6572 -0.3192 -0.6828
vn 0.4971 -0.2079 -0.8424
vn 0.4877 -0.0167 -0.8729
vn -0.9927 -0.0295 -0.1167
vn 0.4226 0.1408 -0.8953
vn -0.9880 0.0233 -0.1529
vn 0.3748 0.3116 -0.8732
vn 0.4788 0.2379 -0.8451
vn 0.2461 0.8006 -0.5464
vn -0.1059 -0.9515 -0.2887
vn 0.9801 -0.1678 -0.1057
vn 0.9883 -0.1523 0.0016
vn -0.7536 -0.6407 -0.1466
vn 0.8972 -0.3623 -0.2527
vn 0.9173 -0.2443 -0.3144
vn -0.9705 -0.1972 -0.1389
vn 0.4631 0.1421 -0.8749
vn 0.4219 0.3206 -0.8481
vn 0.3002 0.3447 -0.8894
vn 0.3509 0.3761 -0.8576
vn -0.8835 0.3748 -0.2811
vn 0.6090 0.1873 -0.7707
vn -0.7897 0.5488 -0.2742
vn 0.7154 0.1683 -0.6782
vn -0.6545 0.7049 -0.2733
vn 0.7118 0.1844 -0.6777
vn 0.4063 0.6842 -0.6056
vn -0.5595 -0.8250 -0.0795
vn -0.6619 -0.7483 -0.0438
vn 0.9168 -0.1666 -0.3630
vn -0.9059 -0.4108 -0.1031
vn 0.7865 -0.2715 -0.5548
vn 0.5211 -0.3558 -0.7758
vn -0.9887 0.0828 -0.1252
vn 0.4211 0.4657 -0.7783
vn 0.4807 0.3185 -0.8170
vn 0.6882 0.1883 -0.7006
vn -0.7267 0.6400 -0.2496
vn -0.4113 0.8696 -0.2731
vn 0.0289 0.9102 -0.4131
vn -0.2307 0.9336 -0.2743
vn -0.4122 -0.8930 -0.1808
vn 0.6259 -0.7311 -0.2714
vn -0.7229 -0.6893 -0.0470
vn 0.9433 -0.3318 -0.0084
vn 0.8244 -0.5560 -0.1057
vn -0.7888 -0.5909 -0.1693
vn 0.8792 -0.4568 -0.1355
vn 0.9195 -0.3505 -0.1778
vn 0.9359 -0.2740 -0.2215
vn -0.9449 -0.3091 -0.1079
vn 0.6466 -0.4156 -0.6396
vn 0.4294 -0.0143 -0.9030
vn -0.9631 0.1937 -0.1869
vn 0.4501 0.4582 -0.7664
vn 0.4866 0.2107 -0.8479
vn 0.4757 0.2038 -0.8557
vn 0.5274 0.2155 -0.8218
vn 0.5890 0.3061 -0.7479
vn 0.4765 0.5245 -0.7056
vn 0.2561 0.8359 -0.4855
vn -0.1312 -0.9911 -0.0240
vn 0.2122 -0.9688 -0.1280
vn 0.9110 -0.4101 -0.0429
vn -0.8934 -0.4451 -0.0605
vn -0.9164 -0.3992 -0.0304
vn 0.8500 -0.2461 -0.4657
vn -0.9829 -0.1471 -0.1108
vn -0.9895 -0.0720 -0.1254
vn 0.3663 -0.3135 -0.8761
vn 0.3519 -0.1515 -0.9237
vn 0.4621 0.3447 -0.8171
vn -0.9153 0.3072 -0.2606
vn -0.8745 0.3609 -0.3240
vn 0.5952 0.1697 -0.7855
vn -0.5958 0.7183 -0.3592
vn -0.5266 0.7762 -0.3468
vn 0.0402 0.9424 -0.3320
vn -0.4073 -0.9132 -0.0108
vn 0.6433 -0.7594 -0.0970
vn 0.9957 0.0697 0.0609
vn 0.8721 -0.4792 -0.0991
vn 0.7636 -0.4052 -0.5027
vn 0.4016 -0.4173 -0.8152
vn 0.4416 0.2741 -0.8543
vn 0.4922 0.2093 -0.8450
vn 0.4539 0.4682 -0.7582
vn 0.4802 0.1881 -0.8567
vn -0.6324 0.6551 -0.4134
vn 0.5649 0.1753 -0.8063
vn 0.7413 -0.6573 0.1358
vn 0.9867 -0.1301 0.0979
vn -0.7375 -0.6610 -0.1384
vn -0.7824 -0.6164 -0.0890
vn -0.8339 -0.5495 -0.0514
vn -0.9683 -0.2444 -0.0517
vn 0.3340 -0.1679 -0.9275
vn -0.9967 -0.0377 -0.0718
vn 0.4478 0.0164 -0.8940
vn -0.9950 0.0183 -0.0984
vn 0.4571 0.4308 -0.7781
vn 0.4715 0.3584 -0.8058
vn 0.4642 0.2246 -0.8568
vn -0.8212 0.4561 -0.3430
vn 0.3937 0.1762 -0.9022
vn 0.4684 0.1735 -0.8663
vn 0.2793 0.7499 -0.5997
vn 0.3658 -0.9229 0.1203
vn 0.9371 -0.2852 0.2011
vn 0.9883 -0.0409 0.1472
vn -0.6484 -0.7608 -0.0282
vn 0.9925 0.0413 0.1148
vn -0.6866 -0.7159 -0.1266
vn 0.8498 -0.5253 0.0427
vn -0.7493 -0.6494 -0.1299
vn 0.8568 -0.5152 0.0211
vn 0.9232 -0.3713 -0.0991
vn 0.9095 -0.2992 -0.2886
vn -0.9246 -0.3809 -0.0084
vn 0.6115 -0.5314 -0.5862
vn -0.9952 -0.0910 -0.0359
vn 0.4045 -0.5008 -0.7652
vn 0.3579 -0.4123 -0.8378
vn 0.4899 -0.1745 -0.8541
vn 0.4589 0.4310 -0.7770
vn 0.4166 0.1363 -0.8988
vn 0.3767 0.1739 -0.9099
vn 0.4431 0.1719 -0.8799
vn -0.0356 -0.9915 0.1252
vn 0.9744 0.0279 0.2232
vn 0.9065 -0.4218 -0.0209
vn -0.9829 -0.1799 -0.0403
vn 0.4676 -0.6286 -0.6215
vn 0.3630 -0.6084 -0.7058
vn 0.4633 -0.5065 -0.7272
vn 0.6171 0.1170 -0.7781
vn -0.9943 -0.0777 -0.0732
vn 0.5180 0.4153 -0.7478
vn -0.9657 0.1878 -0.1790
vn 0.4805 0.2724 -0.8336
vn -0.9230 0.2736 -0.2705
vn 0.3957 0.1999 -0.8964
vn -0.7191 0.5844 -0.3761
vn 0.4121 0.3020 -0.8596
vn -0.4576 0.7961 -0.3960
vn -0.3822 0.8652 -0.3246
vn -0.2868 0.9060 -0.3112
vn 0.3408 0.5118 -0.7886
vn -0.1199 0.9539 -0.2751
vn -0.2393 -0.9616 0.1341
vn -0.4814 -0.8761 0.0256
vn 0.9614 -0.0300 0.2735
vn -0.6741 -0.7339 -0.0835
vn -0.7141 -0.6821 -0.1577
vn 0.9370 -0.3173 0.1461
vn 0.8567 -0.3676 -0.3620
vn 0.5542 -0.3530 -0.7538
vn 0.6899 -0.1317 -0.7118
vn 0.4675 0.4806 -0.7419
vn 0.4841 0.1546 -0.8612
vn -0.8552 0.3992 -0.3305
vn 0.4213 0.1510 -0.8943
vn -0.7590 0.5126 -0.4015
vn 0.1477 0.9091 -0.3895
vn 0.0295 0.9446 -0.3269
vn 0.4126 -0.8766 0.2478
vn 0.7465 -0.5918 0.3042
vn 0.8648 -0.4663 0.1863
vn -0.8973 -0.4409 -0.0226
vn 0.8926 -0.4301 -0.1350
vn -0.9525 -0.3041 0.0133
vn 0.6615 -0.6138 -0.4309
vn 0.4001 -0.7109 -0.5784
vn 0.6343 -0.4665 -0.6165
vn -0.9908 -0.1293 -0.0407
vn -0.9959 -0.0718 -0.0559
vn 0.6429 0.3440 -0.6843
vn -0.9853 0.1220 -0.1200
vn 0.4877 0.0663 -0.8705
vn 0.4362 0.1995 -0.8774
vn -0.5392 0.6346 -0.5537
vn 0.4539 0.2143 -0.8649
vn 0.3830 0.3556 -0.8525
vn 0.2588 0.6869 -0.6791
vn 0.1481 0.8631 -0.4828
vn 0.9689 -0.0603 0.2400
vn 0.8468 -0.5062 0.1632
vn 0.8773 -0.4634 0.1247
vn 0.8863 -0.4017 -0.2304
vn 0.7761 -0.5339 -0.3355
vn -0.9758 -0.2186 -0.0037
vn 0.5296 -0.6535 -0.5409
vn 0.3930 -0.7921 -0.4670
vn 0.5029 -0.6713 -0.5444
vn 0.4896 0.3777 -0.7859
vn 0.5804 0.0712 -0.8112
vn 0.5524 0.0677 -0.8308
vn 0.5055 0.2318 -0.8311
vn -0.6343 0.5482 -0.5451
vn -0.5009 0.6641 -0.5550
vn 0.3795 0.5644 -0.7331
vn -0.0349 0.9359 -0.3505
vn 0.1002 -0.9669 0.2346
vn -0.6436 -0.7584 -0.1029
vn -0.6803 -0.7193 -0.1406
vn 0.9433 -0.1623 0.2894
vn -0.7933 -0.6041 -0.0761
vn -0.7755 -0.6288 -0.0558
vn 0.8159 -0.5296 0.2320
vn 0.8691 -0.4947 -0.0032
vn -0.9118 -0.4107 0.0002
vn -0.9201 -0.3902 -0.0350
vn 0.5076 -0.7584 -0.4089
vn -0.9779 -0.2090 0.0006
vn 0.4109 -0.8009 -0.4356
vn 0.8181 0.0237 -0.5746
vn 0.7317 0.1995 -0.6517
vn 0.5323 0.4706 -0.7037
vn -0.9945 0.0605 -0.0854
vn 0.4859 0.4356 -0.7577
vn -0.8258 0.4438 -0.3479
vn -0.7735 0.5107 -0.3753
vn 0.5187 0.2344 -0.8222
vn -0.4387 0.7075 -0.5540
vn -0.3814 0.8347 -0.3973
vn 0.2743 0.8084 -0.5208
vn -0.1722 0.9296 -0.3260
vn -0.5720 -0.8194 -0.0385
vn 0.9205 -0.2390 0.3090
vn 0.9502 0.0081 0.3116
vn -0.7369 -0.6621 -0.1363
vn 0.8939 -0.3455 0.2855
vn 0.8296 -0.5101 0.2272
vn 0.8526 -0.5075 -0.1245
vn -0.9911 -0.0814 -0.1056
vn 0.7461 -0.4353 -0.5038
vn 0.8274 -0.1953 -0.5265
vn -0.9949 0.0087 -0.1005
vn 0.5378 0.2219 -0.8133
vn -0.8708 0.3643 -0.3302
vn 0.5378 0.1149 -0.8352
vn 0.4800 0.2179 -0.8498
vn -0.5013 0.6637 -0.5551
vn 0.5199 0.3756 -0.7672
vn -0.0367 0.9413 -0.3355
vn 0.0694 0.9270 -0.3686
vn 0.1666 -0.3957 -0.9032
vn -0.1287 -0.4500 -0.8837
vn -0.1373 -0.0556 -0.9890
vn 0.2552 0.0136 -0.9668
vn 0.1529 -0.5644 -0.8112
vn -0.3764 -0.1058 -0.9204
vn 0.1751 0.0583 -0.9828
vn -0.1431 0.3907 -0.9093
vn 0.2868 0.3232 -0.9018
vn 0.4707 -0.8565 0.2118
vn 0.9658 0.0352 0.2571
vn 0.8567 -0.4394 0.2703
vn -0.8449 -0.5327 -0.0488
vn 0.8669 -0.4802 0.1340
vn -0.9338 -0.3569 0.0270
vn 0.8700 -0.4593 -0.1793
vn 0.6058 -0.6597 -0.4448
vn -0.9904 -0.0912 -0.1039
vn 0.5812 0.4300 -0.6909
vn -0.9681 0.1119 -0.2241
vn 0.4594 0.2753 -0.8445
vn -0.9127 0.2515 -0.3220
vn -0.6611 0.5890 -0.4648
vn -0.3048 0.8942 -0.3278
vn 0.0489 -0.7231 -0.6890
vn -0.3025 -0.6111 -0.7315
vn 0.2746 -0.3410 -0.8991
vn -0.4256 0.4050 -0.8092
vn 0.3785 0.3761 -0.8457
vn -0.2026 0.6924 -0.6924
vn 0.0999 0.6182 -0.7796
vn -0.1762 -0.9828 0.0559
vn -0.6190 -0.7851 -0.0236
vn 0.8456 -0.3299 -0.4196
vn 0.8064 0.3323 -0.4891
vn 0.7321 0.4280 -0.5300
vn 0.5257 0.3821 -0.7601
vn 0.4831 0.2931 -0.8250
vn 0.4694 0.0917 -0.8782
vn 0.5144 0.2445 -0.8219
vn -0.4940 0.7984 -0.3444
vn 0.4529 0.7045 -0.5464
vn 0.1040 0.9402 -0.3245
vn -0.0689 -0.8704 -0.4875
vn 0.0838 -0.8826 -0.4626
vn -0.3025 -0.7748 -0.5551
vn 0.2363 -0.8428 -0.4835
vn 0.4316 -0.8029 -0.4111
vn -0.4494 -0.4600 -0.7658
vn -0.5134 0.0667 -0.8556
vn 0.4805 0.0919 -0.8722
vn 0.2720 0.6334 -0.7244
vn 0.7573 -0.6246 0.1907
vn 0.9637 -0.2192 0.1524
vn 0.9574 -0.0886 0.2747
vn -0.7855 -0.6173 -0.0448
vn 0.8042 -0.5187 0.2901
vn 0.8048 -0.5895 0.0689
vn 0.8047 -0.5889 -0.0756
vn 0.6783 -0.6523 -0.3382
vn 0.7893 -0.4858 -0.3755
vn 0.8851 0.1072 -0.4528
vn -0.9674 0.0411 -0.2501
vn 0.7001 0.3898 -0.5982
vn 0.4368 0.0468 -0.8983
vn 0.4360 0.1742 -0.8829
vn -0.6484 0.7243 -0.2346
vn 0.5589 0.3045 -0.7713
vn 0.5677 0.5235 -0.6354
vn 0.3067 0.8929 -0.3296
vn -0.1624 0.9633 -0.2138
vn 0.5096 -0.5632 -0.6505
vn -0.4390 0.4982 -0.7477
vn -0.3170 0.6531 -0.6878
vn 0.3197 0.5735 -0.7542
vn 0.0462 0.7635 -0.6442
vn -0.4418 -0.8966 0.0300
vn -0.7389 -0.6715 -0.0557
vn -0.7636 -0.6448 -0.0328
vn 0.8526 -0.4663 0.2360
vn 0.8164 -0.5332 0.2218
vn 0.7268 -0.5904 -0.3511
vn 0.5929 -0.7176 -0.3654
vn 0.4456 -0.8379 -0.3151
vn 0.5281 -0.8026 -0.2774
vn -0.9932 -0.0893 -0.0744
vn -0.9781 -0.0370 -0.2046
vn -0.8479 0.4558 -0.2708
vn -0.8296 0.5181 -0.2082
vn 0.5253 0.3335 -0.7829
vn -0.7878 0.6023 -0.1286
vn -0.4353 0.8823 -0.1789
vn 0.5025 0.7622 -0.4081
vn -0.2722 0.9515 -0.1433
vn -0.3708 0.9187 -0.1356
vn -0.0870 0.9768 -0.1956
vn -0.1763 -0.9428 -0.2830
vn -0.0567 -0.9739 -0.2198
vn -0.4769 -0.0566 -0.8771
vn 0.5576 -0.3136 -0.7686
vn -0.4074 0.3108 -0.8588
vn 0.4571 0.3169 -0.8310
vn 0.1554 -0.9761 0.1519
vn 0.9852 0.0997 0.1392
vn -0.6770 -0.7360 -0.0074
vn 0.9336 -0.3269 0.1466
vn 0.7771 -0.6091 0.1584
vn 0.7650 -0.6174 -0.1830
vn 0.7868 -0.5604 -0.2585
vn -0.9596 -0.2783 0.0422
vn 0.4774 -0.8292 -0.2908
vn 0.8777 0.2387 -0.4156
vn 0.9198 0.0343 -0.3909
vn -0.9478 0.0632 -0.3126
vn 0.6321 0.2499 -0.7335
vn -0.9324 0.1279 -0.3382
vn 0.4497 0.1014 -0.8874
vn 0.4743 0.0789 -0.8768
vn 0.5334 0.1924 -0.8237
vn -0.8388 0.5010 -0.2133
vn 0.5304 0.3019 -0.7922
vn -0.8112 0.5795 -0.0781
vn 0.5833 0.4344 -0.6863
vn -0.6306 0.7760 0.0110
vn -0.5279 0.8487 -0.0305
vn 0.5315 0.7577 -0.3786
vn 0.1853 0.9505 -0.2494
vn 0.0941 -0.9836 -0.1541
vn 0.2763 -0.9527 -0.1262
vn -0.2038 -0.8926 -0.4022
vn -0.3374 -0.5681 -0.7506
vn -0.1580 0.6978 -0.6986
vn -0.3356 -0.9419 -0.0131
vn 0.9686 -0.2285 -0.0976
vn 0.8493 -0.5201 0.0899
vn -0.8210 -0.5704 -0.0239
vn -0.8738 -0.4859 -0.0198
vn 0.5998 -0.7226 -0.3436
vn -0.9842 -0.1772 -0.0009
vn -0.9907 -0.1300 -0.0390
vn -0.9910 -0.1228 -0.0525
vn 0.9042 -0.2052 -0.3745
vn 0.7822 0.3428 -0.5202
vn 0.5935 0.0904 -0.7997
vn 0.6155 0.0578 -0.7860
vn -0.8891 0.3891 -0.2411
vn 0.5931 0.6312 -0.4998
vn -0.4494 0.8855 0.1178
vn -0.3224 0.9400 0.1119
vn 0.0265 0.9683 -0.2483
vn 0.3809 -0.9180 -0.1107
vn 0.4897 -0.7708 -0.4075
vn -0.3632 -0.0964 -0.9267
vn 0.5181 -0.7181 -0.4647
vn 0.5093 -0.3551 -0.7839
vn -0.3167 0.2141 -0.9241
vn 0.3807 0.1911 -0.9048
vn -0.3016 0.4993 -0.8123
vn 0.2275 0.6928 -0.6843
vn -0.0426 0.3299 -0.9431
vn 0.2519 0.3667 -0.8956
vn -0.0501 -0.1554 -0.9866
vn 0.2836 -0.9558 -0.0775
vn -0.5095 -0.8595 -0.0405
vn 0.9750 0.1837 -0.1250
vn 0.9833 0.1818 -0.0121
vn 0.9935 -0.1130 -0.0121
vn 0.9029 -0.4222 0.0805
vn -0.9179 -0.3965 0.0152
vn 0.7296 -0.6831 -0.0336
vn -0.9402 -0.3403 0.0155
vn 0.6852 -0.7244 -0.0764
vn 0.6173 -0.7646 -0.1852
vn 0.7986 -0.5341 -0.2775
vn 0.8022 0.3218 -0.5028
vn -0.9699 0.0068 -0.2434
vn 0.7208 0.2409 -0.6499
vn -0.9356 0.2480 -0.2511
vn 0.6231 0.1782 -0.7615
vn 0.6845 0.3298 -0.6501
vn -0.7340 0.6690 0.1172
vn -0.5691 0.7975 0.2001
vn -0.3928 0.9045 0.1663
vn 0.4623 0.8518 -0.2464
vn -0.0266 0.9776 -0.2086
vn -0.0827 -0.9941 -0.0703
vn -0.2284 0.4106 -0.8828
vn -0.2354 -0.5756 -0.7831
vn 0.0590 -0.6372 -0.7684
vn 0.2325 -0.2803 -0.9313
vn -0.5033 -0.2562 -0.8253
vn 0.3620 0.2106 -0.9081
vn -0.2277 0.4900 -0.8414
vn -0.3867 0.2335 -0.8922
vn 0.2073 0.5721 -0.7936
vn -0.2060 0.6185 -0.7583
vn 0.0637 0.6774 -0.7329
vn -0.0189 0.5858 -0.8102
vn 0.7063 -0.6311 -0.3206
vn 0.8460 -0.1516 -0.5111
vn -0.6672 -0.7447 0.0189
vn -0.7440 -0.6663 0.0490
vn 0.8183 -0.5745 0.0171
vn 0.7019 -0.6784 -0.2169
vn 0.7567 -0.5795 -0.3027
vn 0.4622 -0.8677 -0.1829
vn 0.8640 -0.4166 -0.2826
vn 0.9679 -0.0594 -0.2444
vn -0.9955 -0.0736 -0.0603
vn -0.9940 -0.0763 -0.0782
vn -0.9624 0.0212 -0.2708
vn -0.9648 0.0988 -0.2435
vn 0.6615 0.1461 -0.7356
vn 0.6882 0.1308 -0.7137
vn 0.7407 0.1729 -0.6492
vn -0.8068 0.5730 -0.1441
vn -0.8204 0.5688 -0.0586
vn 0.6899 0.4368 -0.5772
vn 0.6516 0.4885 -0.5803
vn -0.6321 0.7232 0.2782
vn 0.6395 0.5921 -0.4903
vn 0.5943 0.7415 -0.3113
vn -0.4913 0.8131 0.3123
vn 0.3745 0.9088 -0.1839
vn 0.2685 0.9521 -0.1462
vn -0.1957 0.9802 0.0298
vn -0.1264 -0.9864 -0.1051
vn 0.2798 -0.9597 0.0245
vn -0.3332 -0.2416 -0.9114
vn 0.4745 -0.6845 -0.5535
vn 0.4394 -0.3648 -0.8209
vn 0.2605 0.2179 -0.9406
vn 0.1905 -0.4740 -0.8597
vn 0.2311 0.4306 -0.8724
vn -0.0787 -0.7736 -0.6288
vn -0.3265 -0.7739 -0.5427
vn 0.3171 -0.0831 -0.9447
vn -0.5264 -0.6066 -0.5958
vn -0.4932 0.2527 -0.8324
vn -0.0512 0.5714 -0.8191
vn -0.1801 0.6228 -0.7614
vn -0.7085 -0.7053 -0.0227
vn -0.7838 -0.6209 -0.0132
vn 0.8731 -0.4875 -0.0065
vn 0.7526 -0.6583 -0.0140
vn 0.7434 -0.6234 -0.2421
vn 0.6101 -0.7638 -0.2108
vn -0.9927 -0.1199 -0.0109
vn 0.9250 -0.3239 -0.1988
vn 0.7909 0.3162 -0.5238
vn 0.7752 0.3810 -0.5039
vn -0.7527 0.6521 0.0907
vn -0.2683 0.9416 0.2037
vn 0.0862 0.9869 -0.1367
vn -0.1285 0.9874 0.0921
vn -0.0173 0.9995 -0.0280
vn 0.1149 -0.9933 0.0106
vn -0.2226 -0.7476 -0.6257
vn -0.3766 -0.5777 -0.7242
vn 0.4437 -0.8880 -0.1211
vn -0.4485 -0.1840 -0.8746
vn 0.4482 -0.8426 -0.2985
vn -0.4065 0.1274 -0.9047
vn -0.2472 0.3151 -0.9163
vn -0.3935 -0.8746 -0.2832
vn -0.2239 -0.8871 -0.4037
vn 0.1105 -0.6010 -0.7916
vn 0.2435 -0.2332 -0.9414
vn 0.3249 0.1629 -0.9316
vn -0.5502 -0.7491 -0.3689
vn -0.6524 -0.3382 -0.6782
vn 0.3722 0.2745 -0.8866
vn 0.3032 0.1768 -0.9364
vn -0.4639 0.1787 -0.8677
vn -0.1329 0.4908 -0.8611
vn 0.3397 0.5105 -0.7900
vn 0.2300 0.6254 -0.7457
vn 0.1048 0.6825 -0.7233
vn -0.1626 -0.9648 -0.2065
vn 0.0920 -0.9387 -0.3322
vn 0.3663 -0.7122 -0.5988
vn 0.8110 0.2227 -0.5410
vn 0.9178 0.1961 -0.3452
vn 0.9504 -0.0102 -0.3108
vn 0.9605 -0.2154 -0.1764
vn -0.7601 -0.6494 0.0210
vn -0.8895 -0.4474 0.0927
vn 0.7538 -0.6492 -0.1011
vn 0.5567 -0.8264 -0.0847
vn 0.5340 -0.8443 -0.0446
vn 0.6853 -0.7234 -0.0846
vn -0.9954 -0.0036 -0.0961
vn 0.7740 0.2197 -0.5939
vn 0.7863 0.2075 -0.5819
vn -0.7894 0.6135 -0.0227
vn -0.6563 0.7145 0.2423
vn 0.7096 0.5975 -0.3734
vn 0.7637 0.5038 -0.4036
vn -0.5299 0.7470 0.4014
vn 0.1904 0.9772 -0.0939
vn -0.0821 -0.9408 -0.3290
vn 0.4990 -0.7494 -0.4352
vn -0.1731 -0.9056 -0.3872
vn -0.0525 -0.7919 -0.6084
vn 0.5733 -0.5168 -0.6358
vn 0.0873 -0.5630 -0.8218
vn 0.2389 -0.1236 -0.9632
vn -0.3432 0.3466 -0.8730
vn 0.5431 -0.1217 -0.8308
vn 0.1830 0.4674 -0.8649
vn 0.4100 0.4553 -0.7903
vn 0.1756 0.5116 -0.8411
vn 0.1243 0.5664 -0.8147
vn 0.1035 0.5781 -0.8093
vn -0.1360 0.4856 -0.8635
vn 0.1135 0.5938 -0.7966
vn -0.1293 0.5891 -0.7977
vn -0.3253 -0.9343 -0.1459
vn 0.4589 -0.2083 -0.8637
vn -0.7091 -0.7051 -0.0009
vn 0.8941 -0.4067 -0.1878
vn 0.8480 -0.5012 -0.1725
vn 0.8325 -0.5133 -0.2085
vn 0.6794 -0.7329 -0.0366
vn 0.5283 -0.8491 0.0004
vn -0.9804 -0.1967 -0.0113
vn 0.5803 -0.8078 0.1030
vn -0.9863 -0.1615 0.0330
vn 0.8339 -0.5500 -0.0456
vn 0.9271 -0.3718 0.0470
vn 0.9152 0.1581 -0.3706
vn 0.7676 0.1750 -0.6166
vn 0.7293 0.1700 -0.6627
vn -0.8542 0.5071 -0.1152
vn -0.3961 0.8017 0.4475
vn -0.3366 0.8621 0.3789
vn 0.5030 0.8531 -0.1384
vn 0.1972 -0.9751 0.1014
vn -0.0582 -0.9897 -0.1306
vn 0.3492 -0.9241 0.1549
vn -0.6035 -0.0311 -0.7968
vn 0.0189 -0.6233 -0.7817
vn -0.2398 -0.9416 -0.2362
vn -0.4774 0.2770 -0.8339
vn 0.6776 -0.5296 -0.5103
vn 0.2800 0.2521 -0.9263
vn -0.6526 -0.6096 -0.4500
vn 0.3303 0.4061 -0.8520
vn -0.2200 0.4381 -0.8716
vn 0.6579 -0.0470 -0.7517
vn -0.5834 -0.3215 -0.7458
vn -0.3128 -0.1598 -0.9363
vn 0.0098 0.1592 -0.9872
vn 0.0867 -0.3051 -0.9484
vn 0.5098 0.2470 -0.8241
vn 0.7919 0.2790 -0.5431
vn -0.7203 -0.6934 0.0182
vn 0.9023 -0.2920 -0.3171
vn 0.9360 -0.1503 -0.3184
vn -0.8154 -0.5789 0.0016
vn 0.8004 -0.5721 -0.1788
vn 0.6624 -0.7487 -0.0260
vn -0.9577 -0.2876 -0.0039
vn 0.6948 -0.7187 -0.0279
vn -0.9922 -0.1224 -0.0218
vn -0.9881 -0.1456 -0.0494
vn 0.9751 -0.1884 0.1167
vn 0.9986 0.0113 -0.0526
vn -0.9965 -0.0839 -0.0035
vn -0.9884 0.1317 -0.0754
vn 0.8075 0.4526 -0.3782
vn -0.5398 0.7599 0.3622
vn -0.4488 0.7713 0.4513
vn -0.4430 0.7509 0.4898
vn -0.2757 0.8220 0.4982
vn 0.2144 0.9761 0.0347
vn -0.2021 0.9137 0.3526
vn 0.0881 0.9933 0.0753
vn -0.0787 0.9677 0.2396
vn 0.0737 -0.9888 -0.1294
vn -0.2397 -0.8764 -0.4178
vn 0.3116 -0.9373 0.1563
vn -0.5938 -0.3972 -0.6997
vn 0.3862 -0.9224 -0.0106
vn -0.0980 -0.8684 -0.4862
vn 0.4066 -0.9101 -0.0803
vn -0.0013 -0.6695 -0.7428
vn 0.1719 -0.2724 -0.9467
vn 0.1654 -0.1590 -0.9733
vn 0.5648 -0.7845 -0.2558
vn 0.2314 0.0355 -0.9722
vn -0.5852 0.1827 -0.7900
vn 0.3737 0.3333 -0.8656
vn -0.2802 0.4140 -0.8661
vn 0.3211 0.4792 -0.8168
vn 0.3376 0.5152 -0.7878
vn 0.2182 0.4995 -0.8384
vn -0.4665 -0.6203 -0.6306
vn -0.1136 -0.7112 -0.6937
vn 0.2887 0.5804 -0.7614
vn 0.1445 0.5333 -0.8335
vn 0.1024 0.5471 -0.8308
vn -0.0503 0.4678 -0.8824
vn 0.0168 0.6800 -0.7330
vn -0.6296 -0.7719 -0.0882
vn 0.5747 0.3958 -0.7163
vn 0.6278 0.4396 -0.6424
vn 0.8792 -0.1415 -0.4549
vn 0.8425 -0.3997 -0.3610
vn -0.8586 -0.5127 -0.0057
vn -0.9084 -0.4179 0.0107
vn 0.7700 -0.6232 -0.1368
vn -0.9209 -0.3898 -0.0042
vn 0.7685 -0.6395 -0.0200
vn 0.5925 -0.8018 0.0778
vn 0.7687 -0.5733 0.2836
vn 0.6294 -0.7551 0.1835
vn -0.9969 -0.0746 -0.0238
vn 0.9320 0.1149 -0.3437
vn -0.9988 -0.0490 -0.0086
vn 0.8208 0.1531 -0.5503
vn -0.9673 0.2510 -0.0356
vn 0.8482 0.2117 -0.4855
vn -0.9086 0.4166 0.0278
vn -0.8115 0.5799 0.0720
vn 0.8336 0.4187 -0.3604
vn -0.7254 0.6763 0.1284
vn 0.8075 0.5372 -0.2437
vn -0.3354 0.7668 0.5473
vn 0.3257 0.9450 -0.0300
vn -0.0884 -0.9955 0.0327
vn -0.4931 -0.7707 -0.4035
vn 0.2432 -0.3377 -0.9093
vn 0.4210 0.0803 -0.9035
vn 0.4473 -0.2590 -0.8561
vn -0.4937 -0.8572 -0.1468
vn 0.7566 -0.4556 -0.4690
vn 0.5355 0.3058 -0.7872
vn 0.6957 -0.2289 -0.6809
vn -0.5590 -0.7972 -0.2281
vn -0.3532 0.3702 -0.8592
vn 0.2094 0.5342 -0.8190
vn -0.3397 -0.8626 -0.3749
vn -0.1853 0.4204 -0.8882
vn -0.1347 0.4591 -0.8781
vn 0.1389 0.5267 -0.8386
vn 0.0772 0.4672 -0.8808
vn 0.3049 0.5618 -0.7691
vn 0.8281 0.0765 -0.5553
vn -0.7816 -0.6238 -0.0001
vn -0.7784 -0.6275 -0.0170
vn -0.9387 -0.3436 -0.0280
vn 0.9981 0.0044 -0.0614
vn 0.9326 0.1097 -0.3439
vn -0.9948 0.0916 0.0455
vn 0.8344 0.2975 -0.4639
vn 0.8270 0.5395 -0.1582
vn 0.7393 0.6333 -0.2288
vn -0.3472 0.8030 0.4843
vn -0.3097 0.7627 0.5678
vn 0.4020 0.9149 -0.0362
vn -0.2170 0.8342 0.5069
vn -0.0873 0.9179 0.3871
vn 0.0304 0.9650 0.2606
vn 0.0753 -0.9840 -0.1617
vn -0.1446 -0.9818 -0.1229
vn 0.0492 -0.9959 0.0762
vn 0.0575 -0.9983 -0.0028
vn 0.3669 -0.9055 0.2130
vn 0.3376 -0.6704 -0.6607
vn 0.0426 -0.5724 -0.8188
vn 0.2939 -0.2885 -0.9112
vn -0.2343 -0.9231 -0.3049
vn -0.0222 -0.6058 -0.7953
vn 0.3058 -0.9403 0.1493
vn -0.2110 -0.9544 -0.2111
vn -0.7119 -0.1010 -0.6950
vn 0.4959 -0.8680 -0.0263
vn -0.3666 -0.9183 -0.1494
vn 0.6606 -0.7215 -0.2075
vn -0.4592 -0.8485 -0.2632
vn -0.4220 -0.8927 -0.1582
vn 0.3289 0.5380 -0.7761
vn -0.2441 0.3718 -0.8956
vn -0.5090 -0.8515 -0.1258
vn -0.1671 0.4127 -0.8954
vn 0.2079 0.6116 -0.7634
vn 0.1180 0.6345 -0.7639
vn 0.1789 0.4740 -0.8621
vn 0.6585 0.3330 -0.6749
vn 0.7693 -0.6278 -0.1183
vn 0.5653 -0.8216 -0.0739
vn 0.8471 -0.3772 0.3743
vn 0.9838 -0.1227 0.1307
vn 0.9895 0.0559 -0.1330
vn -0.9944 0.0703 0.0784
vn 0.9134 0.1496 -0.3786
vn -0.9352 0.3085 0.1737
vn 0.8187 0.5217 -0.2401
vn 0.6494 0.7514 -0.1170
vn -0.3973 0.8170 0.4179
vn 0.1438 0.9682 0.2045
vn 0.1763 -0.9799 0.0935
vn 0.0491 -0.9975 0.0518
vn -0.3005 -0.8691 -0.3929
vn 0.0373 -0.9701 -0.2400
vn -0.1682 -0.9307 -0.3247
vn -0.1780 -0.9348 -0.3075
vn -0.6844 -0.3697 -0.6284
vn 0.5394 -0.2763 -0.7954
vn 0.3075 -0.9461 0.1019
vn 0.5272 -0.0108 -0.8497
vn -0.6643 0.1077 -0.7397
vn 0.7153 -0.5057 -0.4824
vn 0.3385 0.4739 -0.8129
vn -0.4422 0.3134 -0.8404
vn 0.2828 0.4876 -0.8260
vn 0.3348 0.4354 -0.8356
vn 0.5664 0.0745 -0.8207
vn 0.1967 0.5379 -0.8197
vn -0.6190 -0.7745 -0.1306
vn 0.3429 0.4824 -0.8060
vn 0.0985 0.6262 -0.7734
vn -0.7122 -0.6920 -0.1180
vn 0.1552 0.6908 -0.7062
vn 0.1452 0.4397 -0.8863
vn -0.1069 0.4273 -0.8978
vn 0.4083 0.4995 -0.7641
vn -0.0029 0.4331 -0.9013
vn -0.7544 -0.6517 -0.0784
vn 0.8652 -0.2227 -0.4493
vn 0.8846 -0.3621 -0.2940
vn 0.8497 -0.4655 -0.2477
vn 0.8438 -0.5061 -0.1785
vn 0.6742 -0.7384 -0.0127
vn 0.7507 -0.6606 0.0130
vn 0.5472 -0.8362 0.0372
vn 0.7441 -0.6352 0.2070
vn 0.9328 -0.2303 0.2772
vn -0.9679 0.2012 0.1507
vn 0.8601 0.3561 -0.3654
vn -0.7522 0.6255 0.2071
vn 0.7822 0.6228 -0.0138
vn 0.5162 0.8529 0.0781
vn -0.1371 0.8780 0.4586
vn 0.0178 0.9180 0.3961
vn -0.2382 -0.9712 0.0081
vn -0.0394 -0.9981 0.0467
vn 0.3230 -0.9422 0.0894
vn -0.5974 -0.6144 -0.5154
vn 0.4483 0.3318 -0.8300
vn 0.4665 0.1653 -0.8689
vn 0.5789 -0.8105 -0.0892
vn 0.6526 -0.7005 -0.2889
vn 0.6527 -0.4793 -0.5868
vn -0.5787 0.2263 -0.7835
vn -0.3656 0.2889 -0.8848
vn -0.2611 0.3862 -0.8847
vn 0.3562 0.4227 -0.8333
vn 0.3015 0.4680 -0.8307
vn 0.8424 0.0809 -0.5328
vn -0.8953 -0.4452 -0.0188
vn 0.6860 -0.7175 -0.1211
vn 0.6309 -0.7748 -0.0406
vn -0.9792 -0.1949 -0.0569
vn 0.8353 -0.4344 0.3369
vn -0.9959 -0.0904 0.0019
vn 0.9820 -0.1196 -0.1459
vn 0.9515 0.0840 -0.2961
vn 0.9046 0.2499 -0.3453
vn 0.8514 0.4593 -0.2534
vn -0.6451 0.7223 0.2494
vn -0.5254 0.8006 0.2881
vn 0.8275 0.5589 -0.0541
vn -0.4476 0.8528 0.2689
vn -0.3087 0.8125 0.4945
vn 0.2569 0.9500 0.1777
vn -0.2656 0.8337 0.4842
vn -0.0735 -0.9886 0.1312
vn 0.0198 -0.9972 0.0724
vn -0.1642 -0.9860 0.0280
vn 0.3376 -0.6704 -0.6608
vn 0.5482 -0.5069 -0.6652
vn 0.3296 -0.9398 0.0902
vn -0.2725 -0.9579 -0.0901
vn 0.5227 -0.3601 -0.7727
vn -0.7610 -0.1390 -0.6337
vn 0.4119 -0.9010 0.1363
vn -0.4704 -0.8818 -0.0324
vn -0.7681 0.0824 -0.6350
vn 0.4698 0.2537 -0.8455
vn -0.7085 0.2201 -0.6705
vn -0.5107 -0.8546 -0.0946
vn -0.4521 0.3401 -0.8246
vn 0.2815 0.5822 -0.7628
vn -0.2153 0.4595 -0.8617
vn 0.2299 0.4405 -0.8678
vn 0.1982 0.5014 -0.8422
vn 0.3326 0.5547 -0.7627
vn -0.1464 0.4765 -0.8669
vn 0.0568 0.5020 -0.8630
vn -0.0533 0.4970 -0.8661
vn -0.7884 -0.6136 -0.0428
vn 0.9009 -0.4144 -0.1293
vn 0.8802 -0.4595 -0.1192
vn 0.7435 -0.6680 -0.0301
vn -0.9443 -0.3289 -0.0086
vn 0.8947 -0.4369 0.0925
vn -0.9835 -0.1717 -0.0562
vn -0.9982 -0.0592 -0.0030
vn 0.9811 -0.1816 -0.0673
vn 0.9741 -0.0264 -0.2247
vn 0.9055 0.3438 -0.2488
vn -0.8743 0.3967 0.2797
vn -0.8156 0.5175 0.2588
vn -0.7035 0.6558 0.2737
vn 0.7940 0.5989 -0.1043
vn 0.3823 0.9134 0.1398
vn -0.0557 -0.9865 0.1540
vn 0.0454 -0.9964 0.0717
vn -0.4723 -0.8420 -0.2606
vn 0.0736 -0.9958 -0.0537
vn -0.1503 -0.9812 0.1214
vn -0.2077 -0.9774 0.0392
vn -0.1429 -0.9804 0.1358
vn 0.3306 -0.8452 -0.4200
vn -0.1958 -0.9798 -0.0393
vn -0.6482 -0.5175 -0.5586
vn -0.3968 -0.9149 0.0738
vn 0.5419 -0.0687 -0.8376
vn 0.4936 -0.8670 0.0678
vn 0.3245 0.3848 -0.8641
vn 0.6106 0.0583 -0.7898
vn 0.4978 0.3503 -0.7934
vn 0.2318 0.4059 -0.8840
vn -0.6278 0.2544 -0.7356
vn 0.3279 0.5642 -0.7577
vn -0.3888 0.4346 -0.8124
vn -0.6922 -0.7080 -0.1404
vn 0.1267 0.5321 -0.8372
vn 0.1907 0.4791 -0.8568
vn 0.1701 0.4851 -0.8578
vn 0.3965 0.5762 -0.7146
vn 0.1826 0.4823 -0.8568
vn 0.8880 0.1354 -0.4394
vn 0.9453 -0.1253 -0.3012
vn -0.8102 -0.5855 0.0263
vn -0.8247 -0.5650 0.0247
vn -0.8646 -0.5012 0.0367
vn -0.9296 -0.3675 -0.0291
vn -0.9458 -0.3246 -0.0112
vn 0.7235 -0.6792 -0.1236
vn 0.7986 -0.5822 -0.1527
vn -0.9640 -0.2654 -0.0131
vn 0.6154 -0.7737 -0.1505
vn 0.7074 -0.6856 -0.1720
vn 0.8460 -0.5075 -0.1639
vn 0.8843 -0.4665 -0.0190
vn 0.9289 -0.3539 -0.1088
vn 0.9714 -0.2279 0.0661
vn 0.9093 0.2045 -0.3625
vn -0.9277 0.2773 0.2501
vn 0.7729 0.6345 0.0030
vn 0.6589 0.7429 0.1179
vn -0.3805 0.8753 0.2985
vn -0.3086 0.8772 0.3678
vn 0.4090 0.8669 0.2849
vn -0.2821 0.8830 0.3752
vn 0.2487 0.9099 0.3320
vn 0.0905 0.9236 0.3724
vn -0.0322 -0.9951 0.0940
vn -0.2570 -0.9664 0.0023
vn 0.4734 -0.4359 -0.7654
vn -0.2102 -0.9701 0.1216
vn -0.3022 -0.9468 0.1104
vn -0.4941 -0.8693 -0.0170
vn -0.4459 -0.8944 -0.0344
vn 0.5209 -0.8166 -0.2486
vn -0.7902 0.2100 -0.5758
vn 0.6235 -0.5986 -0.5029
vn 0.4334 0.4567 -0.7769
vn 0.2918 0.3515 -0.8896
vn -0.5677 0.4156 -0.7106
vn 0.2341 0.4178 -0.8778
vn -0.7343 -0.6696 -0.1119
vn -0.0163 0.6695 -0.7426
vn -0.2887 0.4197 -0.8605
vn 0.6667 0.4008 -0.6284
vn 0.1459 0.5440 -0.8263
vn 0.8469 -0.5221 -0.1014
vn 0.7197 -0.6515 -0.2399
vn 0.6776 -0.6934 -0.2451
vn -0.9475 -0.3117 0.0712
vn 0.9137 -0.3266 -0.2420
vn 0.8560 -0.4829 -0.1845
vn -0.9956 -0.0041 0.0941
vn -0.7582 0.5744 0.3086
vn -0.5925 0.7520 0.2891
vn 0.7490 0.6544 0.1036
vn 0.7132 0.6692 0.2087
vn 0.5521 0.7853 0.2803
vn -0.3068 0.9100 0.2790
vn -0.0707 0.9265 0.3695
vn -0.1073 -0.9894 0.0977
vn 0.0269 -0.9993 -0.0270
vn -0.0760 -0.9852 0.1539
vn -0.4860 -0.8066 -0.3365
vn -0.1421 -0.9684 0.2050
vn -0.1569 -0.9749 0.1581
vn 0.5774 -0.2905 -0.7631
vn 0.2972 -0.9496 0.0997
vn 0.5801 0.0457 -0.8132
vn 0.4812 -0.8754 -0.0461
vn 0.4198 0.3574 -0.8343
vn -0.7606 0.2432 -0.6020
vn 0.2501 0.4047 -0.8796
vn -0.4291 0.4118 -0.8039
vn 0.1774 0.4831 -0.8574
vn 0.0185 0.5797 -0.8146
vn -0.2169 0.4404 -0.8712
vn 0.2121 0.5370 -0.8165
vn 0.9552 -0.1247 -0.2684
vn 0.7938 -0.5805 -0.1816
vn -0.9790 -0.2039 0.0095
vn -0.9965 -0.0816 -0.0198
vn 0.8976 -0.2879 -0.3338
vn 0.8979 -0.0735 -0.4341
vn -0.9881 0.0486 0.1459
vn -0.9680 0.1517 0.2000
vn -0.5079 0.8244 0.2498
vn -0.4347 0.8737 0.2185
vn -0.1903 0.9237 0.3326
vn 0.0540 -0.9918 0.1159
vn 0.1674 -0.9830 0.0750
vn -0.0584 -0.9880 0.1432
vn 0.3423 -0.9377 0.0594
vn 0.5739 -0.2550 -0.7782
vn 0.6094 0.0461 -0.7915
vn 0.4339 -0.8879 0.1528
vn 0.6147 0.2259 -0.7557
vn -0.7750 0.0885 -0.6257
vn 0.5131 0.3469 -0.7851
vn -0.4480 -0.8935 -0.0306
vn 0.6527 -0.0627 -0.7551
vn 0.4947 0.3966 -0.7733
vn 0.4964 0.3774 -0.7818
vn 0.3492 0.5957 -0.7233
vn 0.3418 0.6284 -0.6988
vn -0.5987 0.4099 -0.6882
vn 0.3004 0.5570 -0.7743
vn -0.1177 0.6282 -0.7691
vn 0.2293 0.5246 -0.8199
vn -0.1386 0.4848 -0.8636
vn -0.1538 0.5394 -0.8279
vn 0.0390 0.6210 -0.7828
vn -0.0781 0.5698 -0.8181
vn 0.8775 -0.4581 -0.1419
vn 0.8066 -0.5696 -0.1579
vn 0.7270 -0.6365 -0.2575
vn 0.6769 -0.6943 -0.2443
vn 0.5502 -0.8038 -0.2261
vn 0.5708 -0.7300 -0.3759
vn 0.7356 -0.3850 -0.5573
vn -0.9954 -0.0529 0.0794
vn 0.8690 -0.2210 -0.4427
vn 0.8820 0.0582 -0.4676
vn 0.9079 0.3379 -0.2482
vn -0.8194 0.4713 0.3263
vn -0.8729 0.3821 0.3034
vn 0.6373 0.7244 0.2629
vn -0.2729 0.9299 0.2465
vn -0.0220 -0.9863 0.1637
vn 0.3016 -0.9478 0.1033
vn 0.1769 -0.9711 -0.1603
vn 0.4636 -0.6540 -0.5978
vn -0.1513 -0.9619 0.2277
vn -0.5882 -0.6400 -0.4944
vn -0.6784 -0.3166 -0.6630
vn 0.3815 -0.9039 0.1937
vn -0.4730 -0.8766 0.0890
vn 0.4018 -0.9145 -0.0478
vn 0.6716 -0.5961 -0.4400
vn 0.6420 -0.0689 -0.7636
vn -0.5417 -0.8374 -0.0736
vn 0.3688 0.4296 -0.8243
vn 0.2499 0.4702 -0.8464
vn 0.3726 0.5822 -0.7226
vn -0.7881 -0.6103 -0.0797
vn 0.1529 0.6992 -0.6984
vn -0.1118 0.7010 -0.7043
vn 0.1400 0.4895 -0.8607
vn -0.3411 0.3658 -0.8659
vn 0.2295 0.5976 -0.7682
vn -0.8420 -0.5224 0.1349
vn -0.9147 -0.3786 0.1417
vn -0.9343 -0.3391 0.1102
vn -0.9482 -0.3044 0.0908
vn 0.4974 -0.8096 -0.3117
vn -0.9690 -0.2356 0.0743
vn 0.5533 -0.6369 -0.5368
vn 0.7169 -0.3259 -0.6163
vn -0.9910 -0.1286 0.0375
vn -0.9980 -0.0221 0.0585
vn 0.7424 -0.0342 -0.6691
vn 0.8744 0.4723 -0.1110
vn 0.8079 0.5810 -0.0982
vn 0.6955 0.7090 0.1168
vn 0.5259 0.7381 0.4226
vn 0.2261 0.8641 0.4496
vn 0.0632 0.9109 0.4077
vn -0.0296 -0.9815 0.1893
vn -0.1018 -0.9924 0.0698
vn -0.2602 -0.9606 -0.0978
vn -0.1208 -0.9649 0.2331
vn 0.5811 -0.3976 -0.7101
vn -0.5896 -0.0064 -0.8076
vn -0.4772 -0.8774 0.0491
vn 0.6321 0.3508 -0.6910
vn -0.7251 0.2367 -0.6467
vn 0.5089 -0.8408 -0.1845
vn 0.6099 0.4264 -0.6680
vn -0.7717 0.2629 -0.5791
vn 0.4810 0.3629 -0.7981
vn 0.3254 0.4857 -0.8113
vn 0.3395 0.5336 -0.7746
vn -0.0025 0.6314 -0.7755
vn 0.3249 0.6195 -0.7146
vn 0.5894 0.5090 -0.6273
vn -0.1968 0.4338 -0.8793
vn 0.9120 -0.3427 -0.2252
vn 0.1537 0.6641 -0.7317
vn 0.0686 0.6703 -0.7389
vn -0.0048 0.6267 -0.7792
vn -0.8221 -0.5437 0.1690
vn -0.8708 -0.4524 0.1925
vn 0.6602 -0.3438 -0.6678
vn -0.9958 -0.0330 0.0857
vn 0.6963 -0.2328 -0.6790
vn 0.6237 -0.1417 -0.7687
vn 0.5065 0.0078 -0.8622
vn 0.7215 0.1637 -0.6728
vn 0.8297 0.3101 -0.4642
vn -0.9395 0.2291 0.2546
vn 0.8449 0.3872 -0.3690
vn -0.6918 0.6395 0.3353
vn -0.5958 0.7097 0.3759
vn -0.3833 0.8936 0.2337
vn 0.4012 0.7944 0.4561
vn -0.0300 -0.9901 0.1369
vn -0.0125 -0.9904 0.1375
vn 0.2691 -0.9535 -0.1360
vn -0.3111 -0.9008 -0.3031
vn -0.2175 -0.9715 -0.0941
vn -0.1527 -0.9661 0.2080
vn 0.4144 -0.1243 -0.9016
vn 0.3260 -0.9373 0.1235
vn -0.2490 -0.9462 0.2065
vn -0.4331 -0.9013 0.0045
vn -0.4469 -0.8940 -0.0318
vn -0.6478 -0.7594 -0.0610
vn 0.4937 0.4511 -0.7435
vn -0.7852 0.2780 -0.5533
vn -0.6424 0.3010 -0.7048
vn -0.7553 -0.6535 -0.0500
vn 0.2551 0.4225 -0.8697
vn -0.5645 0.3377 -0.7532
vn -0.1517 0.5604 -0.8142
vn -0.8453 -0.5309 0.0597
vn -0.1711 0.5169 -0.8388
vn -0.0299 0.4838 -0.8747
vn -0.4071 0.4428 -0.7989
vn 0.5788 0.3539 -0.7347
vn -0.8433 -0.5209 0.1324
vn -0.1039 0.5420 -0.8339
vn 0.0772 0.6512 -0.7550
vn 0.8166 -0.4064 -0.4098
vn 0.8123 -0.4075 -0.4173
vn -0.9165 -0.3549 0.1845
vn 0.6955 -0.5843 -0.4181
vn 0.4062 -0.8617 -0.3040
vn 0.4400 -0.7682 -0.4650
vn 0.3846 -0.6809 -0.6233
vn 0.4950 -0.3768 -0.7830
vn 0.4367 -0.1850 -0.8804
vn 0.3504 -0.1543 -0.9238
vn 0.2735 -0.0950 -0.9572
vn -0.9879 0.0280 0.1524
vn 0.2964 -0.0501 -0.9538
vn -0.8920 0.3285 0.3105
vn -0.8253 0.4356 0.3594
vn -0.7220 0.5378 0.4352
vn 0.7896 0.6090 0.0744
vn 0.7400 0.6696 0.0636
vn -0.5014 0.7875 0.3582
vn -0.4424 0.8664 0.2317
vn -0.3240 0.8930 0.3125
vn -0.2648 0.9174 0.2969
vn -0.1152 -0.9927 0.0365
vn 0.4564 -0.7672 -0.4507
vn -0.1399 -0.9665 0.2153
vn -0.4533 -0.5585 -0.6947
vn 0.3751 -0.4559 -0.8071
vn -0.3349 -0.9281 0.1625
vn 0.3929 -0.8896 0.2327
vn 0.5984 0.1288 -0.7908
vn 0.6314 0.4255 -0.6483
vn 0.3991 0.5001 -0.7685
vn 0.3301 0.6164 -0.7149
vn -0.8464 -0.5324 -0.0149
vn -0.7012 0.2721 -0.6590
vn 0.2460 0.4423 -0.8625
vn 0.1514 0.3988 -0.9044
vn 0.6150 0.0192 -0.7883
vn -0.1836 0.4747 -0.8608
vn -0.0254 0.4933 -0.8695
vn 0.1536 0.6672 -0.7289
vn -0.8373 -0.4925 0.2373
vn 0.0559 0.6269 -0.7771
vn 0.0990 0.6308 -0.7696
vn 0.7771 -0.4695 -0.4192
vn 0.6890 -0.6182 -0.3783
vn -0.9782 -0.1851 0.0937
vn 0.1540 -0.2132 -0.9648
vn 0.2168 -0.5399 -0.8134
vn -0.9921 -0.0805 0.0961
vn 0.1301 -0.0932 -0.9871
vn 0.2293 -0.1551 -0.9609
vn 0.2119 -0.0691 -0.9748
vn 0.1284 -0.0625 -0.9897
vn -0.9935 0.0166 0.1130
vn 0.2130 0.0780 -0.9739
vn 0.2800 0.0342 -0.9594
vn 0.5269 0.3251 -0.7853
vn 0.5567 0.2708 -0.7854
vn 0.7158 0.3887 -0.5801
vn 0.8821 0.4398 -0.1686
vn 0.6047 0.7165 0.3479
vn -0.1728 0.9366 0.3048
vn -0.0254 0.9173 0.3975
vn 0.0756 -0.9803 0.1826
vn -0.0734 -0.9651 0.2514
vn 0.1994 -0.9617 0.1881
vn -0.0920 -0.9933 0.0698
vn -0.0866 -0.1800 -0.9799
vn 0.3700 -0.8956 0.2468
vn 0.3969 0.2200 -0.8911
vn 0.5992 0.2693 -0.7539
vn -0.4863 0.2707 -0.8308
vn 0.3717 -0.9240 0.0901
vn 0.5477 0.3559 -0.7572
vn 0.4109 -0.9105 0.0462
vn 0.5277 0.4604 -0.7139
vn 0.7529 -0.4086 -0.5160
vn -0.7729 0.2366 -0.5887
vn 0.3763 0.4908 -0.7858
vn 0.2687 0.5781 -0.7705
vn -0.7645 0.2431 -0.5971
vn 0.3793 0.6118 -0.6941
vn 0.3447 0.5571 -0.7555
vn 0.1305 0.3766 -0.9171
vn -0.1692 0.4187 -0.8922
vn 0.2644 0.3418 -0.9018
vn 0.2295 0.6474 -0.7268
vn 0.0200 0.3930 -0.9193
vn -0.0113 0.5691 -0.8222
vn 0.6997 -0.5285 -0.4808
vn -0.8798 -0.4233 0.2161
vn 0.6383 -0.6552 -0.4041
vn 0.6425 -0.6345 -0.4297
vn 0.5478 -0.7710 -0.3248
vn -0.9422 -0.3056 0.1376
vn 0.3310 -0.8481 -0.4138
vn 0.0579 -0.3684 -0.9279
vn 0.0982 -0.7900 -0.6051
vn 0.0880 -0.1410 -0.9861
vn 0.1729 -0.1048 -0.9794
vn 0.2410 -0.4961 -0.8341
vn 0.1595 -0.1590 -0.9743
vn 0.1443 0.0961 -0.9849
vn 0.2329 0.0333 -0.9719
vn 0.2964 0.1819 -0.9376
vn 0.3252 0.3464 -0.8799
vn 0.4739 0.3407 -0.8120
vn 0.7118 0.5262 -0.4652
vn 0.8234 0.5635 0.0678
vn 0.3031 0.7697 0.5618
vn 0.0840 0.8790 0.4693
vn 0.0192 -0.9622 0.2718
vn 0.1809 -0.9835 0.0098
vn 0.2704 -0.9304 -0.2477
vn 0.1835 -0.7638 -0.6189
vn -0.1017 -0.8245 -0.5566
vn 0.3491 -0.9197 0.1799
vn 0.0694 0.1578 -0.9850
vn 0.3305 -0.9231 0.1967
vn -0.2391 0.3270 -0.9143
vn 0.3525 -0.9260 0.1351
vn 0.6486 -0.7429 -0.1657
vn 0.3087 0.5523 -0.7744
vn 0.3317 0.3916 -0.8583
vn 0.3035 0.3467 -0.8875
vn -0.6831 0.2480 -0.6869
vn 0.2654 0.2421 -0.9332
vn -0.5460 0.3626 -0.7552
vn 0.2606 0.1332 -0.9562
vn -0.1204 0.3868 -0.9143
vn 0.1395 0.3696 -0.9187
vn 0.6706 -0.5276 -0.5214
vn 0.6753 -0.4368 -0.5943
vn -0.9153 -0.3851 0.1179
vn -0.9293 -0.3450 0.1321
vn 0.2478 -0.7860 -0.5663
vn 0.1801 -0.7285 -0.6610
vn 0.3148 -0.8310 -0.4586
vn 0.1716 -0.3826 -0.9078
vn 0.1830 -0.1856 -0.9654
vn 0.2537 -0.0704 -0.9647
vn 0.3503 0.1349 -0.9269
vn 0.3898 0.4014 -0.8288
vn 0.6830 0.5973 -0.4203
vn 0.7197 0.5635 -0.4055
vn 0.8038 0.5215 -0.2863
vn 0.8259 0.5271 -0.2001
vn -0.7491 0.4649 0.4719
vn 0.8296 0.5582 -0.0159
vn 0.6532 0.6945 0.3016
vn -0.3704 0.8178 0.4405
vn -0.3708 0.8488 0.3769
vn 0.4150 0.7000 0.5812
vn -0.0450 -0.9710 0.2348
vn 0.0138 -0.9828 0.1844
vn -0.0990 -0.9632 0.2498
vn -0.1245 -0.9862 -0.1095
vn -0.1011 -0.9583 0.2672
vn -0.3671 -0.9231 0.1143
vn 0.1736 0.3148 -0.9331
vn -0.4129 -0.9096 0.0449
vn -0.4467 0.3391 -0.8279
vn -0.6334 0.2986 -0.7139
vn 0.5219 -0.8517 0.0472
vn -0.4138 -0.9099 0.0301
vn 0.7417 -0.5909 -0.3173
vn -0.5078 -0.8612 -0.0206
vn 0.6227 0.4139 -0.6640
vn 0.5110 0.2930 -0.8081
vn 0.4801 0.4098 -0.7756
vn -0.8848 -0.4654 0.0254
vn 0.3935 0.2578 -0.8824
vn 0.0051 0.2148 -0.9766
vn -0.8680 -0.4817 0.1204
vn 0.0477 0.2022 -0.9782
vn -0.0548 0.2788 -0.9588
vn 0.6128 -0.2096 -0.7620
vn -0.0240 0.2787 -0.9601
vn -0.2548 0.3998 -0.8805
vn -0.3627 0.3257 -0.8731
vn -0.8586 -0.4894 0.1523
vn 0.2187 0.1168 -0.9688
vn 0.5701 -0.1944 -0.7983
vn 0.5781 -0.5419 -0.6100
vn 0.3726 -0.8409 -0.3926
vn -0.9619 -0.2539 0.1017
vn 0.2345 -0.8634 -0.4468
vn 0.3073 -0.8647 -0.3973
vn 0.2780 -0.7967 -0.5366
vn 0.2904 -0.6474 -0.7046
vn -0.9852 -0.1487 0.0857
vn 0.3811 -0.4206 -0.8233
vn 0.4271 -0.1888 -0.8842
vn 0.4488 0.3008 -0.8415
vn 0.4539 0.6076 -0.6518
vn 0.5250 0.5988 -0.6048
vn 0.4699 0.7424 -0.4774
vn -0.9785 0.1160 0.1706
vn 0.5857 0.7682 -0.2585
vn -0.8982 0.3482 0.2684
vn -0.6116 0.6058 0.5088
vn -0.3219 0.7815 0.5345
vn -0.2398 0.8514 0.4665
vn -0.1197 0.8512 0.5110
vn 0.1533 0.7774 0.6100
vn -0.0195 -0.9763 0.2157
vn 0.3165 -0.9139 0.2544
vn -0.1137 -0.9495 0.2925
vn 0.1485 -0.9889 -0.0025
vn 0.1185 -0.9652 -0.2331
vn 0.0013 -0.9980 -0.0633
vn -0.1877 -0.9624 0.1962
vn -0.2475 -0.9476 0.2021
vn 0.3206 -0.9343 0.1561
vn 0.2539 0.4125 -0.8749
vn -0.4095 -0.9123 -0.0007
vn -0.1659 0.3960 -0.9031
vn 0.6197 -0.7849 0.0006
vn 0.7447 -0.1837 -0.6416
vn 0.8178 -0.4148 -0.3990
vn 0.6060 0.4030 -0.6858
vn -0.7654 0.1975 -0.6125
vn 0.3207 0.2743 -0.9066
vn 0.2158 0.3432 -0.9141
vn 0.2726 0.5698 -0.7753
vn 0.0454 0.2345 -0.9711
vn 0.0807 0.3330 -0.9395
vn 0.1915 0.6044 -0.7733
vn 0.0024 0.2366 -0.9716
vn -0.0530 0.4803 -0.8755
vn 0.1098 0.6421 -0.7587
vn 0.5168 -0.3031 -0.8006
vn 0.0283 0.5244 -0.8510
vn 0.5611 -0.5136 -0.6491
vn 0.2922 -0.8135 -0.5028
vn 0.1867 -0.8776 -0.4415
vn 0.4877 0.0600 -0.8709
vn -0.9886 0.0813 0.1270
vn 0.5214 0.4808 -0.7050
vn -0.9904 0.0982 0.0973
vn 0.6983 0.7094 -0.0950
vn 0.7969 0.5917 -0.1222
vn 0.8467 0.5291 -0.0559
vn -0.9520 0.2154 0.2173
vn -0.8139 0.4820 0.3244
vn -0.7331 0.5583 0.3884
vn 0.7015 0.6748 0.2293
vn 0.4844 0.7019 0.5223
vn -0.3777 0.7335 0.5651
vn -0.2999 0.7994 0.5206
vn 0.2545 0.7060 0.6609
vn 0.0979 0.7553 0.6480
vn 0.0086 0.8139 0.5810
vn -0.0050 -0.9868 0.1620
vn -0.0518 -0.9968 0.0617
vn -0.0974 -0.9799 0.1740
vn 0.0662 -0.9978 -0.0090
vn 0.3652 -0.8778 0.3099
vn -0.2865 -0.9371 0.1995
vn 0.2759 -0.9058 0.3215
vn 0.3263 -0.9289 0.1754
vn 0.4691 0.4335 -0.7694
vn 0.2643 0.4386 -0.8590
vn -0.6178 0.3519 -0.7032
vn 0.7626 0.0195 -0.6466
vn 0.6204 0.3589 -0.6974
vn 0.4921 0.4102 -0.7678
vn -0.7772 0.2595 -0.5732
vn 0.3211 0.5524 -0.7692
vn 0.5851 0.3499 -0.7316
vn -0.6766 0.1443 -0.7221
vn 0.3469 0.5556 -0.7557
vn -0.4939 0.2539 -0.8316
vn -0.5864 0.1587 -0.7944
vn 0.2334 0.0709 -0.9698
vn -0.0635 0.2033 -0.9771
vn 0.0735 0.1417 -0.9872
vn -0.2336 0.4404 -0.8669
vn 0.0766 0.6530 -0.7535
vn 0.3632 -0.2940 -0.8841
vn 0.4047 -0.4089 -0.8180
vn 0.4974 -0.2848 -0.8195
vn 0.4732 -0.6842 -0.5550
vn 0.2208 -0.7487 -0.6250
vn 0.3800 -0.8519 -0.3604
vn 0.3000 -0.9184 -0.2578
vn 0.3263 -0.5828 -0.7442
vn 0.4289 -0.4151 -0.8024
vn 0.5272 -0.1856 -0.8292
vn 0.6301 0.2156 -0.7460
vn -0.9964 -0.0109 0.0841
vn 0.4322 0.7524 -0.4971
vn 0.4563 0.8363 -0.3038
vn 0.6846 0.7018 0.1969
vn -0.4954 0.6922 0.5248
vn 0.5080 0.7381 0.4439
vn 0.3367 0.7312 0.5933
vn 0.2121 0.7233 0.6571
vn -0.2060 0.7777 0.5939
vn 0.1256 -0.9491 0.2890
vn -0.0247 -0.9805 0.1951
vn -0.1238 -0.9663 0.2257
vn 0.3739 -0.8713 0.3178
vn -0.3012 -0.9246 0.2331
vn 0.3077 -0.8943 0.3248
vn 0.3836 -0.8648 0.3241
vn 0.4490 -0.8688 0.2090
vn -0.3845 0.4383 -0.8124
vn -0.6839 -0.7295 -0.0133
vn -0.8152 -0.5716 -0.0937
vn 0.2641 0.5806 -0.7701
vn 0.5485 0.1863 -0.8151
vn 0.4887 0.2159 -0.8453
vn 0.1554 0.6085 -0.7782
vn 0.0726 0.2093 -0.9751
vn 0.1324 -0.0388 -0.9904
vn 0.1551 0.3667 -0.9173
vn 0.1458 0.2074 -0.9673
vn -0.0140 0.5465 -0.8373
vn 0.0852 0.6085 -0.7890
vn 0.1938 -0.1144 -0.9743
vn 0.0668 0.6287 -0.7747
vn 0.3342 -0.0476 -0.9413
vn 0.2572 -0.2569 -0.9316
vn 0.6128 -0.3258 -0.7199
vn 0.2165 -0.8011 -0.5581
vn 0.1057 -0.9758 -0.1914
vn 0.1459 -0.8209 -0.5521
vn 0.7393 0.0670 -0.6700
vn 0.5448 0.6034 -0.5823
vn 0.6983 0.4937 -0.5183
vn 0.6750 0.7225 0.1495
vn 0.8431 0.5374 -0.0186
vn 0.7893 0.6139 -0.0020
vn -0.6576 0.6021 0.4528
vn 0.5867 0.7206 0.3695
vn -0.5958 0.6623 0.4543
vn -0.3770 0.7659 0.5208
vn -0.0810 0.8001 0.5944
vn 0.0767 0.7967 0.5995
vn 0.0252 -0.9366 0.3495
vn -0.0700 -0.9267 0.3693
vn -0.1047 -0.9667 0.2335
vn 0.3590 -0.8729 0.3304
vn -0.3915 -0.9073 0.1532
vn 0.3316 -0.8742 0.3548
vn 0.4641 -0.8565 0.2259
vn -0.4488 -0.8881 0.0995
vn -0.5654 -0.8241 0.0342
vn 0.7452 -0.6617 -0.0828
vn -0.0559 0.4569 -0.8878
vn -0.7172 0.2785 -0.6388
vn 0.4439 0.4215 -0.7907
vn 0.2937 0.5150 -0.8053
vn -0.8849 -0.4591 -0.0783
vn -0.6923 0.0700 -0.7182
vn -0.8993 -0.4310 -0.0743
vn 0.3742 0.2832 -0.8830
vn -0.8797 -0.4740 -0.0389
vn -0.8624 -0.5054 -0.0292
vn -0.4740 0.2292 -0.8502
vn 0.2100 0.5831 -0.7848
vn -0.4775 0.3478 -0.8068
vn 0.2033 0.2775 -0.9390
vn -0.2083 0.5889 -0.7809
vn -0.9036 -0.4227 0.0692
vn 0.4569 -0.1009 -0.8838
vn -0.9394 -0.3407 0.0381
vn 0.2311 -0.6546 -0.7198
vn 0.1409 -0.6036 -0.7848
vn 0.5856 -0.5876 -0.5584
vn 0.2751 -0.9548 -0.1130
vn -0.0109 -0.9417 -0.3363
vn 0.2812 -0.4716 -0.8358
vn 0.3177 -0.3855 -0.8663
vn 0.4975 -0.2300 -0.8364
vn 0.5380 0.8429 -0.0074
vn 0.7869 0.5949 0.1637
vn 0.4254 0.7689 0.4772
vn -0.3213 0.7534 0.5738
vn 0.2547 0.8179 0.5159
vn -0.2825 0.8011 0.5276
vn 0.0148 -0.9676 0.2522
vn -0.0092 -0.9765 0.2154
vn 0.2566 -0.9039 0.3423
vn -0.0041 -0.9460 0.3240
vn -0.1820 -0.9493 0.2563
vn -0.3513 -0.9149 0.1989
vn -0.3887 -0.9087 0.1523
vn -0.4020 -0.9056 0.1351
vn 0.3856 -0.8532 0.3512
vn -0.4895 -0.8618 0.1329
vn 0.5575 -0.8115 0.1752
vn -0.5737 -0.8160 0.0709
vn -0.0070 0.4273 -0.9041
vn 0.8342 -0.4704 -0.2877
vn 0.5064 0.3612 -0.7830
vn 0.6110 0.1694 -0.7733
vn 0.5130 0.2116 -0.8319
vn -0.8921 -0.4264 -0.1492
vn 0.3164 0.5942 -0.7395
vn 0.3737 0.5888 -0.7167
vn 0.5444 0.1057 -0.8321
vn 0.4564 0.1721 -0.8730
vn 0.3597 0.5854 -0.7265
vn 0.2709 0.3396 -0.9007
vn 0.3314 0.6080 -0.7214
vn -0.8802 -0.4706 -0.0610
vn 0.1800 0.2905 -0.9398
vn 0.1057 0.6386 -0.7623
vn -0.3867 0.4856 -0.7840
vn -0.1523 0.6980 -0.6997
vn 0.3255 0.1313 -0.9364
vn -0.9192 -0.3937 -0.0033
vn 0.4723 -0.4114 -0.7796
vn -0.9599 -0.2693 0.0782
vn 0.3744 -0.5636 -0.7363
vn 0.4413 -0.8457 -0.3002
vn -0.0984 -0.9134 -0.3949
vn 0.1561 -0.8879 -0.4327
vn 0.1725 -0.6345 -0.7534
vn 0.6714 -0.2766 -0.6876
vn 0.8215 0.3412 -0.4568
vn 0.6175 0.6900 -0.3776
vn 0.4768 0.7886 -0.3883
vn 0.3905 0.8687 -0.3049
vn 0.3949 0.9110 -0.1191
vn -0.9047 0.3105 0.2917
vn -0.7615 0.5814 0.2863
vn -0.5113 0.7353 0.4449
vn -0.3523 0.8459 0.4004
vn 0.3515 0.8138 0.4628
vn -0.1594 0.8486 0.5045
vn -0.0187 -0.9249 0.3797
vn -0.0915 -0.9163 0.3898
vn -0.0836 -0.9451 0.3159
vn -0.2053 -0.9437 0.2593
vn 0.3034 -0.8732 0.3814
vn 0.8139 -0.1790 -0.5528
vn 0.3149 0.3636 -0.8767
vn -0.3776 0.3488 -0.8578
vn 0.4463 0.2232 -0.8666
vn -0.6117 0.1074 -0.7838
vn 0.2093 0.5764 -0.7899
vn 0.2600 0.6499 -0.7142
vn 0.4452 0.6170 -0.6490
vn -0.5176 0.1020 -0.8495
vn -0.5320 0.1002 -0.8408
vn 0.3931 0.2149 -0.8940
vn -0.9066 -0.4202 -0.0376
vn -0.3862 0.6927 -0.6091
vn 0.1001 0.7209 -0.6857
vn 0.1830 0.1833 -0.9659
vn 0.2503 0.0164 -0.9680
vn 0.5243 -0.7252 -0.4463
vn 0.4196 -0.9070 -0.0347
vn 0.4134 -0.4857 -0.7702
vn -0.9916 0.1006 0.0816
vn 0.4604 0.8565 -0.2332
vn 0.5413 0.8044 0.2446
vn 0.3638 0.9189 0.1525
vn 0.7161 0.5869 0.3778
vn 0.8356 0.4571 0.3048
vn 0.8410 0.4571 0.2896
vn 0.7739 0.5941 0.2191
vn -0.6107 0.6962 0.3772
vn 0.5513 0.7398 0.3858
vn -0.3670 0.8294 0.4213
vn -0.3708 0.8170 0.4417
vn -0.0668 0.8799 0.4704
vn 0.1006 0.8613 0.4981
vn 0.0069 -0.9137 0.4063
vn -0.0185 -0.8929 0.4499
vn 0.0161 -0.9421 0.3350
vn 0.3378 -0.8597 0.3831
vn 0.3384 -0.8780 0.3386
vn -0.3517 -0.9129 0.2070
vn -0.3624 -0.9127 0.1886
vn 0.3391 -0.8614 0.3781
vn -0.4147 -0.8909 0.1852
vn 0.3872 -0.8538 0.3481
vn 0.7095 -0.7047 0.0061
vn 0.3326 0.2430 -0.9112
vn -0.4155 0.0402 -0.9087
vn 0.2670 0.3741 -0.8881
vn -0.8507 -0.5170 -0.0947
vn 0.3887 0.0597 -0.9194
vn 0.2792 0.1033 -0.9547
vn 0.4391 0.6771 -0.5906
vn 0.2753 0.1957 -0.9412
vn 0.2943 0.2706 -0.9166
vn 0.2287 0.2992 -0.9264
vn 0.0801 0.7691 -0.6341
vn 0.1344 0.7896 -0.5987
vn 0.1808 -0.2132 -0.9601
vn 0.0691 -0.4085 -0.9101
vn 0.1417 -0.4095 -0.9012
vn 0.4477 -0.3502 -0.8228
vn 0.6848 -0.4097 -0.6027
vn -0.0783 -0.9875 -0.1365
vn -0.1370 -0.9863 -0.0915
vn 0.5097 -0.8388 -0.1914
vn 0.7122 -0.6459 -0.2748
vn 0.9001 0.0574 -0.4319
vn 0.9095 -0.2491 -0.3329
vn -0.9808 -0.1395 0.1359
vn -0.9842 -0.0024 0.1769
vn 0.7441 0.5895 -0.3143
vn 0.5724 0.7951 -0.2002
vn 0.3118 0.9422 -0.1226
vn 0.2275 0.9730 0.0387
vn -0.9401 0.2472 0.2346
vn -0.8417 0.4325 0.3232
vn 0.5973 0.6827 0.4210
vn -0.4076 0.8075 0.4265
vn 0.4192 0.7538 0.5060
vn -0.2698 0.8861 0.3770
vn 0.2519 -0.8996 0.3567
vn -0.1411 -0.9814 0.1300
vn -0.0814 -0.8827 0.4629
vn -0.1239 -0.9484 0.2920
vn 0.3562 -0.8500 0.3882
vn -0.3060 -0.9231 0.2329
vn 0.5460 -0.8018 0.2429
vn 0.7729 -0.5885 -0.2372
vn 0.6661 -0.2108 -0.7154
vn -0.1319 0.1012 -0.9861
vn 0.1826 0.4704 -0.8634
vn 0.1184 0.0719 -0.9904
vn -0.2308 0.0846 -0.9693
vn 0.1817 0.6374 -0.7488
vn -0.8694 -0.4216 -0.2575
vn 0.3645 0.7006 -0.6135
vn 0.1716 -0.0243 -0.9849
vn -0.3505 0.0511 -0.9352
vn 0.4230 0.7145 -0.5573
vn -0.8571 -0.4542 -0.2430
vn -0.3001 0.1826 -0.9363
vn 0.4733 0.6352 -0.6103
vn -0.3236 0.4292 -0.8432
vn 0.2289 0.6164 -0.7535
vn -0.2320 0.7256 -0.6478
vn 0.2187 0.2183 -0.9511
vn 0.0430 0.7194 -0.6933
vn -0.4251 0.7627 -0.4875
vn 0.0678 0.8145 -0.5762
vn 0.1219 0.0374 -0.9918
vn 0.1914 0.0491 -0.9803
vn 0.1315 -0.1070 -0.9855
vn 0.1205 -0.1771 -0.9768
vn 0.3994 -0.1933 -0.8962
vn -0.9352 -0.3525 0.0338
vn 0.7331 -0.6064 -0.3080
vn 0.1887 -0.9468 0.2607
vn 0.0019 -0.9968 0.0797
vn -0.9605 -0.2187 0.1719
vn 0.8225 -0.5631 -0.0805
vn 0.8389 0.4822 -0.2523
vn -0.9775 0.0880 0.1915
vn -0.9874 0.1190 0.1047
vn 0.1731 0.9849 -0.0080
vn -0.9470 0.1545 0.2815
vn -0.6793 0.6403 0.3586
vn 0.3797 0.7685 0.5150
vn 0.2594 0.8218 0.5073
vn -0.3716 0.8536 0.3652
vn 0.1477 0.7959 0.5871
vn 0.1705 -0.9384 0.3005
vn -0.0185 -0.8932 0.4494
vn -0.0363 -0.9407 0.3374
vn -0.0622 -0.9798 0.1903
vn -0.2441 -0.9458 0.2140
vn -0.3719 -0.9003 0.2262
vn -0.3865 -0.8956 0.2202
vn 0.5807 -0.7875 0.2062
vn -0.6117 -0.7862 0.0876
vn 0.6652 -0.0774 -0.7426
vn -0.8523 -0.5026 -0.1445
vn 0.2199 0.4379 -0.8717
vn 0.0190 0.0328 -0.9993
vn -0.8639 -0.4379 -0.2491
vn -0.1452 0.0583 -0.9877
vn -0.0058 0.1102 -0.9939
vn 0.0250 0.2046 -0.9785
vn 0.3620 0.5951 -0.7175
vn 0.1775 0.2361 -0.9554
vn -0.0447 0.2988 -0.9533
vn 0.2784 0.2148 -0.9361
vn 0.1249 0.6522 -0.7477
vn 0.0507 0.6660 -0.7442
vn -0.3490 0.8637 -0.3635
vn 0.1101 0.1056 -0.9883
vn 0.2512 0.0394 -0.9671
vn -0.0899 0.7782 -0.6215
vn 0.1219 0.0373 -0.9918
vn 0.1436 -0.1660 -0.9756
vn 0.6420 -0.2408 -0.7279
vn 0.8217 -0.3615 -0.4405
vn 0.6857 -0.7169 -0.1259
vn -0.0094 -0.9572 0.2893
vn 0.2184 -0.9713 0.0941
vn -0.1558 -0.9648 0.2117
vn 0.4961 -0.8117 0.3082
vn 0.9731 0.1570 -0.1689
vn 0.6815 0.7001 -0.2130
vn 0.3985 0.9082 -0.1277
vn 0.6120 0.7281 0.3087
vn 0.4603 0.8628 0.2091
vn 0.8134 0.5214 0.2579
vn 0.6880 0.5728 0.4455
vn -0.4639 0.7186 0.5181
vn 0.4509 0.7211 0.5261
vn -0.3524 0.7706 0.5310
vn -0.1839 0.7793 0.5990
vn -0.0904 0.8640 0.4953
vn 0.0334 0.8395 0.5423
vn -0.0206 -0.8848 0.4655
vn -0.0842 -0.9112 0.4033
vn -0.0410 -0.9311 0.3625
vn -0.0706 -0.9256 0.3718
vn -0.0582 -0.9419 0.3307
vn 0.3390 -0.8606 0.3800
vn 0.3220 -0.8797 0.3501
vn -0.3034 -0.9213 0.2431
vn 0.3300 -0.8726 0.3601
vn -0.5009 -0.8491 0.1676
vn -0.7879 -0.6152 0.0257
vn 0.6992 -0.6888 -0.1917
vn 0.7719 -0.5397 -0.3360
vn 0.3777 0.2743 -0.8843
vn 0.0743 0.5190 -0.8515
vn 0.2697 0.7195 -0.6399
vn 0.2953 0.7163 -0.6322
vn -0.8833 -0.4014 -0.2423
vn 0.4601 0.5296 -0.7126
vn -0.8968 -0.4167 -0.1486
vn -0.9195 -0.3930 0.0047
vn 0.0331 0.6095 -0.7921
vn 0.1846 0.3849 -0.9043
vn 0.3546 0.3038 -0.8843
vn 0.2350 0.6031 -0.7623
vn 0.4221 0.1649 -0.8914
vn -0.3433 0.7419 -0.5759
vn 0.5161 -0.0333 -0.8559
vn 0.8221 -0.1813 -0.5397
vn 0.5560 -0.8196 -0.1385
vn 0.6356 -0.7326 0.2436
vn 0.9472 -0.3156 0.0564
vn 0.7942 0.5790 -0.1847
vn 0.1385 0.9784 0.1537
vn 0.7994 0.4899 0.3477
vn -0.7120 0.5616 0.4214
vn 0.4703 0.6787 0.5641
vn -0.5526 0.6615 0.5070
vn -0.0131 -0.9924 0.1223
vn -0.1098 -0.9859 0.1265
vn 0.1278 -0.9714 0.2001
vn -0.0568 -0.9786 0.1979
vn -0.1888 -0.9307 0.3133
vn -0.4244 -0.8723 0.2429
vn 0.4489 -0.8144 0.3679
vn 0.5968 -0.7826 0.1768
vn 0.0404 0.5346 -0.8442
vn 0.1989 0.4389 -0.8762
vn 0.4458 0.5049 -0.7392
vn -0.9282 -0.3614 -0.0883
vn 0.2920 0.7846 -0.5470
vn -0.0211 0.9234 -0.3832
vn 0.4203 0.5736 -0.7031
vn -0.5467 0.6942 -0.4682
vn 0.0712 0.7989 -0.5972
vn 0.1120 0.8096 -0.5762
vn 0.5194 0.3122 -0.7955
vn 0.7004 -0.0082 -0.7137
vn 0.7180 0.0877 -0.6904
vn 0.8299 -0.3515 -0.4332
vn 0.7251 -0.5543 -0.4087
vn -0.9578 -0.2104 0.1958
vn -0.0177 -0.9549 0.2965
vn 0.2952 -0.8436 0.4485
vn 0.1559 -0.8967 0.4142
vn -0.9121 0.0766 0.4027
vn 0.0440 0.9950 0.0901
vn 0.4019 0.9017 0.1597
vn 0.6265 0.6039 0.4927
vn 0.5071 0.6826 0.5261
vn -0.6194 0.6121 0.4916
vn 0.2906 0.6454 0.7064
vn -0.3084 0.7779 0.5475
vn 0.2281 0.6604 0.7154
vn -0.0073 0.7232 0.6906
vn -0.0829 -0.9627 0.2576
vn -0.2680 -0.9315 0.2459
vn 0.3567 -0.8400 0.4088
vn -0.6232 -0.7536 0.2089
vn 0.8974 -0.3830 -0.2192
vn -0.8721 -0.4880 -0.0361
vn 0.7504 0.0347 -0.6601
vn 0.4702 0.3326 -0.8175
vn 0.1418 0.6018 -0.7859
vn -0.8838 -0.4513 -0.1234
vn 0.1404 0.5316 -0.8353
vn -0.9331 -0.3439 -0.1047
vn 0.2829 0.4962 -0.8208
vn -0.4216 0.8708 -0.2529
vn -0.4038 0.7788 -0.4800
vn 0.0509 0.7170 -0.6953
vn -0.0039 0.7542 -0.6567
vn 0.8192 -0.1330 -0.5579
vn 0.0419 -0.9985 0.0354
vn 0.4375 -0.8441 0.3100
vn 0.6950 -0.6892 0.2046
vn -0.9474 -0.1112 0.3000
vn 0.9922 0.0993 0.0755
vn 0.9230 0.3788 -0.0675
vn 0.6696 0.7415 -0.0424
vn 0.5405 0.8307 -0.1332
vn 0.3224 0.9460 -0.0339
vn -0.8723 0.2464 0.4223
vn 0.3079 0.9401 0.1460
vn 0.6847 0.7233 0.0900
vn -0.8320 0.3120 0.4587
vn -0.7821 0.4092 0.4699
vn 0.8215 0.5630 0.0901
vn 0.3545 0.6470 0.6750
vn -0.3899 0.6970 0.6019
vn -0.3588 0.7365 0.5734
vn -0.0621 0.6683 0.7413
vn 0.1175 0.6255 0.7713
vn -0.1230 -0.9819 0.1440
vn -0.0543 -0.9267 0.3718
vn -0.0645 -0.9445 0.3220
vn 0.3370 -0.8619 0.3788
vn -0.0676 -0.9451 0.3197
vn -0.1232 -0.9261 0.3567
vn -0.3505 -0.9078 0.2302
vn -0.3730 -0.8831 0.2846
vn 0.3262 -0.8605 0.3913
vn 0.3658 -0.7993 0.4768
vn -0.5262 -0.8199 0.2255
vn 0.4594 -0.7949 0.3962
vn 0.7281 0.0345 -0.6846
vn 0.4041 0.2036 -0.8918
vn 0.0562 0.4277 -0.9021
vn 0.1889 0.2377 -0.9528
vn -0.8964 -0.4410 -0.0449
vn 0.0841 0.4876 -0.8690
vn 0.2565 0.5137 -0.8187
vn 0.3013 0.3794 -0.8748
vn -0.9310 -0.3599 0.0605
vn 0.3052 0.9521 -0.0197
vn -0.5820 0.6612 -0.4733
vn -0.0245 0.7701 -0.6375
vn -0.5028 0.6383 -0.5828
vn -0.0656 0.7830 -0.6185
vn -0.9223 -0.3169 0.2213
vn -0.9416 -0.2583 0.2161
vn 0.1972 -0.9804 0.0027
vn 0.5248 -0.7829 -0.3342
vn 0.1030 -0.9827 0.1539
vn -0.9002 -0.1079 0.4218
vn 0.2688 -0.9458 0.1823
vn -0.9112 -0.0188 0.4115
vn 0.8134 0.5785 -0.0616
vn 0.6128 0.7121 0.3427
vn 0.3689 0.6613 0.6531
vn -0.2109 0.6745 0.7075
vn -0.1648 0.6555 0.7370
vn 0.0533 -0.9580 0.2818
vn -0.1218 -0.9824 0.1414
vn -0.1609 -0.9652 0.2063
vn 0.2710 -0.8951 0.3541
vn -0.0586 -0.9300 0.3629
vn -0.0748 -0.9473 0.3116
vn -0.2244 -0.8877 0.4021
vn 0.3205 -0.8448 0.4285
vn 0.5960 -0.7393 0.3135
vn 0.7348 -0.6666 0.1257
vn -0.7704 -0.6152 0.1677
vn -0.8281 -0.5572 0.0615
vn 0.9102 -0.1528 -0.3850
vn 0.9247 -0.3797 -0.0279
vn 0.0409 0.3254 -0.9447
vn 0.0108 0.4233 -0.9059
vn 0.1981 0.3796 -0.9037
vn -0.9393 -0.3257 0.1081
vn -0.4711 0.8529 0.2251
vn -0.9117 -0.3471 0.2198
vn 0.7053 0.6031 -0.3727
vn 0.6096 0.3951 -0.6872
vn 0.1529 0.6708 -0.7257
vn 0.4298 0.3427 -0.8353
vn 0.1117 0.8473 -0.5192
vn 0.5933 0.1840 -0.7837
vn 0.6982 0.0089 -0.7158
vn -0.9218 -0.1673 0.3497
vn 0.3855 -0.7656 -0.5150
vn 0.8095 -0.5252 0.2623
vn 0.7039 -0.7009 0.1151
vn 0.7938 0.6042 -0.0695
vn -0.8360 0.1446 0.5293
vn 0.6761 0.7103 0.1960
vn -0.5705 0.5714 0.5899
vn 0.4194 0.7123 0.5628
vn -0.4493 0.6478 0.6153
vn 0.3118 0.6741 0.6696
vn 0.1648 0.5953 0.7864
vn -0.0712 0.6309 0.7726
vn 0.0300 0.5667 0.8234
vn -0.0282 -0.9593 0.2809
vn 0.1588 -0.9345 0.3186
vn 0.3039 -0.8925 0.3332
vn -0.0429 -0.9357 0.3503
vn -0.0439 -0.9145 0.4021
vn -0.2390 -0.8830 0.4040
vn -0.3874 -0.8551 0.3445
vn 0.3015 -0.8176 0.4905
vn -0.3815 -0.8706 0.3106
vn -0.7954 -0.5791 0.1786
vn 0.8064 -0.5652 0.1742
vn -0.8789 -0.4426 0.1777
vn 0.8836 -0.3566 -0.3036
vn 0.7444 -0.2064 -0.6351
vn 0.4197 0.0398 -0.9068
vn 0.0733 0.1763 -0.9816
vn -0.9075 -0.3959 0.1405
vn 0.4895 0.0065 -0.8720
vn -0.0318 0.4077 -0.9126
vn 0.0011 0.2938 -0.9559
vn 0.1547 0.3940 -0.9060
vn -0.0562 0.3347 -0.9406
vn -0.0991 0.2109 -0.9725
vn -0.9154 -0.3437 0.2096
vn 0.2057 0.6003 -0.7729
vn 0.0878 0.7828 -0.6161
vn 0.0944 0.7321 -0.6746
vn -0.2854 0.7697 -0.5710
vn 0.6711 -0.3099 -0.6734
vn 0.5185 -0.5290 -0.6718
vn 0.3754 -0.5401 -0.7532
vn 0.1214 -0.9879 -0.0964
vn 0.9469 -0.2493 0.2033
vn -0.8549 0.0166 0.5185
vn 0.5620 0.8257 -0.0500
vn 0.4587 0.8880 -0.0323
vn -0.0673 0.9883 0.1370
vn 0.2175 0.9738 0.0660
vn 0.6840 0.7292 0.0182
vn 0.8202 0.5670 -0.0763
vn 0.4307 0.7976 0.4222
vn -0.3401 0.6673 0.6626
vn 0.2376 0.6957 0.6779
vn -0.2787 0.6719 0.6862
vn 0.1223 0.6491 0.7508
vn 0.0831 0.6638 0.7433
vn 0.0228 0.6352 0.7720
vn -0.1691 -0.9542 0.2468
vn -0.1516 -0.8693 0.4705
vn -0.1157 -0.8733 0.4733
vn -0.3098 -0.8796 0.3609
vn -0.4617 -0.8489 0.2574
vn 0.3726 -0.7507 0.5456
vn 0.4276 -0.7490 0.5061
vn 0.5759 -0.6751 0.4611
vn 0.6723 -0.6525 0.3498
vn -0.8484 -0.4865 0.2084
vn 0.7297 -0.1787 -0.6599
vn 0.3649 0.1608 -0.9170
vn 0.0061 0.3031 -0.9529
vn 0.0856 0.3015 -0.9496
vn -0.0678 0.3107 -0.9481
vn -0.9105 -0.3301 0.2492
vn 0.6611 0.6414 -0.3892
vn -0.6237 0.7579 -0.1912
vn 0.2326 0.4295 -0.8726
vn -0.3253 0.5943 -0.7355
vn -0.4440 0.5935 -0.6713
vn -0.0066 0.7789 -0.6271
vn -0.0167 0.8135 -0.5814
vn -0.0592 0.8550 -0.5153
vn -0.9119 -0.2011 0.3577
vn 0.5613 -0.0718 -0.8245
vn 0.5260 -0.8489 0.0526
vn -0.8664 -0.0253 0.4988
vn 0.0979 0.9949 0.0230
vn -0.7678 0.2494 0.5902
vn -0.7021 0.3413 0.6249
vn -0.6193 0.4700 0.6289
vn 0.3684 0.7659 0.5269
vn 0.3368 0.7496 0.5698
vn 0.1763 0.7232 0.6678
vn -0.0764 -0.9439 0.3212
vn 0.3624 -0.8430 0.3976
vn -0.1877 -0.8612 0.4724
vn 0.3213 -0.7888 0.5240
vn 0.3291 -0.7339 0.5942
vn -0.7106 -0.6321 0.3091
vn -0.7791 -0.5793 0.2396
vn 0.7830 -0.5256 0.3328
vn 0.8765 -0.4678 0.1139
vn 0.8970 -0.4073 -0.1716
vn 0.9558 -0.2476 -0.1585
vn 0.7933 -0.0009 -0.6089
vn 0.7080 0.1655 -0.6866
vn 0.0148 0.3322 -0.9431
vn 0.2547 0.3233 -0.9114
vn 0.0828 0.3320 -0.9397
vn -0.0441 0.2434 -0.9689
vn 0.0968 0.2566 -0.9617
vn 0.0848 0.2438 -0.9661
vn 0.1058 0.1043 -0.9889
vn 0.2273 0.5159 -0.8260
vn 0.4635 0.1587 -0.8718
vn 0.0010 0.8407 -0.5415
vn 0.0918 0.8872 -0.4521
vn 0.4874 -0.2748 -0.8288
vn -0.8847 -0.1156 0.4515
vn 0.2111 -0.8114 -0.5451
vn 0.2946 -0.8479 -0.4408
vn 0.3381 -0.9326 -0.1260
vn 0.0883 0.9905 0.1051
vn 0.5564 0.8306 -0.0231
vn 0.7338 0.6762 0.0656
vn -0.4441 0.5596 0.6997
vn -0.3677 0.6046 0.7066
vn -0.0189 0.6951 0.7187
vn -0.1274 -0.9291 0.3471
vn -0.0830 -0.9335 0.3488
vn -0.0461 -0.9510 0.3059
vn -0.1322 -0.9289 0.3458
vn -0.0808 -0.9574 0.2772
vn 0.3557 -0.8337 0.4224
vn 0.3688 -0.8033 0.4677
vn -0.3469 -0.8981 0.2703
vn -0.5570 -0.7947 0.2411
vn 0.4646 -0.6452 0.6066
vn -0.8727 -0.3631 0.3263
vn 0.8777 -0.3679 0.3071
vn -0.8992 -0.3224 0.2958
vn 0.9789 -0.0747 -0.1902
vn 0.0942 0.3757 -0.9219
vn 0.4822 0.2643 -0.8352
vn 0.0643 0.3785 -0.9233
vn -0.2160 0.4966 -0.8407
vn 0.1223 0.5811 -0.8046
vn -0.0288 0.8486 -0.5282
vn -0.0201 0.8693 -0.4940
vn 0.0978 0.9228 -0.3727
vn -0.9041 -0.1369 0.4048
vn 0.3968 -0.4170 -0.8177
vn 0.5661 -0.7874 -0.2439
vn 0.9462 -0.1561 0.2835
vn 0.9231 0.3344 0.1900
vn -0.7843 0.1006 0.6121
vn -0.8508 0.0082 0.5254
vn 0.3801 0.9212 0.0836
vn -0.0213 0.9996 -0.0188
vn 0.7461 0.6619 0.0720
vn 0.5842 0.7729 0.2477
vn 0.6692 0.6996 0.2504
vn 0.4822 0.8002 0.3565
vn -0.3043 0.6125 0.7296
vn 0.1159 0.7116 0.6930
vn -0.1129 0.6322 0.7665
vn 0.0514 0.6595 0.7500
vn -0.1374 -0.9217 0.3628
vn 0.1597 -0.9195 0.3591
vn 0.3733 -0.8756 0.3065
vn -0.0186 -0.9626 0.2702
vn -0.1505 -0.8767 0.4569
vn -0.2487 -0.8682 0.4294
vn 0.3842 -0.7468 0.5429
vn -0.3219 -0.8705 0.3724
vn -0.3407 -0.8764 0.3404
vn -0.6625 -0.6963 0.2760
vn -0.7840 -0.5351 0.3147
vn 0.8041 -0.4756 0.3567
vn 0.9743 0.0186 -0.2246
vn 0.9138 0.0247 -0.4053
vn -0.0416 0.2721 -0.9614
vn 0.6894 0.1173 -0.7148
vn -0.0659 0.2481 -0.9665
vn 0.2008 0.1766 -0.9636
vn 0.0842 0.4620 -0.8829
vn 0.0841 0.4974 -0.8635
vn -0.1010 0.2328 -0.9673
vn 0.0570 0.2367 -0.9699
vn 0.1116 0.4391 -0.8915
vn 0.0088 0.1040 -0.9945
vn 0.3038 0.3032 -0.9032
vn 0.0636 0.6219 -0.7805
vn -0.0602 0.1716 -0.9833
vn -0.0001 0.8084 -0.5887
vn 0.0264 0.8985 -0.4383
vn -0.0589 0.7860 -0.6154
vn 0.4677 -0.0771 -0.8805
vn 0.4164 -0.6099 -0.6743
vn 0.8629 -0.4745 0.1741
vn 0.9435 0.1069 0.3137
vn 0.7511 0.6212 0.2236
vn 0.5423 0.8285 0.1398
vn 0.7972 0.6026 0.0371
vn 0.3575 0.7862 0.5041
vn 0.3065 0.7800 0.5456
vn -0.2472 0.5601 0.7907
vn -0.2384 0.6123 0.7538
vn 0.1343 0.7443 0.6543
vn 0.2560 0.7598 0.5976
vn -0.0375 0.6156 0.7871
vn 0.0412 -0.9236 0.3812
vn -0.0932 -0.9361 0.3392
vn 0.3890 -0.8732 0.2937
vn -0.1025 -0.8916 0.4411
vn 0.3924 -0.8654 0.3116
vn -0.3237 -0.9108 0.2562
vn 0.3003 -0.7208 0.6247
vn 0.3472 -0.6938 0.6309
vn 0.6353 -0.5368 0.5553
vn -0.8330 -0.4293 0.3490
vn 0.7378 -0.4702 0.4843
vn 0.9593 -0.1607 0.2322
vn -0.8782 -0.3099 0.3642
vn -0.0894 0.3236 -0.9420
vn -0.8805 -0.2960 0.3703
vn -0.0439 0.4254 -0.9040
vn 0.2932 0.1167 -0.9489
vn -0.1346 0.1974 -0.9710
vn 0.7025 0.0818 -0.7070
vn -0.1497 0.6656 -0.7311
vn -0.1064 0.1257 -0.9863
vn 0.0207 0.6420 -0.7664
vn -0.2608 0.2482 -0.9329
vn 0.0510 0.1279 -0.9905
vn -0.0859 0.8317 -0.5485
vn -0.0238 0.8611 -0.5079
vn -0.0527 0.8260 -0.5611
vn 0.0607 0.9138 -0.4015
vn 0.2915 0.1387 -0.9465
vn -0.0936 0.2154 -0.9720
vn -0.1846 0.1882 -0.9646
vn 0.0040 0.1123 -0.9937
vn 0.5469 -0.7289 -0.4118
vn 0.8055 -0.5772 -0.1344
vn 0.9533 -0.1897 0.2352
vn -0.7302 0.1577 0.6648
vn 0.2969 0.9282 0.2242
vn -0.6105 0.2615 0.7476
vn -0.5229 0.3824 0.7618
vn 0.3258 0.7470 0.5795
vn -0.0527 0.6265 0.7777
vn -0.3152 -0.9075 0.2777
vn -0.4065 -0.8855 0.2249
vn 0.3318 -0.7060 0.6257
vn -0.6304 -0.7442 0.2207
vn 0.5286 -0.4780 0.7015
vn 0.6567 -0.3959 0.6419
vn -0.8700 -0.3418 0.3554
vn 0.9878 -0.1480 0.0480
vn 0.9727 -0.0730 -0.2203
vn -0.1441 0.3767 -0.9150
vn -0.0382 0.3746 -0.9264
vn -0.2403 0.3437 -0.9078
vn 0.7212 0.1476 -0.6768
vn 0.9277 0.0479 -0.3703
vn -0.9055 -0.1940 0.3775
vn 0.1300 0.5746 -0.8081
vn 0.0925 0.9054 -0.4144
vn 0.3757 0.2482 -0.8929
vn 0.6657 0.2404 -0.7064
vn 0.5094 -0.3415 -0.7898
vn -0.2689 0.1772 -0.9467
vn 0.6511 0.2599 -0.7131
vn -0.0882 0.1598 -0.9832
vn 0.2366 0.1710 -0.9565
vn 0.6981 -0.5702 -0.4331
vn -0.3540 0.2031 -0.9129
vn -0.1795 0.2067 -0.9618
vn 0.3133 0.1943 -0.9296
vn 0.3220 0.4523 -0.8317
vn 0.9612 0.1103 0.2528
vn 0.8599 0.3711 0.3505
vn -0.7987 0.0512 0.5995
vn 0.6170 0.7234 0.3098
vn 0.4853 0.8355 0.2578
vn 0.2402 0.9663 -0.0926
vn 0.7432 0.6213 0.2482
vn 0.5481 0.7186 0.4280
vn -0.3398 0.4925 0.8012
vn 0.0707 0.6375 0.7672
vn 0.0741 0.7019 0.7084
vn -0.1364 -0.9280 0.3468
vn 0.4188 -0.8358 0.3550
vn 0.3264 -0.6742 0.6625
vn 0.4541 -0.4579 0.7643
vn 0.4015 -0.5710 0.7161
vn 0.7561 -0.2956 0.5838
vn -0.8835 -0.2952 0.3638
vn 0.8943 -0.1933 0.4036
vn -0.8901 -0.2624 0.3726
vn -0.1726 0.3732 -0.9116
vn 0.9726 0.1475 -0.1797
vn 0.1431 0.8185 -0.5564
vn -0.0419 0.6928 -0.7199
vn -0.9075 -0.0969 0.4088
vn 0.6708 0.1697 -0.7220
vn 0.9286 0.2750 -0.2491
vn -0.2815 0.2893 -0.9149
vn -0.8631 0.0023 0.5051
vn 0.7259 -0.5788 -0.3716
vn 0.5480 0.4000 -0.7346
vn -0.3767 0.2051 -0.9033
vn -0.3330 0.2008 -0.9213
vn 0.8627 0.4144 -0.2898
vn -0.0761 0.3031 -0.9499
vn 0.9465 -0.3173 -0.0581
vn 0.8894 0.3393 0.3063
vn -0.6246 0.2395 0.7433
vn 0.2494 0.9382 0.2399
vn 0.3785 0.9256 -0.0003
vn 0.5804 0.8143 -0.0112
vn -0.5294 0.3066 0.7910
vn -0.5725 0.2810 0.7702
vn 0.6548 0.6950 0.2969
vn -0.4416 0.4057 0.8003
vn 0.4269 0.7557 0.4966
vn -0.2179 0.5744 0.7890
vn 0.2414 0.7527 0.6126
vn -0.1502 0.6518 0.7434
vn -0.0797 0.6567 0.7499
vn -0.0189 0.6166 0.7870
vn -0.0646 -0.9221 0.3815
vn 0.1767 -0.9179 0.3553
vn 0.3080 -0.9034 0.2985
vn -0.0646 -0.9383 0.3398
vn -0.0799 -0.9280 0.3639
vn -0.0369 -0.9587 0.2820
vn 0.4005 -0.8602 0.3158
vn -0.1833 -0.9054 0.3831
vn -0.2315 -0.8919 0.3885
vn -0.2416 -0.9286 0.2815
vn 0.3092 -0.6519 0.6924
vn 0.5248 -0.4155 0.7429
vn 0.7230 -0.2453 0.6459
vn -0.8982 -0.2990 0.3223
vn 0.9655 -0.1313 0.2251
vn 0.9906 -0.0061 0.1365
vn 0.0185 0.8191 -0.5734
vn -0.0529 0.7638 -0.6433
vn 0.0594 0.4378 -0.8971
vn 0.0740 0.8329 -0.5485
vn -0.0949 0.6485 -0.7553
vn 0.7631 -0.2059 -0.6126
vn 0.9022 0.3339 -0.2732
vn 0.9357 0.3295 0.1256
vn -0.3754 0.3388 -0.8627
vn -0.3697 0.5762 -0.7289
vn 0.6593 0.6999 -0.2747
vn 0.8262 0.5320 0.1853
vn 0.0576 0.6450 -0.7620
vn 0.3833 0.8068 -0.4495
vn 0.1643 0.9611 -0.2220
vn -0.7000 0.1886 0.6888
vn 0.7643 0.5592 0.3211
vn 0.5200 0.7151 0.4672
vn -0.2670 0.5375 0.7999
vn 0.3000 0.7421 0.5994
vn 0.3017 0.7598 0.5759
vn 0.0753 0.8015 0.5932
vn 0.0737 0.7718 0.6315
vn 0.0456 0.7476 0.6626
vn -0.0214 -0.9344 0.3556
vn -0.1227 -0.9352 0.3321
vn -0.0440 -0.9612 0.2723
vn -0.1369 -0.9241 0.3568
vn 0.4366 -0.7827 0.4436
vn 0.4860 -0.7054 0.5159
vn 0.3158 -0.5711 0.7577
vn -0.7904 -0.5315 0.3047
vn 0.6020 -0.3492 0.7181
vn 0.9717 0.0971 0.2154
vn -0.0510 0.6497 -0.7585
vn 0.4439 0.6062 -0.6599
vn -0.0990 0.5164 -0.8506
vn 0.0439 0.4419 -0.8960
vn -0.1869 0.2556 -0.9486
vn -0.0411 0.4383 -0.8979
vn 0.0339 0.4866 -0.8729
vn 0.9509 0.2367 0.1995
vn -0.2618 0.1858 -0.9471
vn 0.9078 0.3511 0.2294
vn -0.7565 0.1348 0.6399
vn -0.5299 0.5820 -0.6168
vn 0.9946 0.0607 0.0843
vn 0.9940 -0.0565 -0.0937
vn -0.5049 0.7293 -0.4617
vn 0.5576 0.7730 0.3025
vn -0.6540 0.2844 0.7010
vn 0.4399 0.8091 0.3895
vn -0.5783 0.3286 0.7467
vn 0.1980 0.9802 0.0098
vn 0.5058 0.8349 0.2170
vn -0.5009 0.3780 0.7786
vn 0.3485 0.7073 0.6150
vn -0.2918 0.5646 0.7721
vn -0.0443 0.7608 0.6475
vn -0.0385 -0.9453 0.3238
vn -0.1357 -0.9267 0.3504
vn -0.1534 -0.9182 0.3652
vn -0.1911 -0.9148 0.3559
vn 0.4924 -0.6807 0.5424
vn 0.4263 -0.6859 0.5898
vn -0.7363 -0.6115 0.2896
vn -0.8487 -0.4551 0.2694
vn 0.8171 -0.1282 0.5621
vn 0.8730 0.0317 0.4866
vn -0.0113 0.7450 -0.6669
vn -0.0241 0.6435 -0.7650
vn -0.9247 -0.1417 0.3534
vn -0.0662 0.3082 -0.9490
vn 0.2474 0.7143 -0.6547
vn -0.1196 0.4719 -0.8735
vn 0.0349 0.3632 -0.9310
vn -0.0157 0.3443 -0.9387
vn -0.2448 0.2028 -0.9481
vn -0.2592 0.1449 -0.9549
vn 0.8487 0.4007 0.3452
vn -0.1362 0.4046 -0.9043
vn 0.5703 0.4946 0.6559
vn -0.4705 0.8643 -0.1779
vn -0.3557 0.9269 0.1202
vn -0.7068 0.2370 0.6665
vn 0.6209 0.6877 0.3762
vn 0.4746 0.7891 0.3900
vn -0.3385 0.4820 0.8081
vn -0.2295 0.6242 0.7468
vn -0.0357 0.7830 0.6210
vn 0.1082 0.7978 0.5931
vn 0.3829 -0.8703 0.3098
vn -0.2190 -0.9166 0.3345
vn -0.2958 -0.9303 0.2166
vn -0.5259 -0.8098 0.2599
vn 0.3936 -0.4925 0.7762
vn 0.4713 -0.4525 0.7570
vn -0.8652 -0.3751 0.3328
vn 0.5575 -0.4726 0.6826
vn -0.9214 -0.2645 0.2849
vn 0.8499 0.1502 0.5051
vn -0.0338 0.4840 -0.8744
vn -0.0767 0.5729 -0.8161
vn -0.0976 0.3507 -0.9314
vn 0.6879 0.4574 -0.5636
vn -0.0340 0.2630 -0.9642
vn 0.8469 0.2682 0.4592
vn 0.8661 -0.2543 -0.4303
vn 0.0063 0.3400 -0.9404
vn -0.1960 0.2118 -0.9574
vn -0.1384 0.2745 -0.9516
vn 0.7123 0.3672 0.5981
vn -0.8037 0.1330 0.5800
vn 0.8152 -0.4121 -0.4070
vn -0.1854 0.1476 -0.9715
vn -0.2505 0.1787 -0.9515
vn -0.1498 0.2455 -0.9578
vn 0.1645 0.5754 -0.8012
vn 0.0402 0.7947 -0.6057
vn -0.0207 0.3850 -0.9227
vn 0.3878 0.7343 0.5572
vn 0.3189 0.8689 0.3786
vn -0.6111 0.3273 0.7208
vn 0.3413 0.7607 0.5522
vn -0.3198 0.5119 0.7973
vn 0.2851 0.7433 0.6052
vn -0.1562 0.6920 0.7048
vn -0.0655 -0.9482 0.3107
vn -0.0060 -0.9572 0.2895
vn 0.4054 -0.7792 0.4779
vn -0.2018 -0.9256 0.3203
vn 0.3465 -0.5962 0.7242
vn -0.9034 -0.3315 0.2719
vn 0.6630 -0.2160 0.7168
vn 0.7520 0.0111 0.6591
vn 0.7464 0.2082 0.6321
vn -0.0029 0.6125 -0.7904
vn -0.0194 0.4906 -0.8712
vn 0.7889 0.0395 -0.6132
vn -0.0974 0.5060 -0.8570
vn -0.1060 0.3991 -0.9107
vn 0.0511 0.3186 -0.9465
vn 0.7074 -0.4427 -0.5510
vn 0.0140 0.3158 -0.9487
vn -0.8513 0.0358 0.5234
vn -0.1642 0.1501 -0.9749
vn 0.6805 0.4062 0.6098
vn 0.5941 0.5043 0.6267
vn -0.2120 0.1963 -0.9574
vn -0.7575 0.2204 0.6145
vn -0.1029 0.2979 -0.9490
vn 0.5321 0.5988 0.5986
vn 0.3766 0.8368 0.3974
vn 0.4686 0.8806 -0.0707
vn 0.4998 0.7916 -0.3517
vn 0.9424 0.2814 0.1810
vn 0.2750 0.6579 -0.7011
vn 0.8275 0.4570 0.3262
vn 0.0781 0.4880 -0.8693
vn 0.3443 0.9091 0.2345
vn -0.3870 0.3755 0.8421
vn -0.2644 0.5710 0.7772
vn 0.2210 0.7460 0.6282
vn 0.0500 0.8185 0.5723
vn 0.0693 0.8394 0.5391
vn -0.0731 -0.9317 0.3558
vn 0.0355 -0.9228 0.3836
vn 0.2980 -0.8577 0.4189
vn 0.3599 -0.8178 0.4490
vn -0.1132 -0.9297 0.3506
vn -0.1242 -0.9213 0.3685
vn -0.1514 -0.8789 0.4523
vn -0.1605 -0.9334 0.3208
vn 0.4233 -0.5555 0.7157
vn -0.6364 -0.7234 0.2675
vn 0.3071 -0.5160 0.7997
vn -0.8950 -0.4047 0.1877
vn 0.6285 -0.3737 0.6821
vn 0.6866 -0.1125 0.7183
vn -0.8895 -0.0182 0.4565
vn 0.4008 0.3547 -0.8447
vn -0.0728 0.5069 -0.8589
vn -0.1045 0.5708 -0.8144
vn -0.0936 0.5368 -0.8385
vn -0.1494 0.4613 -0.8746
vn -0.1784 0.4361 -0.8820
vn -0.2478 0.5683 -0.7846
vn -0.0695 0.2570 -0.9639
vn -0.0780 0.2121 -0.9741
vn -0.0108 0.2115 -0.9773
vn 0.9676 -0.0096 -0.2524
vn 0.0229 0.1883 -0.9818
vn -0.1492 0.1599 -0.9758
vn -0.1752 0.1124 -0.9781
vn -0.1852 0.1442 -0.9721
vn -0.1035 0.2503 -0.9626
vn 0.6214 0.7438 0.2462
vn -0.0438 0.3512 -0.9353
vn 0.5139 0.7765 -0.3647
vn 0.7269 0.5922 0.3476
vn 0.3327 0.6823 -0.6510
vn -0.4923 0.3656 0.7899
vn 0.3224 0.8719 0.3685
vn 0.2873 0.6870 0.6675
vn -0.0594 0.6597 0.7492
vn -0.0493 -0.9178 0.3939
vn -0.0311 -0.9124 0.4080
vn -0.1440 -0.8698 0.4719
vn -0.1630 -0.9029 0.3978
vn 0.4255 -0.5954 0.6815
vn 0.2861 -0.4825 0.8278
vn -0.7220 -0.6440 0.2529
vn 0.4247 -0.5158 0.7440
vn -0.8272 -0.5212 0.2098
vn 0.5052 -0.5201 0.6887
vn -0.9401 -0.2852 0.1870
vn 0.6706 0.1006 0.7350
vn 0.1578 0.3285 -0.9312
vn -0.8496 0.0832 0.5208
vn 0.0921 0.4797 -0.8726
vn 0.5394 -0.1531 -0.8280
vn -0.1389 0.7150 -0.6852
vn 0.7046 0.2619 0.6595
vn 0.6091 -0.0016 -0.7931
vn -0.8173 0.1307 0.5611
vn 0.0113 0.0709 -0.9974
vn 0.6781 0.5704 0.4635
vn -0.0426 0.2174 -0.9752
vn -0.1507 0.3625 -0.9197
vn -0.0625 0.0706 -0.9955
vn 0.9522 0.3048 0.0183
vn -0.0623 0.2995 -0.9521
vn -0.0705 0.1540 -0.9856
vn -0.0835 0.1451 -0.9859
vn -0.1406 0.0672 -0.9878
vn -0.1262 0.2371 -0.9633
vn 0.7415 0.6701 0.0331
vn -0.0625 0.2361 -0.9697
vn -0.0560 0.2634 -0.9631
vn 0.1231 0.4987 -0.8580
vn 0.1399 0.5235 -0.8405
vn 0.3715 0.7810 0.5020
vn 0.3232 0.8517 0.4125
vn -0.3262 0.5110 0.7952
vn 0.2501 0.6676 0.7013
vn 0.1935 0.6334 0.7493
vn -0.1997 0.6018 0.7733
vn 0.0368 0.7211 0.6919
vn 0.0892 -0.8772 0.4717
vn -0.0849 -0.9407 0.3284
vn 0.2040 -0.8525 0.4813
vn -0.0079 -0.9319 0.3625
vn 0.4128 -0.7124 0.5676
vn -0.1834 -0.8844 0.4292
vn 0.3805 -0.6801 0.6266
vn 0.4121 -0.6246 0.6633
vn -0.3762 -0.8998 0.2208
vn 0.4405 -0.5025 0.7440
vn 0.3198 -0.4579 0.8295
vn 0.3907 -0.5074 0.7680
vn -0.9339 -0.3249 0.1496
vn 0.5295 -0.4858 0.6954
vn 0.6156 -0.3324 0.7145
vn -0.0778 0.7398 -0.6684
vn -0.2072 0.6980 -0.6854
vn -0.2751 0.6729 -0.6866
vn 0.7251 0.4496 -0.5216
vn 0.6672 0.3782 0.6418
vn -0.3322 0.5905 -0.7355
vn -0.1915 0.3810 -0.9045
vn -0.0897 0.2529 -0.9633
vn 0.7579 0.5525 0.3467
vn -0.1915 0.3083 -0.9318
vn -0.1174 0.2309 -0.9659
vn 0.5528 0.6464 0.5259
vn -0.1140 0.2730 -0.9552
vn -0.1412 0.2425 -0.9598
vn -0.2582 0.3818 -0.8874
vn 0.3861 0.3285 -0.8620
vn 0.1242 0.3311 -0.9354
vn -0.1165 0.1999 -0.9729
vn -0.4885 0.4365 0.7555
vn 0.0955 0.2678 -0.9587
vn 0.1847 0.3271 -0.9268
vn 0.0078 0.3151 -0.9490
vn -0.3769 0.4490 0.8101
vn 0.2859 0.6607 0.6940
vn 0.2633 0.7759 0.5733
vn 0.0803 0.6508 0.7549
vn 0.0113 -0.9053 0.4247
vn -0.0966 -0.9215 0.3762
vn -0.1473 -0.8637 0.4820
vn -0.0562 -0.8384 0.5422
vn -0.0452 -0.8907 0.4523
vn -0.0859 -0.8375 0.5396
vn -0.1087 -0.8397 0.5321
vn -0.1587 -0.9621 0.2216
vn -0.3038 -0.9367 0.1743
vn 0.4088 -0.4390 0.8001
vn -0.7739 -0.5767 0.2619
vn 0.2401 -0.5110 0.8254
vn 0.4114 -0.4988 0.7629
vn 0.6256 -0.1844 0.7580
vn 0.6238 -0.0147 0.7814
vn -0.9013 -0.0362 0.4317
vn 0.6113 0.2241 0.7590
vn 0.1837 0.6929 -0.6972
vn -0.3737 0.7705 -0.5164
vn 0.8740 0.3919 0.2872
vn 0.6367 0.5922 0.4938
vn -0.3837 0.5535 -0.7392
vn -0.6617 0.3199 0.6781
vn -0.4107 0.5948 -0.6911
vn 0.7211 0.6816 0.1240
vn -0.5589 0.3990 0.7269
vn 0.5101 0.4200 -0.7506
vn 0.4154 0.6956 0.5862
vn -0.1218 0.2058 -0.9710
vn -0.1990 0.3911 -0.8986
vn 0.3305 0.8145 0.4768
vn -0.1543 0.3388 -0.9281
vn -0.2074 0.5959 -0.7758
vn -0.0982 0.6966 -0.7107
vn 0.2425 0.4395 -0.8649
vn -0.3907 0.4740 0.7891
vn -0.1490 0.8051 -0.5741
vn 0.1409 0.7704 -0.6218
vn 0.2760 0.9106 -0.3077
vn 0.4154 0.6678 -0.6177
vn 0.2666 0.7359 0.6224
vn -0.3069 0.5121 0.8023
vn 0.2604 0.6674 0.6977
vn -0.1539 0.5772 0.8020
vn -0.0541 -0.8949 0.4429
vn -0.0736 -0.7800 0.6215
vn -0.1306 -0.7382 0.6618
vn -0.0892 -0.7325 0.6749
vn -0.1480 -0.7873 0.5985
vn -0.1378 -0.9415 0.3075
vn -0.4651 -0.8424 0.2721
vn 0.3005 -0.4899 0.8184
vn 0.2932 -0.5266 0.7979
vn -0.9385 -0.1719 0.2996
vn -0.8598 0.0855 0.5035
vn -0.0449 0.8924 -0.4490
vn -0.2245 0.8535 -0.4702
vn -0.4838 0.6728 -0.5597
vn 0.6911 0.5297 0.4917
vn -0.4595 0.5121 -0.7257
vn 0.6636 0.1030 -0.7409
vn 0.5825 0.5290 -0.6171
vn 0.3822 0.5727 -0.7252
vn 0.6446 0.7388 0.1965
vn -0.3684 0.6899 -0.6231
vn 0.2748 0.8356 0.4756
vn -0.2927 0.8548 -0.4286
vn 0.3965 0.9007 0.1776
vn 0.0640 0.9824 -0.1757
vn 0.2161 0.8323 0.5106
vn -0.1662 0.9846 -0.0542
vn 0.2117 0.8089 0.5485
vn -0.2305 0.5701 0.7885
vn 0.1904 0.6066 0.7719
vn -0.0562 0.5759 0.8155
vn 0.0172 0.5805 0.8141
vn 0.3505 -0.7295 0.5874
vn -0.0525 -0.8631 0.5022
vn -0.1059 -0.6761 0.7291
vn -0.1419 -0.8052 0.5758
vn -0.0499 -0.7226 0.6894
vn 0.4100 -0.5741 0.7088
vn -0.1196 -0.8036 0.5830
vn -0.1055 -0.8626 0.4947
vn -0.0433 -0.9020 0.4296
vn 0.4087 -0.5043 0.7607
vn -0.5653 -0.7838 0.2573
vn 0.4092 -0.4143 0.8130
vn -0.8383 -0.5048 0.2061
vn 0.4899 -0.3847 0.7823
vn -0.9313 -0.2570 0.2581
vn 0.5402 -0.1123 0.8340
vn 0.5095 -0.0388 0.8596
vn 0.1225 0.8973 -0.4241
vn 0.4610 0.8181 -0.3438
vn 0.6960 0.7092 -0.1122
vn -0.3179 0.9173 -0.2399
vn -0.2407 0.9095 -0.3391
vn -0.4056 0.8547 -0.3240
vn -0.5640 0.7301 -0.3858
vn -0.4725 0.6903 -0.5479
vn 0.7517 0.4515 0.4808
vn 0.7032 0.3611 0.6125
vn -0.6386 0.7167 -0.2802
vn -0.7639 0.6162 -0.1918
vn 0.5533 0.7672 0.3244
vn -0.3869 0.9017 -0.1932
vn -0.2826 0.9591 0.0190
vn -0.3881 0.5402 0.7467
vn -0.3438 0.5509 0.7605
vn -0.1570 0.5446 0.8239
vn 0.1015 0.5649 0.8189
vn -0.0093 -0.8537 0.5206
vn 0.0641 -0.8252 0.5611
vn -0.0624 -0.7554 0.6523
vn -0.1048 -0.6350 0.7653
vn -0.4381 -0.8858 0.1528
vn 0.4064 -0.3927 0.8250
vn -0.6491 -0.6854 0.3301
vn -0.8923 -0.3705 0.2579
vn 0.5001 -0.2136 0.8392
vn -0.8555 -0.1096 0.5061
vn 0.5596 0.0838 0.8245
vn -0.1069 0.9758 -0.1908
vn 0.0266 0.9711 -0.2373
vn 0.6452 0.7463 0.1637
vn -0.4690 0.8433 -0.2624
vn 0.5886 0.4152 0.6936
vn -0.5458 0.8247 -0.1484
vn 0.5397 0.5132 0.6673
vn -0.5713 0.4365 0.6951
vn -0.5732 0.7938 -0.2034
vn -0.4534 0.8362 -0.3086
vn 0.5838 0.5554 0.5922
vn -0.4941 0.5290 0.6899
vn -0.2751 0.9003 0.3374
vn -0.0438 0.9486 0.3135
vn 0.1946 0.9304 0.3105
vn -0.2596 0.6162 0.7436
vn 0.2057 0.7104 0.6731
vn -0.0829 -0.9092 0.4080
vn -0.0756 -0.7611 0.6442
vn -0.1104 -0.8212 0.5598
vn -0.0939 -0.6157 0.7824
vn -0.0591 -0.7118 0.6999
vn -0.7025 -0.5838 0.4071
vn 0.2528 -0.5542 0.7931
vn 0.3398 -0.4981 0.7977
vn 0.2111 -0.5411 0.8140
vn 0.3771 -0.4167 0.8271
vn 0.3105 -0.4552 0.8345
vn -0.2063 0.9762 -0.0673
vn -0.7544 0.1966 0.6263
vn -0.6881 0.2857 0.6670
vn 0.6163 0.5920 0.5194
vn -0.6160 0.7878 0.0004
vn 0.5498 0.2932 0.7821
vn 0.4057 0.5817 0.7050
vn -0.6309 0.7688 -0.1041
vn 0.5613 0.4175 0.7146
vn 0.3530 0.7382 0.5748
vn -0.4019 0.8972 0.1829
vn -0.3587 0.9262 0.1157
vn -0.6102 0.7104 0.3507
vn 0.4621 0.5706 0.6789
vn -0.5189 0.6954 0.4971
vn 0.3427 0.7385 0.5806
vn -0.1562 0.8734 0.4613
vn 0.0980 0.8861 0.4531
vn 0.1616 0.6630 0.7310
vn 0.1692 -0.7828 0.5989
vn -0.0849 -0.8560 0.5099
vn 0.3964 -0.6227 0.6746
vn 0.4591 -0.4956 0.7373
vn -0.0699 -0.7175 0.6931
vn -0.0664 -0.7401 0.6693
vn -0.1415 -0.7675 0.6252
vn 0.4087 -0.4484 0.7949
vn 0.0169 -0.9412 0.3373
vn -0.0361 -0.8261 0.5624
vn 0.3774 -0.4069 0.8319
vn -0.4574 -0.8636 0.2122
vn 0.4057 -0.3940 0.8247
vn 0.3354 -0.4377 0.8342
vn -0.8532 -0.4521 0.2600
vn 0.2434 -0.5623 0.7903
vn 0.4089 -0.2148 0.8869
vn 0.4046 -0.1206 0.9065
vn 0.4974 0.2537 0.8296
vn 0.1839 0.9772 -0.1065
vn 0.3838 0.9234 -0.0035
vn -0.3482 0.9352 -0.0637
vn 0.5682 0.7693 0.2921
vn -0.4403 0.8861 0.1446
vn -0.5756 0.8141 0.0772
vn 0.4154 0.6154 0.6698
vn 0.3686 0.3504 0.8610
vn -0.4905 0.5213 0.6983
vn 0.3702 0.7964 0.4781
vn 0.2716 0.4883 0.8293
vn -0.2402 0.8123 0.5315
vn -0.3204 0.5777 0.7507
vn -0.1556 0.6240 0.7658
vn -0.0178 0.6710 0.7413
vn 0.1388 0.6061 0.7832
vn 0.1633 0.7892 0.5920
vn 0.1130 0.6546 0.7474
vn 0.0292 0.5221 0.8524
vn 0.0487 0.5884 0.8071
vn -0.0847 0.5706 0.8168
vn -0.0516 -0.8494 0.5252
vn 0.0524 -0.8328 0.5510
vn 0.2761 -0.6653 0.6936
vn -0.1420 -0.6462 0.7499
vn -0.1618 -0.7158 0.6794
vn -0.0894 -0.6266 0.7742
vn -0.0258 -0.7984 0.6016
vn -0.0707 -0.8080 0.5849
vn -0.2822 -0.9398 0.1928
vn 0.3607 -0.3351 0.8704
vn -0.7900 -0.5059 0.3463
vn 0.3093 -0.4942 0.8125
vn 0.3219 -0.5897 0.7407
vn -0.8516 -0.2450 0.4635
vn 0.4183 -0.1068 0.9020
vn -0.7629 0.0064 0.6465
vn 0.3886 -0.0074 0.9214
vn -0.7690 0.0970 0.6318
vn 0.4070 0.1709 0.8973
vn 0.4183 0.0907 0.9038
vn -0.3562 0.9176 0.1768
vn 0.4006 0.7157 0.5721
vn -0.6022 0.3621 0.7115
vn 0.3281 0.7163 0.6159
vn -0.6070 0.7557 0.2458
vn -0.5920 0.7516 0.2909
vn 0.4789 0.7734 0.4153
vn -0.4561 0.8185 0.3494
vn -0.4570 0.5839 0.6710
vn -0.1134 0.5666 0.8162
vn 0.1677 0.8452 0.5074
vn 0.1341 0.8094 0.5718
vn 0.1317 0.7790 0.6131
vn -0.1469 0.6167 0.7734
vn -0.0122 0.5904 0.8070
vn -0.0893 -0.8272 0.5548
vn 0.1919 -0.7272 0.6591
vn -0.1676 -0.7734 0.6114
vn 0.1425 -0.7834 0.6050
vn -0.1971 -0.6908 0.6957
vn -0.1176 -0.7163 0.6879
vn -0.0692 -0.8437 0.5323
vn -0.0450 -0.8664 0.4974
vn -0.1301 -0.7755 0.6178
vn -0.0563 -0.8934 0.4457
vn 0.4294 -0.3689 0.8243
vn 0.0377 -0.8858 0.4625
vn -0.6238 -0.6617 0.4160
vn 0.2945 -0.3065 0.9052
vn 0.2495 -0.5324 0.8089
vn 0.2839 -0.4838 0.8279
vn 0.3016 -0.2549 0.9187
vn 0.3355 -0.1544 0.9293
vn -0.6584 0.1897 0.7283
vn 0.0274 0.9995 0.0172
vn -0.1037 0.9946 -0.0084
vn -0.2227 0.9493 0.2220
vn -0.6138 0.2553 0.7470
vn 0.4053 0.2691 0.8737
vn -0.5108 0.7858 0.3488
vn 0.3410 0.2735 0.8994
vn -0.5739 0.7573 0.3116
vn 0.4863 0.7885 0.3766
vn -0.4677 0.7573 0.4558
vn -0.2557 0.7811 0.5697
vn 0.3131 0.8642 0.3939
vn 0.0081 0.5043 0.8635
vn 0.0840 0.4500 0.8890
vn -0.3519 0.6492 0.6743
vn -0.1965 0.6470 0.7367
vn -0.1104 -0.7405 0.6630
vn -0.1825 -0.6829 0.7074
vn 0.4281 -0.4987 0.7537
vn -0.1742 -0.7201 0.6716
vn 0.4276 -0.3821 0.8192
vn -0.0532 -0.8087 0.5858
vn 0.4517 -0.3592 0.8167
vn -0.1552 -0.9545 0.2548
vn 0.1084 -0.9392 0.3259
vn -0.6373 -0.5498 0.5399
vn 0.3997 -0.2823 0.8721
vn 0.3175 -0.2872 0.9037
vn -0.7085 -0.4771 0.5200
vn 0.2443 -0.3790 0.8926
vn 0.1760 -0.4069 0.8964
vn -0.7860 -0.3966 0.4743
vn 0.2945 -0.5685 0.7682
vn -0.7739 -0.2852 0.5654
vn -0.7283 -0.1289 0.6730
vn 0.3306 -0.1108 0.9373
vn 0.3073 -0.0459 0.9505
vn 0.3249 0.0652 0.9435
vn 0.4239 0.8812 0.2091
vn 0.3329 0.1751 0.9265
vn -0.3834 0.8254 0.4143
vn 0.4621 0.8399 0.2847
vn -0.5364 0.4393 0.7207
vn -0.4966 0.6887 0.5283
vn 0.5339 0.8374 0.1176
vn 0.2326 0.2844 0.9301
vn 0.3380 0.9076 0.2491
vn -0.1439 0.6271 0.7656
vn -0.0873 0.6521 0.7531
vn 0.0220 0.5072 0.8615
vn -0.4668 0.5781 0.6693
vn 0.2052 0.8752 0.4380
vn -0.2553 0.6796 0.6877
vn 0.1120 0.7635 0.6360
vn 0.0737 0.7331 0.6761
vn 0.0169 0.6851 0.7283
vn -0.0131 -0.8415 0.5402
vn -0.0635 -0.9228 0.3801
vn -0.0116 -0.9874 0.1580
vn -0.0167 -0.9528 0.3030
vn -0.1571 -0.8558 0.4929
vn -0.1404 -0.9379 0.3174
vn -0.0086 -0.9562 0.2925
vn 0.1441 -0.9507 0.2745
vn -0.1032 -0.9119 0.3971
vn -0.4383 -0.7741 0.4568
vn 0.1852 -0.4187 0.8890
vn 0.2054 -0.3666 0.9074
vn 0.2340 -0.2619 0.9363
vn 0.2911 -0.2608 0.9205
vn 0.2548 -0.0988 0.9619
vn -0.6627 0.0958 0.7428
vn 0.0858 0.9883 0.1263
vn -0.0981 0.9800 0.1734
vn 0.2574 0.9548 0.1485
vn -0.2072 0.9163 0.3428
vn 0.5593 0.8090 0.1809
vn -0.4447 0.6325 0.6342
vn -0.2861 0.6323 0.7199
vn 0.1324 0.3494 0.9276
vn -0.0297 0.5029 0.8638
vn 0.1316 0.8761 0.4639
vn -0.1318 0.6488 0.7494
vn -0.0433 0.6376 0.7691
vn -0.0341 0.6757 0.7364
vn 0.2145 -0.6326 0.7442
vn 0.2957 -0.5551 0.7774
vn -0.0760 -0.8682 0.4904
vn -0.1084 -0.9799 0.1677
vn -0.0854 -0.9656 0.2456
vn -0.2301 -0.8686 0.4389
vn 0.0046 -0.9684 0.2492
vn 0.3702 -0.3155 0.8738
vn -0.6374 -0.5095 0.5781
vn 0.4333 -0.3445 0.8328
vn 0.3252 -0.3774 0.8671
vn -0.6491 -0.3285 0.6861
vn 0.1996 -0.3708 0.9070
vn -0.6641 -0.1922 0.7225
vn 0.2317 -0.1197 0.9654
vn -0.6246 -0.0003 0.7810
vn 0.2820 0.0081 0.9594
vn 0.2798 0.0902 0.9558
vn 0.2764 0.1970 0.9406
vn -0.2394 0.8215 0.5175
vn -0.5309 0.3083 0.7893
vn 0.4741 0.7910 0.3866
vn -0.2913 0.6570 0.6953
vn -0.3151 0.5552 0.7697
vn -0.1003 0.4345 0.8950
vn -0.0062 0.3547 0.9349
vn 0.0453 0.3832 0.9226
vn 0.3640 0.9065 0.2139
vn -0.3043 0.6573 0.6895
vn 0.2291 0.9220 0.3122
vn -0.1775 0.6392 0.7483
vn 0.1380 0.8796 0.4553
vn 0.0089 0.7175 0.6965
vn -0.1794 -0.6529 0.7359
vn -0.1608 -0.5707 0.8053
vn 0.2896 -0.4649 0.8366
vn 0.0722 -0.9495 0.3054
vn -0.0596 -0.7386 0.6715
vn -0.1480 -0.9744 0.1694
vn 0.0106 -0.9982 0.0589
vn 0.0479 -0.8516 0.5220
vn -0.1711 -0.9377 0.3023
vn -0.5297 -0.5283 0.6636
vn 0.4173 -0.2880 0.8619
vn -0.5671 -0.3532 0.7440
vn 0.1417 -0.2699 0.9524
vn 0.1941 -0.2146 0.9572
vn 0.1652 -0.1844 0.9689
vn 0.2384 -0.1145 0.9644
vn 0.2865 -0.0439 0.9571
vn 0.2136 -0.0977 0.9720
vn 0.1842 0.0104 0.9828
vn 0.2285 -0.0377 0.9728
vn -0.5841 0.1147 0.8035
vn 0.1410 0.0520 0.9886
vn 0.0002 0.9540 0.2997
vn -0.1129 0.8815 0.4585
vn 0.1185 0.1127 0.9865
vn -0.1198 0.4319 0.8939
vn 0.0404 0.2557 0.9659
vn 0.0570 0.1625 0.9851
vn 0.5338 0.8249 0.1861
vn 0.1322 0.8738 0.4680
vn 0.1098 0.8411 0.5296
vn 0.0816 0.8561 0.5103
vn 0.0349 0.7689 0.6384
vn 0.0918 -0.6804 0.7270
vn -0.2081 -0.5228 0.8266
vn -0.0677 -0.9972 0.0320
vn -0.1674 -0.9615 0.2180
vn 0.0028 -0.9276 0.3736
vn 0.1334 -0.9727 0.1898
vn -0.1433 -0.9672 0.2097
vn -0.5357 -0.3956 0.7460
vn 0.3879 -0.3083 0.8686
vn -0.5613 -0.2193 0.7980
vn 0.2001 -0.3489 0.9155
vn 0.1770 -0.1895 0.9658
vn -0.5977 -0.1214 0.7925
vn 0.1791 -0.0915 0.9796
vn 0.1962 -0.0617 0.9786
vn 0.1961 0.0059 0.9806
vn 0.1425 0.0526 0.9884
vn 0.1977 0.0731 0.9775
vn 0.1031 0.0916 0.9904
vn 0.1807 0.9355 0.3036
vn -0.5598 0.1799 0.8088
vn 0.3614 0.8456 0.3928
vn 0.1607 0.1582 0.9742
vn 0.0880 0.1406 0.9861
vn -0.0896 0.6461 0.7580
vn -0.0539 0.5112 0.8578
vn 0.1094 0.1904 0.9756
vn 0.5533 0.7294 0.4023
vn 0.0415 0.2828 0.9583
vn -0.4609 0.5009 0.7326
vn -0.2342 0.5433 0.8062
vn 0.2506 0.8908 0.3790
vn 0.1424 0.8489 0.5090
vn -0.0329 0.5985 0.8004
vn -0.0567 0.6589 0.7501
vn -0.0583 0.6116 0.7890
vn 0.1646 -0.4515 0.8770
vn 0.0076 -0.6073 0.7945
vn 0.2532 -0.3455 0.9036
vn -0.1100 -0.9810 0.1601
vn 0.1309 -0.9806 0.1460
vn 0.2907 -0.2573 0.9216
vn -0.3268 -0.6774 0.6590
vn 0.3281 -0.2452 0.9123
vn -0.4762 -0.3960 0.7851
vn 0.3295 -0.2698 0.9048
vn 0.4046 -0.3660 0.8381
vn 0.3811 -0.4463 0.8097
vn 0.3153 -0.4465 0.8374
vn 0.3019 -0.4024 0.8642
vn 0.3117 -0.2171 0.9251
vn 0.3842 -0.2905 0.8764
vn 0.2456 -0.0631 0.9673
vn 0.2867 -0.0687 0.9555
vn 0.2197 0.0408 0.9747
vn 0.1893 0.1098 0.9757
vn 0.1557 0.1609 0.9746
vn 0.1572 0.8500 0.5028
vn -0.0461 0.7511 0.6586
vn 0.1230 0.1761 0.9767
vn -0.4254 0.4077 0.8080
vn -0.1473 0.5707 0.8078
vn -0.0243 0.5648 0.8249
vn 0.0603 0.7852 0.6163
vn -0.0239 -0.5482 0.8360
vn -0.1112 -0.4959 0.8612
vn 0.0879 -0.9870 0.1348
vn -0.0120 -0.9999 0.0054
vn -0.1747 -0.4833 0.8578
vn -0.1860 -0.9442 0.2717
vn 0.1716 -0.6738 0.7187
vn -0.0403 -0.5320 0.8458
vn -0.1934 -0.9499 0.2455
vn -0.1350 -0.8155 0.5629
vn -0.4358 -0.4815 0.7604
vn -0.5578 -0.2424 0.7938
vn 0.4277 -0.0627 0.9017
vn -0.5549 -0.0140 0.8318
vn 0.3818 0.0539 0.9227
vn 0.3043 0.1483 0.9410
vn 0.2292 0.2342 0.9448
vn -0.0233 0.7631 0.6459
vn 0.1279 0.2671 0.9551
vn -0.0127 0.7952 0.6063
vn 0.0408 0.3556 0.9337
vn 0.4214 0.6467 0.6358
vn 0.4683 0.7179 0.5151
vn -0.0948 0.4856 0.8690
vn 0.0781 0.8088 0.5828
vn 0.0419 0.6806 0.7314
vn -0.0293 0.5149 0.8567
vn 0.0168 0.6165 0.7872
vn -0.0139 0.6192 0.7851
vn 0.0304 -0.4080 0.9125
vn -0.1181 -0.9877 0.1021
vn -0.1259 -0.3902 0.9121
vn 0.1832 -0.2855 0.9407
vn 0.2299 -0.9134 0.3358
vn 0.2419 -0.8065 0.5395
vn 0.0404 -0.9387 0.3425
vn -0.0020 -0.9797 0.2003
vn -0.0430 -0.9704 0.2377
vn 0.0886 -0.5134 0.8536
vn 0.2912 -0.2443 0.9249
vn -0.5083 -0.3514 0.7862
vn 0.2659 -0.2556 0.9295
vn 0.2941 -0.2144 0.9314
vn 0.2520 -0.2790 0.9266
vn -0.5389 -0.3042 0.7855
vn 0.2739 -0.3644 0.8900
vn 0.3555 -0.4476 0.8205
vn -0.5872 -0.1456 0.7962
vn 0.3899 -0.2630 0.8825
vn -0.5707 0.0664 0.8185
vn 0.2108 0.1610 0.9642
vn 0.1397 0.2547 0.9569
vn 0.0080 0.5636 0.8260
vn 0.0925 0.2869 0.9535
vn 0.0352 0.4527 0.8910
vn -0.0931 0.5547 0.8268
vn -0.4687 0.2452 0.8487
vn 0.3622 0.6743 0.6435
vn 0.4178 0.4854 0.7680
vn -0.1821 0.3999 0.8983
vn -0.0337 0.5065 0.8616
vn 0.0189 0.6013 0.7988
vn 0.0515 0.6753 0.7358
vn -0.0181 -0.9697 0.2437
vn 0.0999 -0.3419 0.9344
vn -0.0818 -0.9643 0.2519
vn 0.2075 -0.2794 0.9375
vn 0.2979 -0.7518 0.5883
vn 0.1467 -0.2747 0.9503
vn -0.1394 -0.9233 0.3580
vn 0.1941 -0.4870 0.8516
vn 0.3494 -0.5576 0.7530
vn -0.0786 -0.4466 0.8913
vn -0.1518 -0.6977 0.7001
vn -0.3028 -0.5126 0.8034
vn 0.3113 -0.2387 0.9199
vn 0.1850 -0.2021 0.9617
vn 0.3043 -0.1900 0.9334
vn 0.2505 -0.3764 0.8919
vn 0.2736 -0.3574 0.8930
vn -0.6098 -0.0528 0.7908
vn 0.0800 0.3257 0.9421
vn 0.0100 0.4854 0.8742
vn 0.1280 0.6908 0.7116
vn 0.2601 0.7163 0.6476
vn -0.3499 0.3120 0.8833
vn -0.1029 0.4080 0.9072
vn 0.2413 0.5570 0.7947
vn -0.0194 0.4820 0.8760
vn -0.0520 0.4820 0.8746
vn -0.0661 -0.8664 0.4949
vn 0.0127 -0.8751 0.4837
vn 0.1294 -0.8888 0.4395
vn -0.0158 -0.3000 0.9538
vn -0.2119 -0.9075 0.3626
vn 0.0104 -0.8013 0.5981
vn -0.4066 -0.4155 0.8137
vn -0.4659 -0.3611 0.8078
vn 0.3441 -0.3065 0.8875
vn -0.5248 -0.2945 0.7987
vn 0.2036 -0.3169 0.9264
vn 0.2301 -0.2804 0.9319
vn 0.2272 -0.2212 0.9484
vn 0.2804 0.0088 0.9598
vn -0.4761 0.1651 0.8638
vn -0.4184 0.2499 0.8732
vn 0.0420 0.3453 0.9375
vn 0.0328 0.4173 0.9082
vn 0.1226 0.5046 0.8546
vn 0.1926 0.5681 0.8001
vn 0.2493 0.5212 0.8162
vn -0.2962 0.2780 0.9138
vn 0.2515 0.4879 0.8359
vn 0.2658 0.4422 0.8566
vn 0.2036 0.3491 0.9147
vn -0.0418 0.4220 0.9056
vn -0.0235 0.4539 0.8907
vn 0.0249 0.4298 0.9026
vn -0.0308 0.4384 0.8983
vn -0.2011 -0.8685 0.4531
vn 0.3152 -0.5983 0.7367
vn 0.0018 -0.8294 0.5586
vn -0.0813 -0.8646 0.4959
vn -0.1577 -0.8047 0.5724
vn -0.0707 -0.5828 0.8096
vn 0.0522 -0.2699 0.9615
vn -0.0390 -0.2574 0.9655
vn -0.0066 -0.2843 0.9587
vn 0.2493 -0.2702 0.9300
vn 0.0519 -0.3434 0.9378
vn 0.0792 -0.1784 0.9808
vn 0.1398 -0.1334 0.9811
vn 0.2082 -0.2191 0.9532
vn 0.3695 -0.2993 0.8797
vn 0.2921 -0.3607 0.8858
vn 0.3470 -0.4202 0.8385
vn 0.3140 -0.4060 0.8583
vn 0.2609 -0.3466 0.9010
vn -0.5314 -0.1974 0.8238
vn 0.0988 -0.1057 0.9895
vn 0.2261 -0.1287 0.9656
vn 0.1896 -0.0330 0.9813
vn 0.2502 0.0297 0.9677
vn 0.1258 0.1923 0.9732
vn 0.0956 0.2508 0.9633
vn 0.1008 0.2083 0.9729
vn 0.0868 0.2526 0.9637
vn 0.0503 0.2567 0.9652
vn 0.0577 0.1614 0.9852
vn 0.0361 0.2711 0.9619
vn 0.1168 0.3194 0.9404
vn 0.1860 0.3879 0.9027
vn -0.1751 0.3330 0.9265
vn -0.1191 0.3809 0.9169
vn -0.0060 0.4105 0.9118
vn -0.0195 0.4147 0.9097
vn -0.0354 0.4115 0.9107
vn 0.0691 0.2660 0.9615
vn 0.0651 0.3653 0.9286
vn -0.0086 0.3925 0.9197
vn 0.0062 0.4421 0.8969
vn 0.1390 -0.7318 0.6672
vn 0.3421 -0.4808 0.8073
vn 0.4193 -0.4314 0.7988
vn -0.0504 -0.6479 0.7601
vn -0.1261 -0.7060 0.6969
vn -0.1637 -0.4563 0.8747
vn 0.1635 -0.3349 0.9280
vn 0.0369 -0.1059 0.9937
vn 0.1198 -0.2449 0.9621
vn 0.0410 -0.0615 0.9973
vn 0.0718 -0.2138 0.9742
vn 0.0516 -0.1141 0.9921
vn 0.1062 -0.2235 0.9689
vn 0.0832 -0.2270 0.9703
vn 0.0382 -0.2350 0.9712
vn 0.1637 -0.2934 0.9419
vn 0.3527 -0.4009 0.8455
vn -0.5691 -0.0515 0.8207
vn 0.0906 0.0462 0.9948
vn 0.2688 0.0364 0.9625
vn -0.5277 0.0384 0.8485
vn 0.0359 0.0793 0.9962
vn 0.0913 0.1264 0.9878
vn 0.0731 0.1939 0.9783
vn 0.0753 0.2498 0.9654
vn 0.1601 0.2733 0.9485
vn 0.1724 0.3696 0.9131
vn 0.1505 0.3291 0.9322
vn 0.1030 0.3091 0.9455
vn -0.0271 0.3872 0.9216
vn -0.0141 0.3570 0.9340
vn 0.0396 0.2839 0.9581
vn 0.0304 -0.7453 0.6661
vn -0.1612 -0.7696 0.6179
vn 0.1460 -0.6123 0.7770
vn 0.4023 -0.3481 0.8468
vn -0.1338 -0.4160 0.8995
vn 0.2508 -0.2970 0.9213
vn -0.2944 -0.3821 0.8760
vn 0.0661 -0.2523 0.9654
vn 0.1091 -0.2551 0.9607
vn 0.1065 -0.2098 0.9719
vn 0.0587 -0.2148 0.9749
vn 0.0245 -0.2294 0.9730
vn 0.3151 -0.2034 0.9270
vn 0.1694 0.1811 0.9688
vn 0.1548 0.2172 0.9638
vn 0.1026 0.2203 0.9700
vn 0.1102 0.2480 0.9625
vn -0.2292 0.3167 0.9204
vn -0.3180 0.2406 0.9171
vn 0.1202 0.3127 0.9422
vn -0.1535 0.3668 0.9176
vn 0.0877 0.2568 0.9625
vn -0.0817 0.3941 0.9154
vn -0.0371 0.3686 0.9289
vn -0.0265 0.3843 0.9228
vn -0.0367 0.3739 0.9267
vn 0.0312 0.3074 0.9511
vn -0.0662 -0.6852 0.7253
vn -0.1914 -0.6801 0.7077
vn -0.1381 -0.4792 0.8668
vn -0.1913 -0.5568 0.8084
vn 0.2874 -0.2693 0.9192
vn 0.0860 -0.2906 0.9530
vn 0.1585 -0.2196 0.9626
vn 0.1056 -0.2653 0.9584
vn 0.0907 -0.2615 0.9609
vn 0.0364 -0.2789 0.9596
vn 0.0814 -0.2757 0.9578
vn 0.1764 -0.2662 0.9476
vn 0.2470 -0.2172 0.9444
vn 0.2272 0.0471 0.9727
vn -0.4348 -0.0742 0.8975
vn 0.2120 0.2113 0.9542
vn 0.0875 0.2662 0.9599
vn -0.4034 0.1355 0.9049
vn 0.1696 0.2436 0.9549
vn 0.1102 0.2675 0.9573
vn 0.0542 0.2361 0.9702
vn 0.0008 0.3487 0.9372
vn 0.0600 0.2722 0.9604
vn 0.0460 0.3331 0.9418
vn 0.0514 -0.6228 0.7807
vn 0.1854 -0.4838 0.8553
vn 0.4277 -0.3373 0.8387
vn -0.1515 -0.4406 0.8848
vn 0.4413 -0.2544 0.8606
vn -0.1599 -0.3737 0.9137
vn -0.2905 -0.2545 0.9224
vn 0.0757 -0.2654 0.9612
vn 0.0485 -0.2713 0.9613
vn -0.4021 -0.2468 0.8817
vn 0.0352 -0.1165 0.9926
vn 0.1293 -0.2701 0.9541
vn 0.0870 -0.2167 0.9724
vn 0.0885 -0.2282 0.9696
vn 0.1992 -0.0627 0.9779
vn 0.1318 -0.0464 0.9902
vn 0.1056 0.2467 0.9633
vn 0.0897 0.2415 0.9662
vn -0.4203 0.0220 0.9071
vn -0.3641 0.0971 0.9263
vn 0.0607 0.1053 0.9926
vn 0.1234 0.1802 0.9759
vn 0.0887 0.1768 0.9803
vn 0.0530 0.1530 0.9868
vn 0.0780 0.2389 0.9679
vn 0.0676 0.2504 0.9658
vn 0.0474 0.1652 0.9851
vn -0.2531 0.2856 0.9243
vn 0.0370 0.1723 0.9844
vn 0.0488 0.2610 0.9641
vn 0.0405 0.1907 0.9808
vn 0.0501 0.2925 0.9549
vn -0.1622 -0.6075 0.7776
vn 0.3137 -0.3614 0.8781
vn -0.2073 -0.4247 0.8813
vn -0.2223 -0.3306 0.9172
vn 0.3221 -0.2238 0.9199
vn 0.1736 -0.1218 0.9773
vn 0.2862 -0.0813 0.9547
vn 0.1125 -0.0097 0.9936
vn 0.0367 -0.0644 0.9972
vn -0.0076 0.0086 0.9999
vn -0.3355 -0.1203 0.9343
vn 0.0568 0.0258 0.9981
vn 0.0079 -0.0510 0.9987
vn 0.2548 0.0317 0.9665
vn 0.0096 -0.1284 0.9917
vn 0.0235 0.1051 0.9942
vn 0.0215 0.0232 0.9995
vn 0.1687 0.1070 0.9798
vn 0.0377 0.0565 0.9977
vn 0.1984 0.1851 0.9625
vn 0.0864 0.1023 0.9910
vn 0.0226 0.0410 0.9989
vn 0.0017 0.0132 0.9999
vn 0.0613 0.1084 0.9922
vn -0.2509 0.1221 0.9603
vn 0.0599 0.1452 0.9876
vn 0.0868 0.2301 0.9693
vn 0.0999 0.2340 0.9671
vn 0.0674 0.1961 0.9783
vn 0.0273 0.0871 0.9958
vn 0.0393 0.1538 0.9873
vn -0.1923 0.2044 0.9598
vn -0.1306 0.3481 0.9283
vn 0.0661 0.1858 0.9804
vn -0.0150 0.3540 0.9351
vn -0.0330 -0.5748 0.8176
vn 0.1553 -0.4678 0.8701
vn -0.2102 -0.5005 0.8398
vn 0.2409 -0.3843 0.8912
vn -0.1639 -0.3445 0.9244
vn 0.4276 -0.1292 0.8947
vn 0.3311 0.0515 0.9422
vn -0.3022 -0.0217 0.9530
vn 0.2994 0.1303 0.9452
vn 0.2284 0.2116 0.9503
vn 0.1670 0.2678 0.9489
vn 0.1246 0.2931 0.9479
vn 0.1005 0.3270 0.9396
vn 0.1071 0.3079 0.9454
vn 0.1121 0.2913 0.9500
vn -0.0953 0.2557 0.9620
vn 0.0742 0.3100 0.9478
vn -0.0277 0.3150 0.9487
vn 0.0132 0.3366 0.9416
vn 0.1011 -0.4823 0.8701
vn -0.1082 -0.4978 0.8605
vn 0.3361 -0.3293 0.8824
vn 0.4144 -0.2776 0.8667
vn -0.1318 -0.2280 0.9647
vn -0.1328 -0.1588 0.9783
vn 0.4666 0.0500 0.8831
vn -0.1570 -0.0781 0.9845
vn -0.2593 0.0066 0.9658
vn 0.2900 0.2118 0.9333
vn -0.1561 0.0187 0.9876
vn 0.1993 0.2946 0.9346
vn -0.2185 0.1201 0.9684
vn -0.1565 0.1368 0.9782
vn -0.1080 0.2074 0.9723
vn 0.1377 0.3613 0.9222
vn -0.0319 0.1617 0.9863
vn -0.0414 0.2687 0.9623
vn -0.0437 0.2805 0.9589
vn -0.2058 -0.2961 0.9327
vn -0.1530 -0.2301 0.9611
vn -0.1922 -0.2422 0.9510
vn 0.4539 -0.1029 0.8851
vn -0.1449 -0.1221 0.9819
vn -0.1275 -0.0371 0.9911
vn 0.3941 0.1693 0.9034
vn -0.2125 -0.0826 0.9737
vn -0.2157 0.0509 0.9751
vn -0.1259 0.0483 0.9909
vn -0.1834 0.1784 0.9667
vn 0.1513 0.3229 0.9343
vn -0.0987 0.1124 0.9888
vn 0.1252 0.3421 0.9313
vn -0.0824 0.2629 0.9613
vn 0.1116 0.3451 0.9319
vn 0.0009 -0.4087 0.9126
vn -0.2163 -0.2655 0.9395
vn -0.1477 -0.3532 0.9238
vn -0.1997 -0.1700 0.9650
vn -0.1868 -0.0514 0.9810
vn -0.1594 0.1044 0.9817
vn -0.2327 0.0373 0.9718
vn -0.1219 0.2022 0.9717
vn -0.1502 0.1731 0.9734
vn 0.0983 0.2842 0.9537
vn -0.0474 0.2232 0.9736
vn -0.0147 0.3019 0.9532
vn 0.2198 -0.3769 0.8998
vn 0.2964 -0.2706 0.9159
vn -0.1992 -0.1842 0.9625
vn 0.2779 -0.0007 0.9606
vn -0.1365 -0.1124 0.9842
vn -0.2059 -0.1108 0.9723
vn 0.1686 0.1648 0.9718
vn 0.1638 0.1193 0.9792
vn -0.1234 0.0784 0.9893
vn 0.1116 0.2277 0.9673
vn -0.0582 0.1781 0.9823
vn -0.1008 0.2306 0.9678
vn 0.0344 0.2453 0.9688
vn 0.0949 -0.2899 0.9523
vn 0.1840 -0.0960 0.9782
vn 0.2059 -0.0126 0.9785
vn 0.1339 0.1466 0.9801
vn 0.1265 0.1493 0.9807
vn -0.1699 -0.0326 0.9849
vn -0.1188 0.0649 0.9908
vn 0.0989 0.2125 0.9722
vn -0.1545 0.0835 0.9845
vn -0.2267 -0.0304 0.9735
vn 0.0754 0.2359 0.9688
vn 0.0641 0.1603 0.9850
vn -0.1517 0.1183 0.9813
vn -0.0334 0.1669 0.9854
vn 0.0019 0.1810 0.9835
vn -0.0434 -0.2004 0.9788
vn 0.0722 -0.2543 0.9644
vn 0.1061 -0.0098 0.9943
vn -0.1584 -0.0446 0.9864
vn 0.1549 -0.0595 0.9861
vn -0.2059 -0.0871 0.9747
vn -0.1417 -0.0859 0.9862
vn 0.0984 0.1613 0.9820
vn -0.0458 0.0369 0.9983
vn -0.0212 0.1785 0.9837
vn 0.0008 0.1937 0.9811
vt 0.240785 0.247807
vt 0.243485 0.247720
vt 0.241898 0.249020
vt 0.245692 0.245256
vt 0.241179 0.242631
vt 0.244373 0.241517
vt 0.238037 0.244373
vt 0.247441 0.251161
vt 0.237018 0.249783
vt 0.242813 0.254027
vt 0.245082 0.253857
vt 0.239313 0.254814
vt 0.240942 0.238377
vt 0.244165 0.238600
vt 0.237786 0.238765
vt 0.247435 0.243531
vt 0.249774 0.249941
vt 0.235009 0.246952
vt 0.233318 0.250254
vt 0.234938 0.255088
vt 0.242982 0.258204
vt 0.241252 0.261893
vt 0.234054 0.242022
vt 0.232296 0.243747
vt 0.251735 0.245939
vt 0.254518 0.255185
vt 0.252976 0.260579
vt 0.247782 0.258424
vt 0.237707 0.258092
vt 0.244291 0.264273
vt 0.248863 0.236585
vt 0.252062 0.239992
vt 0.231289 0.248141
vt 0.258119 0.250916
vt 0.231301 0.257067
vt 0.252742 0.236652
vt 0.255484 0.263123
vt 0.248690 0.264422
vt 0.238974 0.266669
vt 0.231551 0.268844
vt 0.248671 0.230412
vt 0.241099 0.229550
vt 0.230797 0.233583
vt 0.225228 0.254375
vt 0.222698 0.249265
vt 0.259064 0.254573
vt 0.259006 0.263104
vt 0.245842 0.273226
vt 0.242628 0.273028
vt 0.245356 0.228469
vt 0.254794 0.230194
vt 0.235900 0.230704
vt 0.258174 0.238567
vt 0.262852 0.244719
vt 0.251768 0.270988
vt 0.253162 0.224068
vt 0.224851 0.241182
vt 0.236627 0.272761
vt 0.256964 0.269060
vt 0.263369 0.260997
vt 0.251889 0.277018
vt 0.242071 0.221259
vt 0.247682 0.222463
vt 0.238412 0.223942
vt 0.233716 0.226033
vt 0.227658 0.229966
vt 0.262050 0.233223
vt 0.268711 0.242547
vt 0.266886 0.250846
vt 0.217339 0.270353
vt 0.240618 0.277864
vt 0.234784 0.275540
vt 0.250257 0.284061
vt 0.243058 0.278035
vt 0.261263 0.229118
vt 0.218683 0.244901
vt 0.264886 0.267173
vt 0.250190 0.217791
vt 0.235761 0.219142
vt 0.221422 0.233009
vt 0.271784 0.239910
vt 0.267970 0.256912
vt 0.212614 0.265238
vt 0.229192 0.273530
vt 0.259394 0.275237
vt 0.236875 0.282119
vt 0.245944 0.285556
vt 0.243871 0.217858
vt 0.239527 0.217058
vt 0.229242 0.221636
vt 0.214181 0.256746
vt 0.268167 0.264104
vt 0.254697 0.282363
vt 0.240374 0.287465
vt 0.248071 0.213424
vt 0.256392 0.213659
vt 0.267031 0.218862
vt 0.215536 0.276393
vt 0.228803 0.280326
vt 0.260090 0.280670
vt 0.243777 0.212293
vt 0.273788 0.254663
vt 0.274853 0.258207
vt 0.266572 0.279022
vt 0.223258 0.278833
vt 0.244482 0.289450
vt 0.250299 0.290591
vt 0.239191 0.209810
vt 0.236097 0.212268
vt 0.231032 0.214373
vt 0.224819 0.218383
vt 0.277309 0.229186
vt 0.277223 0.246517
vt 0.233421 0.285715
vt 0.255813 0.287748
vt 0.248442 0.205744
vt 0.256000 0.210239
vt 0.208968 0.239727
vt 0.208009 0.251769
vt 0.277740 0.252761
vt 0.212762 0.271179
vt 0.243358 0.201415
vt 0.233972 0.207830
vt 0.277504 0.266167
vt 0.226972 0.290507
vt 0.264376 0.284814
vt 0.260899 0.290215
vt 0.256388 0.294577
vt 0.257176 0.204969
vt 0.270711 0.209853
vt 0.227163 0.208811
vt 0.212197 0.226220
vt 0.283019 0.236607
vt 0.234408 0.292566
vt 0.241943 0.295305
vt 0.253115 0.297023
vt 0.246026 0.199028
vt 0.264389 0.206380
vt 0.216261 0.209918
vt 0.276262 0.222749
vt 0.205410 0.278715
vt 0.273395 0.280482
vt 0.249393 0.296628
vt 0.219439 0.203696
vt 0.205195 0.234078
vt 0.197675 0.244779
vt 0.282715 0.251932
vt 0.199790 0.266325
vt 0.284981 0.261668
vt 0.218678 0.289977
vt 0.237581 0.297894
vt 0.246692 0.305184
vt 0.254549 0.197589
vt 0.238395 0.200710
vt 0.236323 0.196338
vt 0.210530 0.224504
vt 0.193878 0.253357
vt 0.288954 0.255093
vt 0.200911 0.274894
vt 0.284973 0.272974
vt 0.210671 0.287964
vt 0.268587 0.289099
vt 0.225754 0.298192
vt 0.266250 0.292474
vt 0.263527 0.298327
vt 0.261630 0.195580
vt 0.287674 0.239505
vt 0.282245 0.279010
vt 0.252961 0.305501
vt 0.245468 0.191052
vt 0.229209 0.197790
vt 0.284687 0.216751
vt 0.290186 0.228801
vt 0.218292 0.294374
vt 0.241897 0.306450
vt 0.257922 0.302999
vt 0.250307 0.188803
vt 0.272340 0.195615
vt 0.282509 0.204537
vt 0.204504 0.219088
vt 0.296565 0.240761
vt 0.193288 0.261212
vt 0.290873 0.258043
vt 0.276449 0.290320
vt 0.270915 0.295990
vt 0.232977 0.192413
vt 0.208005 0.207438
vt 0.293156 0.238012
vt 0.292106 0.262718
vt 0.202124 0.287011
vt 0.262062 0.309357
vt 0.248766 0.310801
vt 0.257219 0.187432
vt 0.195706 0.272768
vt 0.287617 0.275317
vt 0.259462 0.311127
vt 0.254301 0.312542
vt 0.240310 0.186047
vt 0.222362 0.194851
vt 0.232139 0.187291
vt 0.213436 0.196431
vt 0.191515 0.238397
vt 0.293894 0.231963
vt 0.188939 0.250311
vt 0.298096 0.249184
vt 0.290865 0.273058
vt 0.196712 0.284721
vt 0.209198 0.293745
vt 0.233201 0.308205
vt 0.271484 0.304852
vt 0.242755 0.311908
vt 0.250587 0.181772
vt 0.268204 0.186718
vt 0.277380 0.195609
vt 0.292388 0.211145
vt 0.297265 0.216957
vt 0.295052 0.223560
vt 0.196620 0.223251
vt 0.298054 0.234833
vt 0.187835 0.257412
vt 0.191895 0.281916
vt 0.283751 0.286340
vt 0.208665 0.301540
vt 0.275208 0.302691
vt 0.250702 0.315472
vt 0.260648 0.182656
vt 0.222541 0.187450
vt 0.298979 0.229343
vt 0.184855 0.268648
vt 0.188015 0.275497
vt 0.295902 0.266306
vt 0.294309 0.270166
vt 0.280654 0.293447
vt 0.218452 0.311761
vt 0.229727 0.314744
vt 0.244358 0.318452
vt 0.237651 0.316467
vt 0.246339 0.175785
vt 0.239239 0.177713
vt 0.277455 0.187821
vt 0.201197 0.204418
vt 0.292470 0.207350
vt 0.193166 0.226677
vt 0.186558 0.244073
vt 0.305184 0.252417
vt 0.294982 0.285117
vt 0.264874 0.312073
vt 0.262386 0.315993
vt 0.254595 0.319555
vt 0.251609 0.171990
vt 0.257225 0.169757
vt 0.266171 0.175607
vt 0.234979 0.176546
vt 0.287641 0.195216
vt 0.292099 0.201099
vt 0.190682 0.214144
vt 0.180343 0.256028
vt 0.192882 0.298072
vt 0.288464 0.291632
vt 0.280054 0.301753
vt 0.233620 0.322013
vt 0.249430 0.323208
vt 0.247424 0.170605
vt 0.238079 0.171475
vt 0.274677 0.182364
vt 0.227146 0.175804
vt 0.214266 0.187509
vt 0.304792 0.257387
vt 0.175649 0.274579
vt 0.212458 0.309847
vt 0.226790 0.319110
vt 0.272120 0.313093
vt 0.243631 0.325551
vt 0.256241 0.327700
vt 0.201206 0.197448
vt 0.298043 0.205312
vt 0.308145 0.218835
vt 0.312212 0.231810
vt 0.310696 0.237593
vt 0.177655 0.248958
vt 0.308455 0.245955
vt 0.179021 0.283071
vt 0.302809 0.268468
vt 0.184458 0.287991
vt 0.300593 0.279164
vt 0.269393 0.318485
vt 0.261368 0.324020
vt 0.250497 0.333023
vt 0.253873 0.161185
vt 0.244409 0.164501
vt 0.238895 0.164722
vt 0.293310 0.182020
vt 0.215605 0.178082
vt 0.321059 0.226971
vt 0.174697 0.261600
vt 0.306305 0.261804
vt 0.186298 0.296514
vt 0.201794 0.307783
vt 0.291650 0.300180
vt 0.214664 0.317662
vt 0.284742 0.311166
vt 0.239327 0.332512
vt 0.245586 0.333855
vt 0.226758 0.169560
vt 0.201383 0.189616
vt 0.190239 0.203300
vt 0.177499 0.236548
vt 0.172926 0.250053
vt 0.309385 0.251962
vt 0.191616 0.303754
vt 0.300329 0.293158
vt 0.223228 0.325174
vt 0.232270 0.334674
vt 0.235291 0.334732
vt 0.241305 0.334524
vt 0.253881 0.336259
vt 0.279061 0.174510
vt 0.306492 0.210564
vt 0.184894 0.215315
vt 0.170620 0.276649
vt 0.179164 0.292043
vt 0.302671 0.290024
vt 0.273196 0.319509
vt 0.269378 0.328480
vt 0.265574 0.329505
vt 0.246535 0.338998
vt 0.272881 0.159614
vt 0.266701 0.156463
vt 0.227104 0.166932
vt 0.169085 0.266937
vt 0.305774 0.273061
vt 0.240987 0.342815
vt 0.261551 0.335737
vt 0.286041 0.168496
vt 0.208897 0.175367
vt 0.305711 0.191801
vt 0.167408 0.245090
vt 0.163347 0.259123
vt 0.166292 0.290232
vt 0.198934 0.316342
vt 0.199770 0.321893
vt 0.218942 0.327648
vt 0.225639 0.333945
vt 0.276466 0.323498
vt 0.235730 0.343076
vt 0.246112 0.343333
vt 0.258650 0.338305
vt 0.251144 0.340914
vt 0.255326 0.340089
vt 0.261323 0.150774
vt 0.255352 0.152135
vt 0.244902 0.153428
vt 0.236401 0.158529
vt 0.220369 0.165607
vt 0.317798 0.207444
vt 0.176878 0.209279
vt 0.175918 0.216742
vt 0.170131 0.234372
vt 0.315928 0.242663
vt 0.160301 0.278427
vt 0.168490 0.295395
vt 0.175768 0.302603
vt 0.184280 0.313424
vt 0.204938 0.322743
vt 0.289876 0.309848
vt 0.210066 0.326547
vt 0.263955 0.337402
vt 0.251755 0.347393
vt 0.255314 0.346461
vt 0.228290 0.161849
vt 0.198315 0.184505
vt 0.188011 0.194334
vt 0.321277 0.218489
vt 0.164272 0.244582
vt 0.317510 0.247507
vt 0.188724 0.318828
vt 0.296549 0.304580
vt 0.241099 0.348601
vt 0.246732 0.347779
vt 0.243242 0.151122
vt 0.225518 0.159797
vt 0.169712 0.220653
vt 0.157037 0.255346
vt 0.312633 0.286209
vt 0.310503 0.296348
vt 0.214224 0.335706
vt 0.287840 0.322422
vt 0.235932 0.349446
vt 0.261734 0.344787
vt 0.233964 0.154346
vt 0.290996 0.163168
vt 0.297045 0.165084
vt 0.302553 0.172819
vt 0.308082 0.179072
vt 0.185188 0.192139
vt 0.319377 0.199608
vt 0.161383 0.239081
vt 0.322891 0.238352
vt 0.322793 0.260775
vt 0.161766 0.294488
vt 0.314654 0.290572
vt 0.194637 0.323619
vt 0.219101 0.343484
vt 0.231347 0.349488
vt 0.282700 0.333280
vt 0.275301 0.338418
vt 0.242525 0.354143
vt 0.261355 0.351009
vt 0.217587 0.161406
vt 0.199030 0.174637
vt 0.190545 0.184242
vt 0.172970 0.207583
vt 0.162770 0.229523
vt 0.329944 0.241065
vt 0.149189 0.273184
vt 0.151020 0.261447
vt 0.329697 0.246641
vt 0.157674 0.286732
vt 0.171784 0.309215
vt 0.203854 0.331938
vt 0.271398 0.348838
vt 0.250480 0.355328
vt 0.246199 0.357792
vt 0.276054 0.150574
vt 0.240297 0.146309
vt 0.227127 0.152246
vt 0.158805 0.228562
vt 0.152146 0.245609
vt 0.328396 0.230914
vt 0.162336 0.301520
vt 0.306145 0.303539
vt 0.304461 0.309249
vt 0.212673 0.343463
vt 0.236489 0.358127
vt 0.257781 0.355583
vt 0.254285 0.356418
vt 0.261067 0.144245
vt 0.267459 0.145582
vt 0.254874 0.143298
vt 0.284807 0.157211
vt 0.326560 0.189733
vt 0.157324 0.225472
vt 0.157042 0.295332
vt 0.327105 0.276977
vt 0.175905 0.318257
vt 0.298481 0.316025
vt 0.230512 0.359108
vt 0.243629 0.362153
vt 0.247746 0.360328
vt 0.252027 0.362038
vt 0.325443 0.179828
vt 0.151817 0.289904
vt 0.167877 0.318235
vt 0.186327 0.328195
vt 0.197824 0.331827
vt 0.213701 0.352605
vt 0.247964 0.141194
vt 0.187629 0.175551
vt 0.180246 0.185101
vt 0.170665 0.199814
vt 0.324437 0.204840
vt 0.328341 0.214072
vt 0.151436 0.235414
vt 0.142588 0.263149
vt 0.143160 0.271012
vt 0.146508 0.285349
vt 0.148427 0.298821
vt 0.156920 0.307332
vt 0.313440 0.294859
vt 0.311704 0.299587
vt 0.200286 0.342027
vt 0.291466 0.328354
vt 0.233020 0.363672
vt 0.239778 0.363795
vt 0.263786 0.356248
vt 0.256745 0.360678
vt 0.249420 0.365224
vt 0.284540 0.138341
vt 0.296630 0.155452
vt 0.228877 0.144055
vt 0.220228 0.148544
vt 0.142036 0.249643
vt 0.341343 0.257496
vt 0.168869 0.335896
vt 0.203713 0.349893
vt 0.278359 0.345738
vt 0.258961 0.359760
vt 0.244696 0.368468
vt 0.276335 0.139267
vt 0.238879 0.140785
vt 0.212560 0.154024
vt 0.200795 0.161174
vt 0.329611 0.207371
vt 0.151289 0.219741
vt 0.138534 0.291465
vt 0.164137 0.324588
vt 0.299700 0.326308
vt 0.233221 0.368329
vt 0.247638 0.373012
vt 0.267904 0.134429
vt 0.262007 0.133241
vt 0.256439 0.133066
vt 0.251131 0.129905
vt 0.301754 0.147336
vt 0.331897 0.196962
vt 0.342015 0.240827
vt 0.134601 0.273469
vt 0.150804 0.323557
vt 0.326312 0.293809
vt 0.180799 0.340789
vt 0.316182 0.310151
vt 0.190844 0.345388
vt 0.309831 0.319873
vt 0.306417 0.321177
vt 0.207480 0.354631
vt 0.216208 0.361819
vt 0.287490 0.346406
vt 0.321822 0.165589
vt 0.178441 0.178473
vt 0.161923 0.196970
vt 0.341202 0.219782
vt 0.341546 0.231173
vt 0.139219 0.238694
vt 0.136460 0.251845
vt 0.333813 0.243618
vt 0.136077 0.284821
vt 0.136905 0.309642
vt 0.139926 0.315069
vt 0.144562 0.324212
vt 0.325234 0.286358
vt 0.320541 0.301584
vt 0.202583 0.359559
vt 0.299836 0.334492
vt 0.290664 0.341098
vt 0.220865 0.367722
vt 0.278026 0.355107
vt 0.270814 0.362171
vt 0.243577 0.374895
vt 0.267198 0.365707
vt 0.254682 0.369234
vt 0.187250 0.167541
vt 0.148312 0.333426
vt 0.155602 0.334535
vt 0.193956 0.358673
vt 0.211258 0.364452
vt 0.239109 0.375636
vt 0.261919 0.368384
vt 0.261530 0.130250
vt 0.272820 0.133032
vt 0.233625 0.134414
vt 0.220403 0.140315
vt 0.321738 0.154899
vt 0.169333 0.184991
vt 0.343143 0.212251
vt 0.128116 0.304154
vt 0.131014 0.326915
vt 0.137638 0.331792
vt 0.338673 0.277008
vt 0.142603 0.341022
vt 0.333959 0.287524
vt 0.173181 0.350138
vt 0.182719 0.354909
vt 0.250552 0.375568
vt 0.267184 0.129745
vt 0.244515 0.128866
vt 0.208006 0.142241
vt 0.331748 0.177240
vt 0.152052 0.205680
vt 0.143586 0.224298
vt 0.346090 0.250730
vt 0.137102 0.348987
vt 0.148358 0.348019
vt 0.158261 0.347051
vt 0.165554 0.349659
vt 0.306233 0.330452
vt 0.208779 0.371484
vt 0.301087 0.342884
vt 0.226248 0.375923
vt 0.283638 0.354286
vt 0.232049 0.377842
vt 0.247666 0.380467
vt 0.280775 0.128649
vt 0.294425 0.134128
vt 0.127545 0.249524
vt 0.350038 0.235183
vt 0.125704 0.283353
vt 0.125414 0.314180
vt 0.335639 0.298950
vt 0.156171 0.353799
vt 0.177309 0.357759
vt 0.219739 0.374360
vt 0.292082 0.349829
vt 0.264829 0.372677
vt 0.254717 0.378560
vt 0.260124 0.377795
vt 0.274552 0.129540
vt 0.257299 0.127253
vt 0.318360 0.147165
vt 0.194686 0.149001
vt 0.166810 0.178315
vt 0.345227 0.198931
vt 0.154943 0.194169
vt 0.143602 0.213569
vt 0.134505 0.229830
vt 0.348224 0.241886
vt 0.119183 0.294481
vt 0.130690 0.344673
vt 0.329503 0.307620
vt 0.165820 0.361261
vt 0.184438 0.369638
vt 0.193188 0.371765
vt 0.201573 0.370936
vt 0.239044 0.385317
vt 0.242518 0.387922
vt 0.250260 0.385232
vt 0.270502 0.123176
vt 0.264725 0.124264
vt 0.252742 0.124736
vt 0.352427 0.214687
vt 0.355101 0.222041
vt 0.121975 0.268118
vt 0.347260 0.257816
vt 0.344650 0.268653
vt 0.122916 0.330736
vt 0.125251 0.340495
vt 0.141642 0.354238
vt 0.323466 0.317802
vt 0.317920 0.325709
vt 0.221712 0.379235
vt 0.287621 0.363380
vt 0.279920 0.371935
vt 0.254964 0.382728
vt 0.276769 0.123968
vt 0.258535 0.124035
vt 0.231872 0.130839
vt 0.181778 0.160892
vt 0.114262 0.282580
vt 0.121348 0.322939
vt 0.133372 0.364337
vt 0.124018 0.366180
vt 0.148647 0.363999
vt 0.208008 0.376881
vt 0.294884 0.358733
vt 0.230819 0.385223
vt 0.258148 0.120215
vt 0.209791 0.136019
vt 0.343125 0.171487
vt 0.350786 0.196962
vt 0.353933 0.204770
vt 0.352356 0.249768
vt 0.120030 0.346778
vt 0.341959 0.281159
vt 0.120527 0.359687
vt 0.340326 0.292831
vt 0.136164 0.370105
vt 0.168837 0.368738
vt 0.172903 0.375243
vt 0.310303 0.342643
vt 0.200457 0.385757
vt 0.219635 0.386592
vt 0.246279 0.392333
vt 0.264100 0.119831
vt 0.251342 0.119287
vt 0.240052 0.124373
vt 0.302388 0.127089
vt 0.220680 0.131973
vt 0.326273 0.146095
vt 0.175044 0.161145
vt 0.345056 0.181048
vt 0.153821 0.186350
vt 0.130609 0.223648
vt 0.121490 0.247059
vt 0.355393 0.238511
vt 0.113942 0.295970
vt 0.353047 0.266734
vt 0.115972 0.315916
vt 0.113012 0.341561
vt 0.115822 0.357061
vt 0.156606 0.377889
vt 0.187575 0.381354
vt 0.213871 0.391532
vt 0.230433 0.391606
vt 0.271730 0.119003
vt 0.223836 0.126145
vt 0.140708 0.204237
vt 0.353790 0.261736
vt 0.111326 0.309897
vt 0.109372 0.335473
vt 0.109431 0.346636
vt 0.118527 0.370414
vt 0.347538 0.285899
vt 0.130924 0.377389
vt 0.333851 0.319802
vt 0.166313 0.381678
vt 0.326376 0.326228
vt 0.202546 0.396720
vt 0.299387 0.352778
vt 0.236224 0.393861
vt 0.278483 0.374832
vt 0.273658 0.378145
vt 0.270062 0.382479
vt 0.240428 0.394946
vt 0.263513 0.386736
vt 0.288095 0.114296
vt 0.295795 0.117882
vt 0.240962 0.118399
vt 0.313946 0.134825
vt 0.339997 0.159938
vt 0.194688 0.142158
vt 0.110740 0.270005
vt 0.110644 0.356719
vt 0.112291 0.369511
vt 0.145202 0.384183
vt 0.171160 0.385017
vt 0.319918 0.341732
vt 0.191256 0.394896
vt 0.307687 0.348014
vt 0.250996 0.391902
vt 0.254723 0.392936
vt 0.267649 0.114084
vt 0.261333 0.113034
vt 0.180543 0.151315
vt 0.368945 0.219945
vt 0.118614 0.240662
vt 0.363477 0.252559
vt 0.104437 0.291530
vt 0.104639 0.336238
vt 0.105221 0.360029
vt 0.364377 0.270745
vt 0.354181 0.278406
vt 0.123140 0.386147
vt 0.340163 0.313718
vt 0.181856 0.394576
vt 0.210247 0.399654
vt 0.292117 0.365556
vt 0.226218 0.403551
vt 0.232756 0.402345
vt 0.240890 0.400998
vt 0.247683 0.398697
vt 0.216145 0.127712
vt 0.149248 0.186117
vt 0.139531 0.199831
vt 0.113146 0.255387
vt 0.103622 0.280856
vt 0.362100 0.257963
vt 0.106679 0.306041
vt 0.100082 0.317125
vt 0.101419 0.349803
vt 0.159950 0.390016
vt 0.173904 0.400437
vt 0.182578 0.399841
vt 0.196806 0.405347
vt 0.300821 0.359317
vt 0.285132 0.372734
vt 0.236049 0.405445
vt 0.262663 0.390376
vt 0.278521 0.111774
vt 0.338745 0.138911
vt 0.341934 0.145952
vt 0.210280 0.128233
vt 0.366193 0.190461
vt 0.368982 0.175191
vt 0.157221 0.171795
vt 0.116516 0.234730
vt 0.369630 0.235569
vt 0.370795 0.230412
vt 0.100043 0.306520
vt 0.369418 0.265699
vt 0.097229 0.337088
vt 0.111667 0.384945
vt 0.117335 0.385435
vt 0.133242 0.389335
vt 0.345245 0.305930
vt 0.148427 0.394213
vt 0.315318 0.351507
vt 0.308066 0.361475
vt 0.210674 0.409786
vt 0.288187 0.374406
vt 0.285838 0.380706
vt 0.240494 0.408374
vt 0.274477 0.391831
vt 0.318894 0.122851
vt 0.256586 0.106253
vt 0.222947 0.120283
vt 0.352277 0.164091
vt 0.187190 0.140704
vt 0.135236 0.196328
vt 0.108036 0.254604
vt 0.358896 0.285018
vt 0.101745 0.373330
vt 0.107402 0.381555
vt 0.351134 0.298967
vt 0.164713 0.400759
vt 0.329542 0.339523
vt 0.185414 0.414516
vt 0.196159 0.417819
vt 0.296193 0.370522
vt 0.229163 0.413181
vt 0.265238 0.395198
vt 0.253606 0.402300
vt 0.199409 0.859742
vt 0.196954 0.863643
vt 0.194456 0.862213
vt 0.200535 0.854444
vt 0.202584 0.858186
vt 0.192832 0.864394
vt 0.195693 0.855742
vt 0.189735 0.856219
vt 0.194066 0.852471
vt 0.283991 0.105067
vt 0.231953 0.112716
vt 0.178668 0.148125
vt 0.368304 0.205936
vt 0.124889 0.214438
vt 0.376750 0.249025
vt 0.103251 0.266741
vt 0.096784 0.359641
vt 0.364393 0.282924
vt 0.137409 0.404157
vt 0.340727 0.319378
vt 0.161276 0.406879
vt 0.334640 0.335286
vt 0.302498 0.366787
vt 0.283240 0.384938
vt 0.200620 0.863844
vt 0.196911 0.867000
vt 0.203932 0.854936
vt 0.186442 0.861252
vt 0.198964 0.847882
vt 0.185069 0.852526
vt 0.189726 0.850956
vt 0.309724 0.109648
vt 0.344197 0.133581
vt 0.102685 0.380977
vt 0.120768 0.402716
vt 0.132802 0.407531
vt 0.148623 0.410977
vt 0.155943 0.411849
vt 0.169613 0.411771
vt 0.218493 0.421028
vt 0.295414 0.375808
vt 0.235039 0.416462
vt 0.255200 0.407733
vt 0.201815 0.866482
vt 0.206521 0.862997
vt 0.197199 0.873693
vt 0.208776 0.858820
vt 0.211513 0.855603
vt 0.193041 0.873190
vt 0.187145 0.870161
vt 0.204772 0.847790
vt 0.190811 0.845528
vt 0.272623 0.103352
vt 0.254347 0.104826
vt 0.208054 0.120293
vt 0.374930 0.184191
vt 0.155750 0.163474
vt 0.119525 0.212568
vt 0.111271 0.231882
vt 0.091358 0.368154
vt 0.097798 0.377595
vt 0.113297 0.398606
vt 0.348992 0.313450
vt 0.137830 0.409554
vt 0.178643 0.418544
vt 0.193672 0.420650
vt 0.302384 0.370790
vt 0.223541 0.421403
vt 0.229644 0.420240
vt 0.242035 0.416401
vt 0.276116 0.396035
vt 0.210272 0.850865
vt 0.180552 0.864188
vt 0.174831 0.851389
vt 0.196184 0.836400
vt 0.179732 0.839071
vt 0.323740 0.117924
vt 0.365484 0.163056
vt 0.368246 0.169853
vt 0.172871 0.142636
vt 0.140456 0.175509
vt 0.091240 0.278065
vt 0.091719 0.300439
vt 0.087020 0.344710
vt 0.086229 0.356312
vt 0.365638 0.297766
vt 0.356651 0.301227
vt 0.326760 0.352960
vt 0.317025 0.359687
vt 0.209670 0.428951
vt 0.308402 0.367541
vt 0.293484 0.380292
vt 0.234316 0.422045
vt 0.282172 0.391516
vt 0.288161 0.385929
vt 0.273889 0.400420
vt 0.202976 0.877784
vt 0.206990 0.871885
vt 0.186131 0.876040
vt 0.211639 0.844588
vt 0.179775 0.871227
vt 0.206327 0.843711
vt 0.290140 0.105659
vt 0.230491 0.110439
vt 0.362203 0.153110
vt 0.188889 0.129026
vt 0.128248 0.190618
vt 0.106396 0.236581
vt 0.099356 0.261013
vt 0.375764 0.263608
vt 0.082732 0.315121
vt 0.115291 0.412646
vt 0.109473 0.408577
vt 0.345642 0.319233
vt 0.153376 0.420059
vt 0.342403 0.325552
vt 0.165570 0.421144
vt 0.181825 0.430059
vt 0.187619 0.431391
vt 0.323923 0.355834
vt 0.202451 0.430892
vt 0.314573 0.365026
vt 0.219857 0.428173
vt 0.303115 0.374606
vt 0.298624 0.378489
vt 0.232417 0.426524
vt 0.254802 0.415233
vt 0.214279 0.864908
vt 0.218297 0.859788
vt 0.197768 0.885843
vt 0.189979 0.883160
vt 0.173805 0.843704
vt 0.333264 0.115308
vt 0.254561 0.100222
vt 0.154044 0.156408
vt 0.382955 0.204637
vt 0.383814 0.218749
vt 0.084823 0.301221
vt 0.371336 0.275713
vt 0.369406 0.281923
vt 0.366756 0.292491
vt 0.101181 0.398801
vt 0.130920 0.421010
vt 0.162897 0.424401
vt 0.173143 0.431175
vt 0.337108 0.346830
vt 0.228843 0.427312
vt 0.296149 0.384270
vt 0.286709 0.393823
vt 0.262305 0.409981
vt 0.221778 0.852812
vt 0.217521 0.848217
vt 0.182669 0.881952
vt 0.218474 0.843713
vt 0.215556 0.840124
vt 0.175121 0.877280
vt 0.211127 0.837439
vt 0.173666 0.865304
vt 0.189358 0.833236
vt 0.290239 0.068597
vt 0.285994 0.063784
vt 0.298678 0.067375
vt 0.298347 0.102479
vt 0.352626 0.126351
vt 0.233786 0.104406
vt 0.215648 0.112126
vt 0.203672 0.118363
vt 0.176025 0.136923
vt 0.384796 0.232158
vt 0.111485 0.216954
vt 0.384529 0.241319
vt 0.102969 0.228250
vt 0.085157 0.367987
vt 0.091576 0.390302
vt 0.125187 0.420467
vt 0.356577 0.311568
vt 0.143611 0.426730
vt 0.342320 0.339549
vt 0.183931 0.433241
vt 0.198038 0.437519
vt 0.311510 0.370768
vt 0.302978 0.378714
vt 0.292243 0.389171
vt 0.237734 0.427411
vt 0.270279 0.404863
vt 0.212417 0.880456
vt 0.167351 0.868432
vt 0.306264 0.068661
vt 0.309397 0.059983
vt 0.301601 0.058647
vt 0.303680 0.075005
vt 0.286890 0.059065
vt 0.165904 0.851868
vt 0.294398 0.074862
vt 0.197167 0.830791
vt 0.169965 0.848752
vt 0.175526 0.832893
vt 0.281934 0.069930
vt 0.282562 0.098376
vt 0.255659 0.097567
vt 0.364276 0.145328
vt 0.370540 0.164686
vt 0.131888 0.180634
vt 0.094183 0.249690
vt 0.088059 0.268281
vt 0.080957 0.335516
vt 0.094816 0.396611
vt 0.105288 0.413815
vt 0.364095 0.303143
vt 0.362302 0.307683
vt 0.352045 0.319729
vt 0.348342 0.329985
vt 0.155559 0.432012
vt 0.167208 0.441896
vt 0.182535 0.437605
vt 0.328665 0.356990
vt 0.322528 0.361111
vt 0.207836 0.437260
vt 0.216807 0.434394
vt 0.310554 0.375425
vt 0.222978 0.434945
vt 0.230781 0.435805
vt 0.300852 0.383968
vt 0.245296 0.426073
vt 0.252737 0.422871
vt 0.278872 0.401330
vt 0.206541 0.885601
vt 0.223353 0.858920
vt 0.181731 0.886263
vt 0.220194 0.838222
vt 0.218387 0.834624
vt 0.213456 0.832921
vt 0.308439 0.053757
vt 0.207229 0.833811
vt 0.314304 0.063001
vt 0.313844 0.069920
vt 0.297505 0.051835
vt 0.311122 0.075600
vt 0.293257 0.079917
vt 0.167180 0.837251
vt 0.276306 0.075498
vt 0.371742 0.143374
vt 0.382967 0.191670
vt 0.164778 0.143595
vt 0.123045 0.191978
vt 0.082923 0.283434
vt 0.078633 0.305756
vt 0.371048 0.288034
vt 0.096928 0.405163
vt 0.193343 0.443764
vt 0.197607 0.443149
vt 0.323432 0.365196
vt 0.282174 0.401180
vt 0.262154 0.414284
vt 0.275461 0.407284
vt 0.270531 0.410545
vt 0.221830 0.867345
vt 0.189989 0.894020
vt 0.182528 0.897245
vt 0.224058 0.847162
vt 0.174822 0.893623
vt 0.223202 0.839830
vt 0.166828 0.887042
vt 0.164325 0.878270
vt 0.333115 0.074982
vt 0.324500 0.065317
vt 0.315028 0.050282
vt 0.303186 0.045164
vt 0.216917 0.828822
vt 0.325902 0.079494
vt 0.309241 0.082071
vt 0.282350 0.051780
vt 0.288264 0.038898
vt 0.293025 0.084699
vt 0.164301 0.842844
vt 0.257480 0.055035
vt 0.256315 0.064688
vt 0.246225 0.070195
vt 0.326926 0.106408
vt 0.311615 0.100905
vt 0.294998 0.096416
vt 0.238645 0.098845
vt 0.212572 0.109301
vt 0.204026 0.113873
vt 0.188258 0.123473
vt 0.383545 0.180426
vt 0.388547 0.228035
vt 0.083251 0.267573
vt 0.074803 0.320515
vt 0.078289 0.355942
vt 0.084100 0.383595
vt 0.356203 0.320160
vt 0.125052 0.428564
vt 0.180048 0.447805
vt 0.328819 0.359810
vt 0.321954 0.371985
vt 0.222650 0.440964
vt 0.214721 0.442540
vt 0.308295 0.380672
vt 0.257650 0.420814
vt 0.196551 0.895994
vt 0.223842 0.833784
vt 0.336372 0.055862
vt 0.324243 0.052811
vt 0.222787 0.830558
vt 0.317856 0.041733
vt 0.299308 0.036018
vt 0.159547 0.880210
vt 0.219814 0.827710
vt 0.211969 0.823714
vt 0.218477 0.822817
vt 0.205571 0.823025
vt 0.196656 0.815516
vt 0.171868 0.827160
vt 0.158127 0.839945
vt 0.191099 0.822158
vt 0.260767 0.084320
vt 0.347393 0.116828
vt 0.272870 0.093011
vt 0.383275 0.159966
vt 0.168406 0.135957
vt 0.151716 0.152464
vt 0.139071 0.165052
vt 0.092618 0.226561
vt 0.073362 0.337304
vt 0.382255 0.284410
vt 0.078565 0.375292
vt 0.378240 0.285163
vt 0.088204 0.397177
vt 0.094577 0.408439
vt 0.117395 0.424177
vt 0.135116 0.437310
vt 0.159728 0.446510
vt 0.336302 0.353554
vt 0.297639 0.391868
vt 0.288231 0.398922
vt 0.239321 0.439020
vt 0.228123 0.866989
vt 0.204636 0.892042
vt 0.229988 0.850666
vt 0.167480 0.896459
vt 0.324162 0.034599
vt 0.358203 0.064733
vt 0.156148 0.884170
vt 0.225464 0.827153
vt 0.284156 0.027511
vt 0.324868 0.088774
vt 0.271000 0.038098
vt 0.150300 0.860768
vt 0.222290 0.823790
vt 0.311783 0.089848
vt 0.297157 0.090236
vt 0.274361 0.089046
vt 0.290565 0.092270
vt 0.249250 0.093205
vt 0.213003 0.105367
vt 0.386531 0.173490
vt 0.174687 0.128893
vt 0.184124 0.123152
vt 0.399017 0.210565
vt 0.123669 0.183651
vt 0.089904 0.245850
vt 0.387714 0.270735
vt 0.073352 0.298255
vt 0.378842 0.294781
vt 0.378075 0.299067
vt 0.100379 0.416802
vt 0.110122 0.423992
vt 0.371436 0.310546
vt 0.350214 0.335765
vt 0.201721 0.446143
vt 0.319773 0.379319
vt 0.314596 0.386925
vt 0.303340 0.388260
vt 0.285147 0.404695
vt 0.257828 0.426312
vt 0.279456 0.408129
vt 0.264111 0.419401
vt 0.273521 0.412586
vt 0.203222 0.898742
vt 0.194738 0.905799
vt 0.228414 0.859599
vt 0.175726 0.901304
vt 0.228691 0.843537
vt 0.337126 0.046973
vt 0.230071 0.836863
vt 0.327230 0.029534
vt 0.308692 0.024257
vt 0.304561 0.029997
vt 0.228175 0.830359
vt 0.297839 0.024065
vt 0.154150 0.891134
vt 0.281537 0.013337
vt 0.145786 0.865979
vt 0.262111 0.023975
vt 0.256884 0.038783
vt 0.209845 0.820795
vt 0.321679 0.093631
vt 0.314544 0.096438
vt 0.223554 0.060573
vt 0.178949 0.820939
vt 0.250937 0.087579
vt 0.153963 0.822420
vt 0.198943 0.082853
vt 0.376571 0.142461
vt 0.232981 0.095318
vt 0.202640 0.102669
vt 0.177874 0.121413
vt 0.159464 0.137853
vt 0.399090 0.222173
vt 0.395451 0.230953
vt 0.110775 0.199768
vt 0.395229 0.242651
vt 0.076110 0.279589
vt 0.066995 0.365219
vt 0.084486 0.400813
vt 0.081677 0.388390
vt 0.376779 0.304844
vt 0.131342 0.440317
vt 0.367286 0.318399
vt 0.150656 0.446199
vt 0.346718 0.343491
vt 0.167069 0.453982
vt 0.343486 0.351790
vt 0.338354 0.358712
vt 0.198160 0.453558
vt 0.331936 0.366563
vt 0.220056 0.447756
vt 0.294116 0.398078
vt 0.251726 0.432193
vt 0.228110 0.888178
vt 0.189206 0.912418
vt 0.312629 0.017009
vt 0.293578 0.011271
vt 0.307227 0.009153
vt 0.346470 0.083096
vt 0.227192 0.823391
vt 0.222222 0.819726
vt 0.226095 0.818759
vt 0.348847 0.094076
vt 0.145606 0.872378
vt 0.206654 0.810290
vt 0.342181 0.104509
vt 0.137280 0.844203
vt 0.146885 0.829177
vt 0.186279 0.813695
vt 0.162119 0.816831
vt 0.224604 0.093033
vt 0.181928 0.115971
vt 0.396707 0.188252
vt 0.399929 0.197477
vt 0.394987 0.253254
vt 0.123731 0.440456
vt 0.142580 0.447676
vt 0.354683 0.336142
vt 0.181901 0.456965
vt 0.217601 0.454096
vt 0.227095 0.445924
vt 0.304262 0.400390
vt 0.300384 0.400512
vt 0.248423 0.436518
vt 0.281090 0.413478
vt 0.274134 0.416758
vt 0.266723 0.421071
vt 0.202055 0.901480
vt 0.197521 0.907625
vt 0.233939 0.878361
vt 0.213083 0.901290
vt 0.238768 0.859970
vt 0.333810 0.010581
vt 0.332319 0.015823
vt 0.324451 0.013202
vt 0.358063 0.037111
vt 0.329100 0.020757
vt 0.233882 0.846698
vt 0.361304 0.050198
vt 0.162781 0.902174
vt 0.233102 0.831966
vt 0.364366 0.075416
vt 0.229834 0.826986
vt 0.357913 0.105014
vt 0.375930 0.121077
vt 0.216311 0.047551
vt 0.133753 0.852871
vt 0.369322 0.128939
vt 0.129074 0.826091
vt 0.206417 0.065434
vt 0.206254 0.091067
vt 0.173587 0.805867
vt 0.192220 0.105973
vt 0.100547 0.207655
vt 0.059706 0.336245
vt 0.089881 0.411950
vt 0.116409 0.441551
vt 0.136236 0.447800
vt 0.361012 0.335341
vt 0.158454 0.454123
vt 0.347520 0.351120
vt 0.207361 0.458920
vt 0.232867 0.446305
vt 0.313677 0.394062
vt 0.260584 0.429070
vt 0.237865 0.872393
vt 0.207337 0.906263
vt 0.346920 0.022234
vt 0.337579 0.013108
vt 0.355722 0.032321
vt 0.353100 0.026185
vt 0.172490 0.907616
vt 0.131229 0.976609
vt 0.125972 0.968705
vt 0.133762 0.963100
vt 0.241165 0.840755
vt 0.128460 0.955736
vt 0.116686 0.964950
vt 0.154522 0.894739
vt 0.230252 0.820746
vt 0.230623 0.016856
vt 0.136588 0.870054
vt 0.224508 0.028898
vt 0.214592 0.812384
vt 0.227416 0.814629
vt 0.197292 0.799559
vt 0.399790 0.152928
vt 0.198280 0.061113
vt 0.194295 0.073374
vt 0.387380 0.156457
vt 0.176614 0.099811
vt 0.161775 0.803926
vt 0.138052 0.809439
vt 0.199166 0.101476
vt 0.150163 0.809222
vt 0.404230 0.184861
vt 0.162149 0.127951
vt 0.146798 0.140671
vt 0.133370 0.157839
vt 0.115412 0.181840
vt 0.082834 0.246446
vt 0.072033 0.266418
vt 0.064258 0.357043
vt 0.074927 0.400257
vt 0.103761 0.435184
vt 0.352243 0.344811
vt 0.189390 0.463047
vt 0.339245 0.363383
vt 0.229457 0.451004
vt 0.242673 0.445288
vt 0.277977 0.423221
vt 0.269183 0.430354
vt 0.198569 0.915615
vt 0.235724 0.896234
vt 0.240695 0.867973
vt 0.182341 0.917490
vt 0.112487 0.948981
vt 0.122698 0.949150
vt 0.237031 0.822927
vt 0.111599 0.963244
vt 0.232246 0.820432
vt 0.231738 0.814492
vt 0.129381 0.869581
vt 0.127916 0.856887
vt 0.125655 0.845388
vt 0.216967 0.807676
vt 0.201612 0.052024
vt 0.166438 0.119597
vt 0.406576 0.237792
vt 0.088946 0.227266
vt 0.061069 0.313990
vt 0.389292 0.291695
vt 0.087117 0.421457
vt 0.375569 0.318571
vt 0.129965 0.457490
vt 0.162351 0.465230
vt 0.180276 0.464266
vt 0.200585 0.466011
vt 0.333225 0.372231
vt 0.326756 0.379227
vt 0.224917 0.453025
vt 0.322537 0.391623
vt 0.295250 0.410716
vt 0.256299 0.437348
vt 0.286950 0.418682
vt 0.202687 0.912177
vt 0.221215 0.907636
vt 0.350653 0.019914
vt 0.138187 0.976938
vt 0.146578 0.966819
vt 0.242903 0.857891
vt 0.374367 0.071025
vt 0.141390 0.957255
vt 0.161565 0.914893
vt 0.243994 0.835252
vt 0.381656 0.087910
vt 0.147081 0.899874
vt 0.093527 0.941756
vt 0.111563 0.929277
vt 0.136552 0.885177
vt 0.394862 0.139408
vt 0.119501 0.850838
vt 0.203337 0.796422
vt 0.115298 0.809473
vt 0.182588 0.065105
vt 0.186326 0.790295
vt 0.187236 0.102713
vt 0.126380 0.797204
vt 0.147172 0.787564
vt 0.135971 0.791371
vt 0.411886 0.199406
vt 0.138394 0.147091
vt 0.123614 0.165364
vt 0.062556 0.287822
vt 0.400286 0.273416
vt 0.077235 0.410047
vt 0.388973 0.298801
vt 0.380894 0.313539
vt 0.123999 0.453835
vt 0.143711 0.459606
vt 0.192373 0.469795
vt 0.348330 0.355799
vt 0.344565 0.360124
vt 0.339061 0.368930
vt 0.215826 0.462573
vt 0.251854 0.440126
vt 0.222407 0.912646
vt 0.244262 0.878287
vt 0.190599 0.920162
vt 0.338588 0.000000
vt 0.387331 0.037470
vt 0.378713 0.042948
vt 0.389077 0.031473
vt 0.159856 0.970903
vt 0.377160 0.055400
vt 0.180346 0.922533
vt 0.388797 0.087020
vt 0.135201 0.947053
vt 0.242206 0.825320
vt 0.085554 0.929399
vt 0.230884 0.809774
vt 0.227399 0.806499
vt 0.200580 0.040201
vt 0.118477 0.858142
vt 0.215633 0.800591
vt 0.115875 0.841007
vt 0.405781 0.163191
vt 0.169444 0.077212
vt 0.172627 0.793687
vt 0.176932 0.787923
vt 0.170604 0.110491
vt 0.159181 0.793456
vt 0.153213 0.125345
vt 0.150927 0.129871
vt 0.413993 0.211402
vt 0.410948 0.222100
vt 0.410990 0.232788
vt 0.405275 0.251746
vt 0.402064 0.262851
vt 0.076927 0.246260
vt 0.065259 0.265767
vt 0.397391 0.283432
vt 0.061576 0.375415
vt 0.067220 0.394625
vt 0.072975 0.410395
vt 0.081988 0.424217
vt 0.096655 0.439725
vt 0.111101 0.445321
vt 0.176517 0.474291
vt 0.356615 0.351869
vt 0.225668 0.461535
vt 0.235798 0.449659
vt 0.310633 0.403311
vt 0.298890 0.411177
vt 0.250385 0.445838
vt 0.291201 0.419764
vt 0.257908 0.439648
vt 0.264171 0.436242
vt 0.239266 0.892475
vt 0.198481 0.922148
vt 0.155257 0.957644
vt 0.395629 0.073825
vt 0.392477 0.079285
vt 0.386779 0.101543
vt 0.393368 0.117121
vt 0.239294 0.813457
vt 0.124882 0.879072
vt 0.238042 0.809648
vt 0.217544 0.015480
vt 0.222471 0.801075
vt 0.193116 0.023821
vt 0.109806 0.837808
vt 0.166210 0.056095
vt 0.420921 0.178881
vt 0.177043 0.086633
vt 0.106275 0.809265
vt 0.161524 0.118254
vt 0.153350 0.777346
vt 0.107541 0.182750
vt 0.092341 0.194873
vt 0.079947 0.222700
vt 0.405528 0.261113
vt 0.077902 0.421487
vt 0.089142 0.435337
vt 0.374804 0.328365
vt 0.345056 0.367746
vt 0.336548 0.378554
vt 0.230762 0.460766
vt 0.236258 0.457511
vt 0.243979 0.451396
vt 0.305315 0.409675
vt 0.282784 0.432210
vt 0.209141 0.922691
vt 0.162470 0.980411
vt 0.171892 0.974235
vt 0.178233 0.977264
vt 0.164435 1.000000
vt 0.158198 0.996229
vt 0.187768 0.926987
vt 0.407440 0.055524
vt 0.402989 0.064630
vt 0.143741 0.948604
vt 0.249710 0.845265
vt 0.130198 0.937984
vt 0.241797 0.818648
vt 0.082165 0.906071
vt 0.056097 0.894203
vt 0.115463 0.859645
vt 0.174682 0.035634
vt 0.103278 0.815098
vt 0.156087 0.072716
vt 0.150134 0.085581
vt 0.107522 0.798838
vt 0.161593 0.775235
vt 0.136800 0.136940
vt 0.060159 0.282096
vt 0.394631 0.293564
vt 0.387710 0.305850
vt 0.105856 0.450200
vt 0.146376 0.466818
vt 0.373338 0.332823
vt 0.368991 0.343368
vt 0.331532 0.385856
vt 0.321141 0.394619
vt 0.288672 0.426860
vt 0.257681 0.877980
vt 0.253238 0.873077
vt 0.229604 0.920926
vt 0.256154 0.857911
vt 0.153422 0.947645
vt 0.142530 0.929847
vt 0.250246 0.828873
vt 0.116312 0.920874
vt 0.145163 0.908249
vt 0.099326 0.914060
vt 0.399491 0.135286
vt 0.235912 0.806453
vt 0.065310 0.881144
vt 0.229190 0.798064
vt 0.222267 0.792654
vt 0.206105 0.791201
vt 0.098009 0.819158
vt 0.193525 0.788640
vt 0.141966 0.099684
vt 0.182518 0.783562
vt 0.107225 0.783376
vt 0.118512 0.772344
vt 0.140404 0.773242
vt 0.126059 0.772870
vt 0.116823 0.163044
vt 0.100544 0.183239
vt 0.069486 0.243181
vt 0.056383 0.292171
vt 0.052077 0.327324
vt 0.059769 0.385180
vt 0.072943 0.423313
vt 0.382991 0.320231
vt 0.122456 0.459830
vt 0.162672 0.471795
vt 0.194469 0.479794
vt 0.355362 0.365261
vt 0.355043 0.358889
vt 0.242780 0.462022
vt 0.297480 0.420772
vt 0.241041 0.904852
vt 0.257783 0.868161
vt 0.175399 0.965371
vt 0.168585 0.957424
vt 0.436646 0.059969
vt 0.184748 0.930734
vt 0.174575 0.927125
vt 0.254118 0.840384
vt 0.404133 0.104241
vt 0.245714 0.815168
vt 0.242815 0.804177
vt 0.239900 0.801953
vt 0.420751 0.161060
vt 0.049504 0.870374
vt 0.041314 0.879682
vt 0.139796 0.065576
vt 0.196063 0.784946
vt 0.418704 0.194425
vt 0.149795 0.113370
vt 0.154762 0.101126
vt 0.123418 0.090481
vt 0.099457 0.797330
vt 0.168609 0.772437
vt 0.415667 0.233313
vt 0.411720 0.254879
vt 0.406608 0.277148
vt 0.402895 0.282969
vt 0.054146 0.364222
vt 0.399796 0.291932
vt 0.060494 0.400921
vt 0.083129 0.437746
vt 0.390078 0.305587
vt 0.386287 0.317638
vt 0.152317 0.473083
vt 0.208817 0.477031
vt 0.214758 0.472810
vt 0.234010 0.468474
vt 0.250292 0.463901
vt 0.268589 0.448229
vt 0.270692 0.441273
vt 0.244643 0.918686
vt 0.222452 0.929744
vt 0.201122 0.930926
vt 0.192943 0.992240
vt 0.166165 0.951214
vt 0.159930 0.927069
vt 0.421873 0.115846
vt 0.097801 0.899500
vt 0.132062 0.902997
vt 0.245379 0.807287
vt 0.081551 0.885620
vt 0.105442 0.866273
vt 0.233975 0.794768
vt 0.023045 0.827625
vt 0.143000 0.041455
vt 0.141543 0.121335
vt 0.139334 0.116751
vt 0.183535 0.773665
vt 0.145604 0.126954
vt 0.096800 0.775042
vt 0.130154 0.144621
vt 0.153127 0.767831
vt 0.135271 0.759596
vt 0.126482 0.758919
vt 0.421444 0.225681
vt 0.416225 0.244119
vt 0.093150 0.448188
vt 0.390664 0.312552
vt 0.107595 0.457275
vt 0.131199 0.467715
vt 0.155682 0.478268
vt 0.169627 0.479605
vt 0.181277 0.480977
vt 0.368730 0.350794
vt 0.190750 0.484562
vt 0.349344 0.376247
vt 0.344360 0.385413
vt 0.320245 0.407774
vt 0.258295 0.455425
vt 0.247195 0.894804
vt 0.194746 0.971408
vt 0.183270 0.960685
vt 0.200790 0.940753
vt 0.211647 0.939828
vt 0.437615 0.085194
vt 0.160669 0.936763
vt 0.257505 0.849069
vt 0.423770 0.091653
vt 0.421842 0.134131
vt 0.421465 0.151440
vt 0.436785 0.179062
vt 0.042928 0.840412
vt 0.095397 0.833688
vt 0.093480 0.811282
vt 0.440497 0.195448
vt 0.115882 0.078660
vt 0.090205 0.786760
vt 0.130863 0.117763
vt 0.427180 0.208836
vt 0.116133 0.117243
vt 0.108881 0.112805
vt 0.091800 0.773390
vt 0.134242 0.134896
vt 0.424160 0.214660
vt 0.110907 0.755814
vt 0.140050 0.753785
vt 0.117992 0.154267
vt 0.109022 0.164309
vt 0.415839 0.269850
vt 0.058811 0.253909
vt 0.045896 0.366064
vt 0.054621 0.391715
vt 0.061695 0.433074
vt 0.072348 0.436199
vt 0.079094 0.444200
vt 0.102024 0.461115
vt 0.121302 0.471870
vt 0.386062 0.329833
vt 0.144149 0.478305
vt 0.366578 0.357952
vt 0.359886 0.364540
vt 0.353345 0.375683
vt 0.221543 0.477925
vt 0.227439 0.473992
vt 0.336944 0.394100
vt 0.329383 0.398299
vt 0.316380 0.414414
vt 0.305420 0.424847
vt 0.224457 0.939874
vt 0.180934 0.952827
vt 0.447042 0.075167
vt 0.184883 0.938528
vt 0.176766 0.944142
vt 0.421642 0.101208
vt 0.260433 0.838148
vt 0.240415 0.796659
vt 0.057745 0.857967
vt 0.229659 0.791304
vt 0.207659 0.780827
vt 0.430997 0.201627
vt 0.087432 0.800930
vt 0.131749 0.132889
vt 0.086200 0.121315
vt 0.127026 0.141291
vt 0.094154 0.749102
vt 0.101645 0.738737
vt 0.147270 0.749489
vt 0.420833 0.239403
vt 0.126288 0.735694
vt 0.131677 0.741194
vt 0.098263 0.177095
vt 0.053598 0.291001
vt 0.401628 0.306833
vt 0.080384 0.462330
vt 0.072526 0.454400
vt 0.396910 0.313903
vt 0.096966 0.475080
vt 0.098845 0.468404
vt 0.124243 0.481078
vt 0.118330 0.486606
vt 0.392352 0.326703
vt 0.149154 0.493167
vt 0.148506 0.488035
vt 0.168312 0.492200
vt 0.170557 0.485723
vt 0.180423 0.485730
vt 0.204809 0.484353
vt 0.241605 0.470011
vt 0.298495 0.429900
vt 0.288580 0.438002
vt 0.265529 0.875914
vt 0.259168 0.896999
vt 0.266201 0.872584
vt 0.228686 0.934214
vt 0.468240 0.061004
vt 0.164544 0.934989
vt 0.264936 0.847211
vt 0.134711 0.918878
vt 0.125762 0.914898
vt 0.129033 0.905320
vt 0.257192 0.825751
vt 0.099004 0.890732
vt 0.252744 0.809154
vt 0.088646 0.879802
vt 0.244687 0.798363
vt 0.094793 0.847950
vt 0.235126 0.785609
vt 0.210772 0.776113
vt 0.086554 0.816991
vt 0.188282 0.768902
vt 0.194808 0.764154
vt 0.126652 0.129050
vt 0.110874 0.130177
vt 0.073215 0.123546
vt 0.169391 0.755819
vt 0.079054 0.144570
vt 0.112938 0.733256
vt 0.093447 0.181515
vt 0.423945 0.261355
vt 0.080471 0.205346
vt 0.067010 0.231261
vt 0.039990 0.338233
vt 0.408408 0.295744
vt 0.049756 0.411427
vt 0.078820 0.466896
vt 0.075126 0.474167
vt 0.106411 0.495172
vt 0.128107 0.506368
vt 0.097898 0.500943
vt 0.126258 0.512150
vt 0.145152 0.502699
vt 0.143329 0.514025
vt 0.150460 0.510635
vt 0.157710 0.501453
vt 0.163960 0.497425
vt 0.183395 0.492562
vt 0.218627 0.483237
vt 0.267580 0.454805
vt 0.279289 0.445184
vt 0.255811 0.916926
vt 0.209884 0.961835
vt 0.196857 0.955258
vt 0.189378 0.948624
vt 0.197145 0.946711
vt 0.265666 0.856596
vt 0.140214 0.920157
vt 0.263975 0.832406
vt 0.114377 0.892928
vt 0.260219 0.815362
vt 0.249472 0.801355
vt 0.228270 0.784119
vt 0.000000 0.808471
vt 0.021983 0.799263
vt 0.010055 0.793443
vt 0.077853 0.774200
vt 0.073265 0.105215
vt 0.123585 0.135877
vt 0.084471 0.765534
vt 0.117139 0.146876
vt 0.090925 0.144772
vt 0.052711 0.170407
vt 0.036377 0.320042
vt 0.046343 0.278045
vt 0.422590 0.278925
vt 0.416191 0.285702
vt 0.064930 0.460051
vt 0.083618 0.486923
vt 0.088650 0.496872
vt 0.119875 0.517553
vt 0.128400 0.518262
vt 0.137111 0.519531
vt 0.149554 0.519833
vt 0.158309 0.513442
vt 0.175595 0.500021
vt 0.179418 0.496585
vt 0.197960 0.494181
vt 0.206895 0.492040
vt 0.356017 0.374366
vt 0.216904 0.488430
vt 0.234578 0.476409
vt 0.330917 0.403644
vt 0.324562 0.408035
vt 0.257040 0.463923
vt 0.270166 0.884269
vt 0.251570 0.930258
vt 0.223776 0.973349
vt 0.215176 0.944980
vt 0.481405 0.086619
vt 0.443802 0.126382
vt 0.115231 0.898401
vt 0.439885 0.134447
vt 0.092221 0.861404
vt 0.092274 0.856618
vt 0.253116 0.803439
vt 0.442384 0.147587
vt 0.249280 0.795643
vt 0.438250 0.171367
vt 0.066257 0.851412
vt 0.242159 0.789168
vt 0.029766 0.801412
vt 0.436685 0.216419
vt 0.019478 0.778981
vt 0.106650 0.145438
vt 0.434978 0.231861
vt 0.105671 0.154611
vt 0.093803 0.153177
vt 0.110762 0.156050
vt 0.073158 0.176015
vt 0.088240 0.737855
vt 0.082475 0.737155
vt 0.432047 0.251444
vt 0.100233 0.163662
vt 0.098556 0.168358
vt 0.084952 0.189271
vt 0.035062 0.362303
vt 0.411587 0.306677
vt 0.068362 0.472911
vt 0.100508 0.511774
vt 0.106778 0.513830
vt 0.122693 0.525200
vt 0.406479 0.319092
vt 0.130902 0.526596
vt 0.143159 0.529015
vt 0.159024 0.527198
vt 0.164868 0.510808
vt 0.168108 0.505103
vt 0.171121 0.513472
vt 0.386264 0.345668
vt 0.179851 0.509074
vt 0.374715 0.363145
vt 0.350819 0.383880
vt 0.324723 0.412573
vt 0.308197 0.427062
vt 0.301330 0.432815
vt 0.279116 0.448651
vt 0.254083 0.933324
vt 0.273130 0.864175
vt 0.229173 0.991684
vt 0.213692 0.961528
vt 0.207140 0.955605
vt 0.225672 0.954039
vt 0.455438 0.104347
vt 0.449677 0.107455
vt 0.264103 0.825809
vt 0.092625 0.876792
vt 0.441247 0.157866
vt 0.090193 0.865604
vt 0.253984 0.797284
vt 0.246007 0.792912
vt 0.250798 0.789982
vt 0.043705 0.823160
vt 0.074570 0.793989
vt 0.015405 0.745716
vt 0.037381 0.174177
vt 0.001266 0.713823
vt 0.178274 0.752706
vt 0.095747 0.162000
vt 0.053774 0.200772
vt 0.166719 0.747556
vt 0.085652 0.170991
vt 0.096956 0.724559
vt 0.138868 0.728137
vt 0.089340 0.179606
vt 0.105991 0.719884
vt 0.052471 0.252343
vt 0.072292 0.491592
vt 0.118495 0.528002
vt 0.153647 0.531210
vt 0.393076 0.335293
vt 0.164723 0.529830
vt 0.394263 0.341960
vt 0.185938 0.505523
vt 0.192951 0.500537
vt 0.203423 0.499256
vt 0.381734 0.353198
vt 0.368536 0.368578
vt 0.363032 0.377003
vt 0.231012 0.485721
vt 0.251367 0.472688
vt 0.335790 0.403162
vt 0.317786 0.420866
vt 0.271984 0.455350
vt 0.287970 0.446209
vt 0.291650 0.441160
vt 0.223684 0.967173
vt 0.239287 0.945002
vt 0.288998 0.904163
vt 0.221470 0.960531
vt 0.273245 0.850651
vt 0.449912 0.117815
vt 0.270135 0.828055
vt 0.263215 0.820162
vt 0.068649 0.848385
vt 0.069261 0.841297
vt 0.077835 0.826825
vt 0.247989 0.786157
vt 0.049219 0.818315
vt 0.243540 0.784275
vt 0.078436 0.818651
vt 0.229432 0.778020
vt 0.032908 0.790739
vt 0.069242 0.767210
vt 0.188121 0.758457
vt 0.079198 0.737785
vt 0.072455 0.742773
vt 0.088810 0.176508
vt 0.074551 0.188250
vt 0.082687 0.182605
vt 0.083950 0.709482
vt 0.125380 0.712902
vt 0.074011 0.201478
vt 0.059461 0.230761
vt 0.046914 0.258112
vt 0.032020 0.353295
vt 0.055812 0.461958
vt 0.080572 0.504672
vt 0.089584 0.513254
vt 0.133597 0.537427
vt 0.143172 0.537312
vt 0.150189 0.535958
vt 0.159519 0.535224
vt 0.401415 0.326286
vt 0.174042 0.525487
vt 0.181251 0.515853
vt 0.236046 0.493969
vt 0.345010 0.393241
vt 0.253213 0.479741
vt 0.270859 0.465280
vt 0.281817 0.457198
vt 0.311668 0.428597
vt 0.274872 0.873782
vt 0.248301 0.943152
vt 0.489226 0.064945
vt 0.477637 0.098249
vt 0.272901 0.840820
vt 0.455872 0.126617
vt 0.271146 0.834414
vt 0.262933 0.810140
vt 0.256928 0.804008
vt 0.074082 0.828892
vt 0.446556 0.193657
vt 0.449793 0.211681
vt 0.214097 0.771003
vt 0.025517 0.768331
vt 0.022686 0.739111
vt 0.156858 0.726837
vt 0.064029 0.205177
vt 0.067308 0.209782
vt 0.029528 0.238924
vt 0.052107 0.218849
vt 0.099466 0.711054
vt 0.115663 0.707416
vt 0.053386 0.233709
vt 0.109525 0.702819
vt 0.045996 0.246401
vt 0.050357 0.243331
vt 0.029458 0.328693
vt 0.044210 0.425486
vt 0.108385 0.536033
vt 0.124231 0.537186
vt 0.159346 0.548922
vt 0.169051 0.531866
vt 0.168704 0.537834
vt 0.196703 0.510727
vt 0.214930 0.498576
vt 0.223113 0.497018
vt 0.357469 0.384370
vt 0.242376 0.483758
vt 0.353399 0.390980
vt 0.341906 0.406115
vt 0.307455 0.437717
vt 0.296124 0.448165
vt 0.265198 0.929766
vt 0.254561 0.965058
vt 0.280277 0.896073
vt 0.278894 0.858028
vt 0.450254 0.142838
vt 0.266762 0.816740
vt 0.259424 0.798771
vt 0.449102 0.169573
vt 0.442965 0.178529
vt 0.254752 0.789781
vt 0.073995 0.840984
vt 0.070646 0.806007
vt 0.244353 0.778094
vt 0.234395 0.771795
vt 0.444125 0.217256
vt 0.067723 0.786907
vt 0.442708 0.234938
vt 0.022126 0.699314
vt 0.440241 0.245411
vt 0.439000 0.252685
vt 0.064550 0.704591
vt 0.172708 0.738776
vt 0.072568 0.707281
vt 0.029678 0.262179
vt 0.086637 0.696844
vt 0.429139 0.270691
vt 0.026177 0.325316
vt 0.422435 0.292759
vt 0.031082 0.381699
vt 0.049021 0.469377
vt 0.072894 0.517436
vt 0.101559 0.535549
vt 0.116522 0.537731
vt 0.138065 0.542624
vt 0.142239 0.543817
vt 0.151269 0.542976
vt 0.190510 0.512373
vt 0.199429 0.506285
vt 0.262216 0.474461
vt 0.332918 0.414106
vt 0.282978 0.461622
vt 0.321450 0.426745
vt 0.290206 0.880168
vt 0.244102 0.958728
vt 0.281431 0.866232
vt 0.282471 0.911805
vt 0.471326 0.111847
vt 0.454016 0.135143
vt 0.453382 0.155199
vt 0.453647 0.165856
vt 0.261963 0.804218
vt 0.457168 0.186646
vt 0.259822 0.794025
vt 0.455467 0.195082
vt 0.063615 0.811670
vt 0.255212 0.784908
vt 0.055376 0.818162
vt 0.250215 0.778506
vt 0.039745 0.777054
vt 0.446028 0.229145
vt 0.205419 0.762388
vt 0.198474 0.755974
vt 0.031956 0.750459
vt 0.030477 0.724078
vt 0.190204 0.749554
vt 0.016035 0.675913
vt 0.181774 0.740357
vt 0.438605 0.262855
vt 0.000000 0.319987
vt 0.153324 0.716416
vt 0.076253 0.700084
vt 0.092612 0.685928
vt 0.031347 0.280031
vt 0.427918 0.285433
vt 0.027467 0.342917
vt 0.424401 0.308549
vt 0.064698 0.506438
vt 0.088833 0.527097
vt 0.126306 0.545774
vt 0.136951 0.551076
vt 0.139015 0.549646
vt 0.153339 0.550188
vt 0.165192 0.549086
vt 0.175821 0.535656
vt 0.178079 0.533551
vt 0.186940 0.527190
vt 0.192303 0.518384
vt 0.386833 0.363502
vt 0.369321 0.377061
vt 0.351919 0.395961
vt 0.329481 0.422463
vt 0.275866 0.468273
vt 0.315915 0.434700
vt 0.265369 0.936498
vt 0.502194 0.081241
vt 0.270896 0.993043
vt 0.486788 0.101886
vt 0.482560 0.124476
vt 0.280541 0.825102
vt 0.252918 0.781603
vt 0.056291 0.808514
vt 0.065720 0.804512
vt 0.248205 0.775182
vt 0.066619 0.799129
vt 0.228170 0.766244
vt 0.215498 0.761854
vt 0.203792 0.757808
vt 0.061982 0.764977
vt 0.063589 0.718815
vt 0.029284 0.693912
vt 0.005252 0.640061
vt 0.434464 0.275887
vt 0.078487 0.684042
vt 0.129831 0.705016
vt 0.010917 0.337295
vt 0.016957 0.348069
vt 0.080510 0.523740
vt 0.094684 0.535938
vt 0.143660 0.549911
vt 0.397402 0.338355
vt 0.186601 0.535538
vt 0.204010 0.516060
vt 0.203634 0.518806
vt 0.212325 0.513822
vt 0.214981 0.508846
vt 0.224262 0.505462
vt 0.229297 0.500236
vt 0.361282 0.392806
vt 0.249565 0.493047
vt 0.339937 0.413520
vt 0.333443 0.417887
vt 0.311600 0.441785
vt 0.300552 0.450876
vt 0.262520 0.944863
vt 0.262103 0.958609
vt 0.290385 0.917731
vt 0.298643 0.854225
vt 0.281611 0.834694
vt 0.474174 0.158267
vt 0.471801 0.167459
vt 0.274947 0.808304
vt 0.471967 0.188028
vt 0.267597 0.797017
vt 0.259548 0.786008
vt 0.049024 0.784972
vt 0.060083 0.774955
vt 0.242765 0.771494
vt 0.460409 0.229097
vt 0.038869 0.750144
vt 0.039044 0.706881
vt 0.192302 0.748396
vt 0.034649 0.675268
vt 0.027650 0.657934
vt 0.016246 0.634016
vt 0.113570 0.679927
vt 0.122679 0.685415
vt 0.021930 0.371271
vt 0.030446 0.425644
vt 0.046664 0.497314
vt 0.051288 0.530643
vt 0.062833 0.531901
vt 0.130697 0.551125
vt 0.120031 0.545571
vt 0.142905 0.553991
vt 0.145994 0.554054
vt 0.160425 0.552296
vt 0.157939 0.553926
vt 0.412537 0.328332
vt 0.408512 0.337172
vt 0.174240 0.542976
vt 0.184940 0.538721
vt 0.197635 0.530838
vt 0.201381 0.522890
vt 0.389747 0.358929
vt 0.378969 0.372047
vt 0.244254 0.497680
vt 0.350410 0.410133
vt 0.273195 0.479577
vt 0.326434 0.431058
vt 0.295309 0.864470
vt 0.288325 0.898436
vt 0.282919 0.967287
vt 0.495411 0.122813
vt 0.298774 0.845267
vt 0.475971 0.145241
vt 0.262834 0.790927
vt 0.258846 0.780675
vt 0.254411 0.777084
vt 0.058026 0.789469
vt 0.236527 0.766674
vt 0.050077 0.776821
vt 0.052690 0.758627
vt 0.221256 0.759911
vt 0.447123 0.244053
vt 0.205709 0.754002
vt 0.041759 0.711628
vt 0.056861 0.729518
vt 0.197024 0.750465
vt 0.443709 0.257825
vt 0.057245 0.695121
vt 0.186173 0.734854
vt 0.061902 0.686781
vt 0.170529 0.719142
vt 0.065554 0.674634
vt 0.017948 0.613856
vt 0.148084 0.699164
vt 0.083544 0.673552
vt 0.135016 0.686378
vt 0.004207 0.624276
vt 0.015092 0.387530
vt 0.021766 0.408139
vt 0.023099 0.449764
vt 0.043560 0.544958
vt 0.435457 0.296480
vt 0.078394 0.534931
vt 0.137005 0.555942
vt 0.110072 0.546940
vt 0.417446 0.322421
vt 0.153520 0.557226
vt 0.171846 0.551463
vt 0.405041 0.343656
vt 0.399506 0.346212
vt 0.204858 0.529240
vt 0.399444 0.351727
vt 0.370151 0.385525
vt 0.281462 0.474740
vt 0.289929 0.467645
vt 0.335649 0.425729
vt 0.304688 0.459395
vt 0.297560 0.868223
vt 0.285228 0.944066
vt 0.299800 0.925313
vt 0.291217 0.909236
vt 0.483923 0.134212
vt 0.484256 0.182875
vt 0.480111 0.186761
vt 0.264359 0.786291
vt 0.465026 0.212210
vt 0.256419 0.769457
vt 0.459413 0.240449
vt 0.246702 0.763512
vt 0.050537 0.757458
vt 0.454547 0.243539
vt 0.054299 0.697583
vt 0.047254 0.703053
vt 0.046786 0.684854
vt 0.183074 0.725250
vt 0.041853 0.649223
vt 0.053325 0.669905
vt 0.039833 0.626725
vt 0.164121 0.704880
vt 0.156229 0.704972
vt 0.073909 0.666199
vt 0.022888 0.573517
vt 0.030608 0.587441
vt 0.104751 0.664852
vt 0.020829 0.467057
vt 0.037106 0.533300
vt 0.054436 0.548525
vt 0.067273 0.541857
vt 0.090559 0.549155
vt 0.132107 0.555028
vt 0.103143 0.546608
vt 0.123106 0.554504
vt 0.143797 0.557447
vt 0.166053 0.555274
vt 0.182467 0.542790
vt 0.195970 0.535145
vt 0.220868 0.519639
vt 0.221785 0.522848
vt 0.228128 0.517314
vt 0.237330 0.502570
vt 0.360159 0.402197
vt 0.268249 0.485744
vt 0.344996 0.420997
vt 0.330970 0.436102
vt 0.319910 0.442704
vt 0.313469 0.449380
vt 0.287073 0.953559
vt 0.312319 0.964563
vt 0.518948 0.110977
vt 0.526840 0.101967
vt 0.506042 0.122546
vt 0.296061 0.833423
vt 0.286445 0.825386
vt 0.496727 0.171820
vt 0.288219 0.819975
vt 0.471015 0.207261
vt 0.465346 0.228935
vt 0.260937 0.777197
vt 0.260211 0.773298
vt 0.251287 0.766760
vt 0.235421 0.758400
vt 0.204504 0.748465
vt 0.201057 0.743773
vt 0.450072 0.262409
vt 0.194983 0.736315
vt 0.444123 0.266487
vt 0.442252 0.285291
vt 0.058821 0.661756
vt 0.050867 0.647554
vt 0.049421 0.611545
vt 0.174748 0.706753
vt 0.045459 0.588797
vt 0.098624 0.658947
vt 0.048598 0.568785
vt 0.063402 0.554395
vt 0.097649 0.553875
vt 0.150700 0.560088
vt 0.163367 0.561405
vt 0.184098 0.555564
vt 0.216284 0.528287
vt 0.238973 0.511710
vt 0.375422 0.382265
vt 0.257822 0.495743
vt 0.365206 0.395709
vt 0.303214 0.883749
vt 0.308394 0.890403
vt 0.298019 0.875731
vt 0.298650 0.912436
vt 0.309249 0.987375
vt 0.504767 0.148674
vt 0.479913 0.204898
vt 0.269648 0.789155
vt 0.266320 0.780450
vt 0.225990 0.752671
vt 0.246384 0.758547
vt 0.188943 0.729728
vt 0.448864 0.275344
vt 0.063136 0.650954
vt 0.068160 0.658787
vt 0.058532 0.632806
vt 0.095294 0.655297
vt 0.136295 0.671587
vt 0.121273 0.659503
vt 0.054466 0.596445
vt 0.054710 0.571069
vt 0.061152 0.575421
vt 0.080205 0.558447
vt 0.085503 0.558544
vt 0.426716 0.314634
vt 0.123335 0.562907
vt 0.144720 0.563449
vt 0.139077 0.564812
vt 0.407152 0.347175
vt 0.217373 0.535328
vt 0.227085 0.527300
vt 0.249201 0.506255
vt 0.260600 0.504573
vt 0.373626 0.387488
vt 0.292271 0.476424
vt 0.336376 0.429402
vt 0.296745 0.471999
vt 0.319988 0.448520
vt 0.316041 0.915168
vt 0.498436 0.154912
vt 0.282533 0.800251
vt 0.472383 0.224788
vt 0.261943 0.768293
vt 0.461334 0.250900
vt 0.257282 0.767049
vt 0.253712 0.762682
vt 0.215934 0.750096
vt 0.457464 0.253772
vt 0.207314 0.742236
vt 0.452566 0.269975
vt 0.187957 0.716603
vt 0.075698 0.649014
vt 0.083283 0.645988
vt 0.166575 0.691119
vt 0.147638 0.680441
vt 0.074059 0.565176
vt 0.114698 0.563316
vt 0.151677 0.565645
vt 0.157427 0.563180
vt 0.415035 0.332583
vt 0.178647 0.563864
vt 0.181538 0.560425
vt 0.199715 0.556837
vt 0.198432 0.548341
vt 0.209401 0.541167
vt 0.394385 0.361366
vt 0.235819 0.534092
vt 0.229154 0.522520
vt 0.390543 0.368371
vt 0.383295 0.375625
vt 0.245975 0.516237
vt 0.281603 0.484685
vt 0.357569 0.410233
vt 0.353131 0.414288
vt 0.329817 0.441572
vt 0.309807 0.462767
vt 0.311775 0.892723
vt 0.322380 0.938870
vt 0.316661 0.931754
vt 0.311356 0.855290
vt 0.338811 0.960899
vt 0.512589 0.146404
vt 0.494260 0.177688
vt 0.483700 0.197693
vt 0.289624 0.808098
vt 0.280198 0.794705
vt 0.474325 0.215648
vt 0.270935 0.783508
vt 0.258606 0.761584
vt 0.255297 0.759055
vt 0.238053 0.753686
vt 0.250420 0.754801
vt 0.456629 0.263106
vt 0.217632 0.745434
vt 0.200638 0.739498
vt 0.196397 0.724907
vt 0.449458 0.280659
vt 0.069913 0.647344
vt 0.089185 0.647716
vt 0.161337 0.674294
vt 0.105351 0.640413
vt 0.112717 0.649830
vt 0.440930 0.303121
vt 0.436963 0.308335
vt 0.107891 0.560155
vt 0.101481 0.559529
vt 0.128628 0.566764
vt 0.420183 0.334601
vt 0.144835 0.570290
vt 0.410460 0.342643
vt 0.236533 0.522246
vt 0.257183 0.510215
vt 0.280742 0.495450
vt 0.349187 0.433906
vt 0.340516 0.434889
vt 0.313184 0.877435
vt 0.313843 0.896372
vt 0.319337 0.898806
vt 0.315775 0.862503
vt 0.545862 0.140146
vt 0.557158 0.134304
vt 0.507225 0.162678
vt 0.298003 0.824222
vt 0.268685 0.775752
vt 0.264783 0.772260
vt 0.469508 0.235518
vt 0.465848 0.245917
vt 0.261403 0.763763
vt 0.264712 0.764681
vt 0.239917 0.750603
vt 0.221218 0.739993
vt 0.204153 0.733562
vt 0.455314 0.275481
vt 0.074036 0.645238
vt 0.449818 0.294007
vt 0.067217 0.636429
vt 0.073281 0.629215
vt 0.179291 0.695066
vt 0.078048 0.621842
vt 0.130030 0.643552
vt 0.073055 0.586006
vt 0.074606 0.571898
vt 0.433074 0.319052
vt 0.109782 0.566637
vt 0.170578 0.568485
vt 0.168567 0.575517
vt 0.194495 0.558902
vt 0.410817 0.362108
vt 0.258897 0.514445
vt 0.383023 0.391990
vt 0.269151 0.502941
vt 0.371584 0.400749
vt 0.303233 0.484081
vt 0.308306 0.474542
vt 0.336595 0.442582
vt 0.323234 0.451500
vt 0.314306 0.882932
vt 0.313690 0.870942
vt 0.325031 0.855476
vt 0.340117 0.945551
vt 0.535343 0.146940
vt 0.357319 0.972546
vt 0.507393 0.171644
vt 0.497679 0.192816
vt 0.298609 0.813899
vt 0.487679 0.191515
vt 0.470583 0.244606
vt 0.266317 0.768361
vt 0.464054 0.265609
vt 0.263388 0.759857
vt 0.260985 0.757756
vt 0.257201 0.756059
vt 0.251121 0.749994
vt 0.458489 0.271495
vt 0.259471 0.749143
vt 0.230650 0.747059
vt 0.244711 0.743580
vt 0.210232 0.729206
vt 0.238987 0.743221
vt 0.079717 0.635172
vt 0.446645 0.297005
vt 0.184437 0.700499
vt 0.138174 0.657524
vt 0.179052 0.687130
vt 0.113992 0.631289
vt 0.086232 0.567421
vt 0.096850 0.570307
vt 0.110771 0.571386
vt 0.128423 0.571033
vt 0.174188 0.566896
vt 0.412090 0.351449
vt 0.203443 0.554222
vt 0.208048 0.550951
vt 0.228724 0.536146
vt 0.223333 0.546500
vt 0.239431 0.530090
vt 0.251430 0.526235
vt 0.273677 0.508766
vt 0.362160 0.415713
vt 0.306839 0.481344
vt 0.358645 0.424598
vt 0.319408 0.467087
vt 0.326385 0.459183
vt 0.332083 0.449992
vt 0.324121 0.902428
vt 0.519397 0.158506
vt 0.529469 0.155983
vt 0.502415 0.184847
vt 0.484916 0.222339
vt 0.285223 0.790161
vt 0.275765 0.779461
vt 0.272108 0.771495
vt 0.268293 0.769107
vt 0.468652 0.259021
vt 0.261168 0.751602
vt 0.257778 0.745850
vt 0.250506 0.745611
vt 0.255026 0.744413
vt 0.224640 0.730913
vt 0.454710 0.289819
vt 0.071545 0.638356
vt 0.074094 0.640309
vt 0.203622 0.718635
vt 0.087160 0.637215
vt 0.106941 0.627924
vt 0.153582 0.663991
vt 0.171465 0.673221
vt 0.119738 0.635885
vt 0.438573 0.313249
vt 0.088386 0.577750
vt 0.157971 0.574688
vt 0.423763 0.343925
vt 0.240230 0.538317
vt 0.404519 0.370686
vt 0.393771 0.381733
vt 0.388302 0.389332
vt 0.284484 0.502234
vt 0.294327 0.495289
vt 0.314086 0.475990
vt 0.323055 0.890409
vt 0.313553 0.839018
vt 0.527256 0.184281
vt 0.293579 0.802155
vt 0.295375 0.798906
vt 0.483702 0.254538
vt 0.472003 0.252809
vt 0.270052 0.764662
vt 0.267376 0.760440
vt 0.265010 0.755361
vt 0.265148 0.749944
vt 0.261609 0.746973
vt 0.260824 0.742685
vt 0.220020 0.729202
vt 0.258075 0.740968
vt 0.252460 0.740819
vt 0.243008 0.731881
vt 0.256335 0.736124
vt 0.250622 0.733134
vt 0.074457 0.636414
vt 0.196474 0.708805
vt 0.088280 0.597874
vt 0.145846 0.652109
vt 0.145430 0.643314
vt 0.095269 0.576471
vt 0.433273 0.337736
vt 0.122116 0.574253
vt 0.138246 0.577661
vt 0.144823 0.574398
vt 0.236346 0.546635
vt 0.247701 0.536008
vt 0.259315 0.521711
vt 0.382715 0.400280
vt 0.379158 0.405379
vt 0.339494 0.449411
vt 0.334809 0.904225
vt 0.340280 0.915128
vt 0.359925 0.921584
vt 0.573252 0.157496
vt 0.384467 0.942333
vt 0.311866 0.824289
vt 0.311895 0.816551
vt 0.497578 0.223344
vt 0.490451 0.236393
vt 0.278173 0.772499
vt 0.465499 0.278682
vt 0.267896 0.751201
vt 0.459952 0.282727
vt 0.264777 0.745947
vt 0.212715 0.720674
vt 0.259920 0.738433
vt 0.086959 0.625762
vt 0.101959 0.621136
vt 0.204735 0.697168
vt 0.165790 0.665799
vt 0.160668 0.657623
vt 0.134486 0.634910
vt 0.439394 0.326731
vt 0.111149 0.583625
vt 0.152456 0.578969
vt 0.180703 0.568676
vt 0.193241 0.564759
vt 0.417067 0.360457
vt 0.420507 0.354685
vt 0.219405 0.551100
vt 0.243684 0.544209
vt 0.259039 0.535078
vt 0.267903 0.519842
vt 0.266236 0.524068
vt 0.274583 0.518153
vt 0.372052 0.415279
vt 0.327880 0.471684
vt 0.353990 0.441668
vt 0.338877 0.459535
vt 0.332863 0.892508
vt 0.330443 0.860277
vt 0.324073 0.849195
vt 0.366379 0.933131
vt 0.380993 0.963005
vt 0.538395 0.185484
vt 0.525842 0.215066
vt 0.313009 0.805208
vt 0.517435 0.216845
vt 0.499793 0.213433
vt 0.489097 0.251682
vt 0.477635 0.261521
vt 0.269225 0.756901
vt 0.264710 0.742661
vt 0.263715 0.737826
vt 0.222317 0.726351
vt 0.261819 0.735132
vt 0.242667 0.727362
vt 0.258293 0.733279
vt 0.211437 0.714692
vt 0.212365 0.702116
vt 0.230300 0.723514
vt 0.249457 0.729769
vt 0.103178 0.611418
vt 0.247642 0.724430
vt 0.099655 0.607172
vt 0.198520 0.682200
vt 0.242123 0.724068
vt 0.180900 0.672223
vt 0.157092 0.639079
vt 0.179318 0.660957
vt 0.109506 0.594332
vt 0.129803 0.586047
vt 0.180110 0.575340
vt 0.193283 0.568953
vt 0.203628 0.562114
vt 0.211781 0.556798
vt 0.257204 0.526862
vt 0.287953 0.517161
vt 0.299126 0.504782
vt 0.372172 0.421061
vt 0.363754 0.429328
vt 0.322771 0.481103
vt 0.316579 0.486431
vt 0.346380 0.454690
vt 0.335133 0.864452
vt 0.360918 0.911415
vt 0.322738 0.839783
vt 0.558915 0.179519
vt 0.318204 0.829251
vt 0.507777 0.224472
vt 0.305782 0.802882
vt 0.290300 0.781774
vt 0.273487 0.764848
vt 0.477868 0.276214
vt 0.271300 0.759942
vt 0.267585 0.744870
vt 0.460821 0.301246
vt 0.222596 0.720506
vt 0.455140 0.307760
vt 0.218567 0.716123
vt 0.259501 0.729103
vt 0.233365 0.719712
vt 0.262885 0.730278
vt 0.112560 0.615370
vt 0.242507 0.719028
vt 0.195284 0.674545
vt 0.237124 0.712719
vt 0.254423 0.720484
vt 0.123490 0.615952
vt 0.168267 0.643408
vt 0.173689 0.651981
vt 0.136052 0.619895
vt 0.258515 0.722971
vt 0.248741 0.717138
vt 0.244963 0.714501
vt 0.251286 0.713916
vt 0.146460 0.583292
vt 0.175466 0.582334
vt 0.190997 0.574218
vt 0.412798 0.366086
vt 0.231070 0.552571
vt 0.405368 0.376669
vt 0.392228 0.391551
vt 0.307467 0.498117
vt 0.351924 0.448433
vt 0.516756 0.224469
vt 0.507988 0.248014
vt 0.294060 0.787668
vt 0.496417 0.251536
vt 0.276096 0.764692
vt 0.271555 0.752848
vt 0.473820 0.298968
vt 0.267721 0.737698
vt 0.265884 0.735119
vt 0.221904 0.715562
vt 0.218376 0.698842
vt 0.227809 0.713405
vt 0.262995 0.726001
vt 0.264575 0.729220
vt 0.448799 0.323921
vt 0.120213 0.608460
vt 0.149672 0.624448
vt 0.120129 0.602709
vt 0.262871 0.720914
vt 0.126347 0.592844
vt 0.241535 0.710140
vt 0.262221 0.714574
vt 0.254772 0.707641
vt 0.258925 0.716271
vt 0.143798 0.590288
vt 0.248067 0.704914
vt 0.255807 0.704142
vt 0.259731 0.710674
vt 0.261392 0.703863
vt 0.200215 0.572803
vt 0.203249 0.567787
vt 0.424394 0.357369
vt 0.217087 0.561719
vt 0.220678 0.558233
vt 0.256490 0.542639
vt 0.263992 0.531348
vt 0.274854 0.524354
vt 0.388059 0.405957
vt 0.336981 0.468538
vt 0.339129 0.475563
vt 0.578575 0.186893
vt 0.316619 0.818207
vt 0.311154 0.791232
vt 0.284058 0.765757
vt 0.288164 0.772569
vt 0.271253 0.746516
vt 0.468702 0.307694
vt 0.270886 0.738699
vt 0.455260 0.319748
vt 0.223443 0.705072
vt 0.266223 0.724819
vt 0.136427 0.609840
vt 0.186352 0.662128
vt 0.451778 0.341118
vt 0.136368 0.599307
vt 0.265508 0.720361
vt 0.230519 0.704525
vt 0.435806 0.349435
vt 0.167657 0.591393
vt 0.262330 0.707052
vt 0.253052 0.701816
vt 0.246140 0.701415
vt 0.264296 0.708414
vt 0.259075 0.702028
vt 0.192818 0.580847
vt 0.206852 0.570823
vt 0.415006 0.373846
vt 0.255659 0.551609
vt 0.269219 0.544647
vt 0.264318 0.538816
vt 0.399592 0.392353
vt 0.407212 0.383660
vt 0.272249 0.533934
vt 0.395190 0.399029
vt 0.282697 0.520647
vt 0.371657 0.434800
vt 0.326163 0.491807
vt 0.365855 0.447915
vt 0.357912 0.451642
vt 0.352602 0.455190
vt 0.351956 0.871976
vt 0.344988 0.846380
vt 0.339342 0.843177
vt 0.365580 0.901305
vt 0.361527 0.891945
vt 0.383524 0.899215
vt 0.334972 0.827230
vt 0.543394 0.201184
vt 0.540180 0.216454
vt 0.528997 0.233117
vt 0.301969 0.781524
vt 0.285966 0.753609
vt 0.273954 0.737274
vt 0.464890 0.318058
vt 0.269044 0.734039
vt 0.268534 0.729805
vt 0.156527 0.624547
vt 0.172706 0.641118
vt 0.212667 0.693746
vt 0.151163 0.609131
vt 0.180580 0.645581
vt 0.139379 0.594373
vt 0.264648 0.713088
vt 0.267178 0.716010
vt 0.254059 0.698184
vt 0.260003 0.698645
vt 0.263654 0.703045
vt 0.265252 0.706049
vt 0.261355 0.700649
vt 0.262908 0.701239
vt 0.263095 0.699389
vt 0.420144 0.373883
vt 0.217395 0.567699
vt 0.285206 0.531713
vt 0.385161 0.417403
vt 0.305571 0.518033
vt 0.315730 0.503330
vt 0.344376 0.475080
vt 0.334198 0.482559
vt 0.345737 0.469166
vt 0.355740 0.859741
vt 0.371306 0.870426
vt 0.405687 0.914261
vt 0.564592 0.205767
vt 0.332024 0.816461
vt 0.326578 0.805044
vt 0.305283 0.775976
vt 0.493439 0.279345
vt 0.281617 0.743746
vt 0.268716 0.725121
vt 0.176128 0.635463
vt 0.137254 0.604187
vt 0.187806 0.649095
vt 0.208698 0.679427
vt 0.227959 0.698733
vt 0.191380 0.656246
vt 0.202780 0.675734
vt 0.268082 0.720552
vt 0.233415 0.696178
vt 0.267287 0.713159
vt 0.430099 0.362212
vt 0.258739 0.696664
vt 0.210648 0.577163
vt 0.207434 0.580271
vt 0.261885 0.696948
vt 0.265106 0.701507
vt 0.415287 0.377669
vt 0.239619 0.562090
vt 0.405407 0.393506
vt 0.261163 0.547814
vt 0.278842 0.539352
vt 0.403168 0.398804
vt 0.301674 0.529587
vt 0.389689 0.426300
vt 0.357276 0.459978
vt 0.386532 0.884344
vt 0.419273 0.918722
vt 0.608228 0.214869
vt 0.557361 0.224160
vt 0.331982 0.808855
vt 0.318188 0.795549
vt 0.494690 0.266613
vt 0.489381 0.293140
vt 0.272429 0.731975
vt 0.271024 0.725660
vt 0.156777 0.617221
vt 0.162964 0.618582
vt 0.458343 0.340292
vt 0.221563 0.690892
vt 0.152250 0.603035
vt 0.191059 0.635960
vt 0.205024 0.666300
vt 0.203251 0.654477
vt 0.249633 0.693407
vt 0.237835 0.690553
vt 0.267307 0.709370
vt 0.253673 0.693710
vt 0.266782 0.702155
vt 0.263759 0.694984
vt 0.264396 0.695734
vt 0.424563 0.379977
vt 0.234507 0.568636
vt 0.287962 0.536764
vt 0.397502 0.410542
vt 0.377071 0.441899
vt 0.360084 0.469436
vt 0.347550 0.484752
vt 0.339179 0.835284
vt 0.428530 0.930219
vt 0.534853 0.228957
vt 0.523048 0.247647
vt 0.511592 0.265601
vt 0.301171 0.767245
vt 0.295398 0.759188
vt 0.482651 0.290786
vt 0.290575 0.751015
vt 0.461787 0.331823
vt 0.270957 0.721995
vt 0.184796 0.624378
vt 0.173497 0.611250
vt 0.212483 0.640362
vt 0.149331 0.599584
vt 0.224418 0.677672
vt 0.270299 0.717718
vt 0.151163 0.594586
vt 0.215421 0.650019
vt 0.231520 0.689946
vt 0.226743 0.683649
vt 0.269532 0.709515
vt 0.440774 0.360348
vt 0.191359 0.588727
vt 0.248909 0.686762
vt 0.234991 0.684779
vt 0.251609 0.689262
vt 0.258851 0.691353
vt 0.260934 0.694371
vt 0.255942 0.685881
vt 0.266187 0.697087
vt 0.261387 0.556431
vt 0.420863 0.387082
vt 0.300220 0.536253
vt 0.398377 0.417671
vt 0.328331 0.506028
vt 0.370082 0.459815
vt 0.383399 0.876488
vt 0.404343 0.900438
vt 0.340111 0.825356
vt 0.543498 0.233155
vt 0.317730 0.785710
vt 0.473653 0.309887
vt 0.280363 0.732499
vt 0.274064 0.725283
vt 0.273657 0.717653
vt 0.161285 0.604020
vt 0.180524 0.618127
vt 0.153304 0.597319
vt 0.211806 0.613582
vt 0.199157 0.627243
vt 0.217439 0.659500
vt 0.164897 0.594127
vt 0.220478 0.671286
vt 0.442133 0.350344
vt 0.234315 0.680381
vt 0.273594 0.707739
vt 0.270936 0.702716
vt 0.251167 0.682152
vt 0.442945 0.375251
vt 0.253908 0.684016
vt 0.269319 0.698499
vt 0.267667 0.695288
vt 0.264575 0.692604
vt 0.264071 0.689787
vt 0.225947 0.578302
vt 0.261026 0.685391
vt 0.239191 0.577989
vt 0.258937 0.681137
vt 0.279691 0.546672
vt 0.409902 0.406199
vt 0.386262 0.443487
vt 0.341116 0.492855
vt 0.357165 0.473072
vt 0.352236 0.479217
vt 0.369653 0.859414
vt 0.360231 0.847627
vt 0.347220 0.836581
vt 0.345952 0.832159
vt 0.598776 0.221694
vt 0.595302 0.228339
vt 0.569676 0.240816
vt 0.548685 0.256288
vt 0.324482 0.791451
vt 0.510960 0.276557
vt 0.308715 0.768834
vt 0.487554 0.306432
vt 0.287705 0.742245
vt 0.280551 0.726904
vt 0.454745 0.344566
vt 0.159045 0.598934
vt 0.187577 0.607438
vt 0.192311 0.603985
vt 0.205020 0.609906
vt 0.217462 0.618616
vt 0.230292 0.628382
vt 0.232622 0.622237
vt 0.228642 0.637399
vt 0.229571 0.675197
vt 0.228636 0.666908
vt 0.216559 0.586811
vt 0.227863 0.652222
vt 0.235660 0.672423
vt 0.236674 0.676633
vt 0.250145 0.675562
vt 0.254051 0.677552
vt 0.270667 0.693655
vt 0.255374 0.679796
vt 0.264665 0.685315
vt 0.235953 0.572324
vt 0.261826 0.680366
vt 0.417523 0.397281
vt 0.278152 0.552418
vt 0.322596 0.516154
vt 0.365048 0.470586
vt 0.418473 0.904936
vt 0.413067 0.896605
vt 0.435491 0.921868
vt 0.582554 0.235302
vt 0.332786 0.800269
vt 0.320306 0.782397
vt 0.508914 0.285003
vt 0.305099 0.758680
vt 0.496332 0.289055
vt 0.295925 0.753475
vt 0.469868 0.324732
vt 0.282062 0.717666
vt 0.170875 0.598084
vt 0.452957 0.359223
vt 0.199514 0.595433
vt 0.170555 0.595486
vt 0.224362 0.606318
vt 0.278626 0.712590
vt 0.198391 0.591152
vt 0.448677 0.362153
vt 0.231185 0.658961
vt 0.275165 0.700393
vt 0.235416 0.641837
vt 0.237499 0.635988
vt 0.234034 0.646329
vt 0.241874 0.585908
vt 0.241688 0.639598
vt 0.241709 0.656190
vt 0.251409 0.664635
vt 0.247884 0.671484
vt 0.247696 0.655564
vt 0.270435 0.688668
vt 0.256538 0.673706
vt 0.255449 0.666868
vt 0.259735 0.675366
vt 0.261294 0.671467
vt 0.278275 0.565885
vt 0.298353 0.544658
vt 0.400979 0.423662
vt 0.339838 0.506040
vt 0.351797 0.494639
vt 0.380223 0.456474
vt 0.357309 0.480280
vt 0.365085 0.838170
vt 0.383216 0.856657
vt 0.361177 0.835417
vt 0.406746 0.879949
vt 0.349503 0.824516
vt 0.561545 0.251797
vt 0.345760 0.814410
vt 0.341877 0.807940
vt 0.523886 0.268696
vt 0.336443 0.794044
vt 0.326765 0.778126
vt 0.309179 0.762869
vt 0.475149 0.320204
vt 0.298679 0.746449
vt 0.293804 0.738867
vt 0.217320 0.597762
vt 0.231477 0.610919
vt 0.235802 0.616327
vt 0.221847 0.588973
vt 0.279777 0.702873
vt 0.246843 0.624957
vt 0.245238 0.639123
vt 0.247347 0.647021
vt 0.273871 0.690773
vt 0.249938 0.642774
vt 0.254833 0.656221
vt 0.260479 0.576426
vt 0.256270 0.662078
vt 0.255352 0.649780
vt 0.256619 0.643905
vt 0.267657 0.680923
vt 0.266119 0.675058
vt 0.259768 0.660269
vt 0.423049 0.401280
vt 0.262119 0.665851
vt 0.265262 0.670578
vt 0.264085 0.662878
vt 0.408142 0.415227
vt 0.322868 0.525069
vt 0.311251 0.536011
vt 0.358126 0.485375
vt 0.373346 0.844946
vt 0.402029 0.863578
vt 0.431602 0.909382
vt 0.426464 0.898097
vt 0.418485 0.883608
vt 0.609024 0.237174
vt 0.598746 0.241430
vt 0.544431 0.275360
vt 0.531793 0.267792
vt 0.339676 0.772583
vt 0.507647 0.302193
vt 0.324826 0.765501
vt 0.307104 0.746081
vt 0.290327 0.730318
vt 0.286310 0.722377
vt 0.461622 0.347480
vt 0.284902 0.706994
vt 0.218818 0.593356
vt 0.248049 0.618692
vt 0.248894 0.584898
vt 0.276806 0.694880
vt 0.257185 0.632144
vt 0.438144 0.388329
vt 0.261841 0.640225
vt 0.272532 0.684624
vt 0.429671 0.393456
vt 0.266850 0.679219
vt 0.272680 0.572346
vt 0.260833 0.657069
vt 0.263348 0.653223
vt 0.293107 0.559434
vt 0.263882 0.658045
vt 0.264926 0.655059
vt 0.265468 0.661907
vt 0.266430 0.666998
vt 0.415093 0.417544
vt 0.266916 0.659135
vt 0.267413 0.665571
vt 0.269070 0.668402
vt 0.268455 0.672698
vt 0.330007 0.527884
vt 0.405247 0.430884
vt 0.340486 0.516459
vt 0.380248 0.461435
vt 0.409195 0.868224
vt 0.433069 0.881288
vt 0.446168 0.897500
vt 0.614179 0.222046
vt 0.458947 0.898337
vt 0.620805 0.242621
vt 0.582813 0.262715
vt 0.547347 0.267892
vt 0.521817 0.278041
vt 0.331020 0.767623
vt 0.314657 0.753353
vt 0.470174 0.340489
vt 0.459302 0.358362
vt 0.242119 0.595261
vt 0.242886 0.607630
vt 0.254625 0.624507
vt 0.256516 0.578256
vt 0.264324 0.644302
vt 0.270526 0.681857
vt 0.269005 0.678767
vt 0.268451 0.675977
vt 0.271874 0.678281
vt 0.266258 0.649293
vt 0.320494 0.549254
vt 0.267914 0.654491
vt 0.271034 0.669626
vt 0.268968 0.664830
vt 0.329561 0.541145
vt 0.270302 0.657390
vt 0.338969 0.528443
vt 0.403347 0.451510
vt 0.355848 0.503635
vt 0.374131 0.473368
vt 0.368125 0.481651
vt 0.364801 0.822654
vt 0.412956 0.866739
vt 0.443729 0.885837
vt 0.592028 0.256626
vt 0.611287 0.256564
vt 0.356575 0.807383
vt 0.569718 0.266796
vt 0.557723 0.264909
vt 0.554480 0.271282
vt 0.350058 0.800121
vt 0.523432 0.288036
vt 0.344157 0.786366
vt 0.501344 0.305987
vt 0.302280 0.740360
vt 0.480372 0.333967
vt 0.292103 0.726472
vt 0.293772 0.719078
vt 0.245408 0.593404
vt 0.246744 0.589691
vt 0.252383 0.587606
vt 0.259985 0.611602
vt 0.251931 0.607732
vt 0.261956 0.615503
vt 0.264482 0.627144
vt 0.264683 0.634160
vt 0.275096 0.686901
vt 0.277604 0.689578
vt 0.268395 0.641906
vt 0.269213 0.643965
vt 0.272795 0.675150
vt 0.270650 0.648277
vt 0.271063 0.653327
vt 0.419560 0.419083
vt 0.412928 0.433319
vt 0.394227 0.463264
vt 0.370917 0.494460
vt 0.386379 0.840477
vt 0.376512 0.833279
vt 0.428315 0.870552
vt 0.443021 0.865523
vt 0.528370 0.278676
vt 0.346635 0.779532
vt 0.516847 0.293618
vt 0.489622 0.326502
vt 0.301328 0.735002
vt 0.479094 0.344613
vt 0.288972 0.711205
vt 0.260113 0.600645
vt 0.266595 0.595616
vt 0.265290 0.586794
vt 0.266181 0.618845
vt 0.281868 0.695878
vt 0.270205 0.621544
vt 0.268960 0.579196
vt 0.433852 0.400300
vt 0.272781 0.633144
vt 0.269908 0.636407
vt 0.275434 0.681368
vt 0.426971 0.411439
vt 0.273613 0.650768
vt 0.272337 0.658981
vt 0.272001 0.666200
vt 0.412631 0.443469
vt 0.350276 0.523695
vt 0.396453 0.852137
vt 0.426307 0.857616
vt 0.419018 0.855063
vt 0.461197 0.857187
vt 0.629979 0.275825
vt 0.513051 0.307560
vt 0.332792 0.755251
vt 0.338178 0.759161
vt 0.327147 0.755090
vt 0.309469 0.741997
vt 0.319311 0.741730
vt 0.274810 0.606701
vt 0.457086 0.375253
vt 0.449251 0.385749
vt 0.275742 0.582898
vt 0.275303 0.625402
vt 0.282197 0.687476
vt 0.275526 0.576259
vt 0.273904 0.629714
vt 0.277706 0.683876
vt 0.299467 0.563469
vt 0.278333 0.638311
vt 0.275984 0.640809
vt 0.273437 0.643514
vt 0.275390 0.675149
vt 0.273842 0.646957
vt 0.274252 0.669534
vt 0.274090 0.655577
vt 0.273425 0.663926
vt 0.363816 0.516464
vt 0.372203 0.827453
vt 0.403672 0.845868
vt 0.370863 0.815489
vt 0.368577 0.808028
vt 0.479334 0.849985
vt 0.484010 0.865512
vt 0.602990 0.281231
vt 0.589640 0.295218
vt 0.362018 0.798735
vt 0.554664 0.285884
vt 0.565354 0.284688
vt 0.357028 0.793013
vt 0.537511 0.296866
vt 0.346594 0.767910
vt 0.348871 0.761578
vt 0.499114 0.316374
vt 0.323517 0.747398
vt 0.307123 0.734104
vt 0.307835 0.726987
vt 0.287936 0.698001
vt 0.274758 0.593537
vt 0.275139 0.590997
vt 0.274065 0.612897
vt 0.287970 0.586736
vt 0.284275 0.619579
vt 0.276922 0.632808
vt 0.301217 0.568760
vt 0.282738 0.678322
vt 0.433968 0.415375
vt 0.315160 0.560726
vt 0.277790 0.669952
vt 0.281465 0.646180
vt 0.279096 0.647953
vt 0.277920 0.652372
vt 0.276300 0.658867
vt 0.276758 0.665151
vt 0.342785 0.532372
vt 0.377777 0.506997
vt 0.384962 0.485836
vt 0.381596 0.494738
vt 0.396633 0.472643
vt 0.400142 0.835125
vt 0.392314 0.828742
vt 0.374924 0.816540
vt 0.440646 0.843780
vt 0.434516 0.842578
vt 0.462256 0.836895
vt 0.623266 0.301121
vt 0.583340 0.303798
vt 0.541620 0.293937
vt 0.364005 0.783018
vt 0.504365 0.311452
vt 0.347942 0.755518
vt 0.337706 0.753686
vt 0.486221 0.335632
vt 0.304665 0.722926
vt 0.476188 0.357918
vt 0.299684 0.711652
vt 0.464696 0.366363
vt 0.292003 0.698115
vt 0.295536 0.706327
vt 0.287540 0.616856
vt 0.290109 0.579449
vt 0.444701 0.398657
vt 0.294011 0.577433
vt 0.284518 0.627366
vt 0.282417 0.631997
vt 0.312060 0.567864
vt 0.281443 0.636417
vt 0.432740 0.423880
vt 0.283501 0.651474
vt 0.344993 0.542232
vt 0.360157 0.529122
vt 0.367721 0.522479
vt 0.407566 0.462482
vt 0.397034 0.478715
vt 0.410050 0.833436
vt 0.390801 0.815652
vt 0.424214 0.827338
vt 0.393144 0.817640
vt 0.436057 0.818517
vt 0.462710 0.828984
vt 0.612881 0.310079
vt 0.489114 0.835541
vt 0.600887 0.302648
vt 0.634384 0.302552
vt 0.367141 0.791751
vt 0.574412 0.303559
vt 0.531231 0.307864
vt 0.361895 0.765024
vt 0.336327 0.742204
vt 0.327973 0.740532
vt 0.319202 0.734557
vt 0.313968 0.731357
vt 0.460390 0.379156
vt 0.289905 0.598965
vt 0.285921 0.604945
vt 0.298115 0.613680
vt 0.455207 0.390573
vt 0.289265 0.687420
vt 0.289397 0.625128
vt 0.291653 0.679971
vt 0.284755 0.629926
vt 0.305711 0.575859
vt 0.284081 0.635023
vt 0.284717 0.640889
vt 0.331353 0.555754
vt 0.286108 0.658628
vt 0.286967 0.665023
vt 0.425756 0.434188
vt 0.416030 0.454262
vt 0.415760 0.815372
vt 0.453507 0.813032
vt 0.375656 0.806846
vt 0.457720 0.825771
vt 0.383261 0.794798
vt 0.476340 0.828775
vt 0.500489 0.842413
vt 0.374008 0.791377
vt 0.546221 0.298469
vt 0.572746 0.309128
vt 0.525709 0.314501
vt 0.373300 0.776936
vt 0.371182 0.756046
vt 0.509527 0.318849
vt 0.358024 0.756148
vt 0.352748 0.744841
vt 0.500002 0.325620
vt 0.341239 0.746721
vt 0.493678 0.334030
vt 0.486627 0.348089
vt 0.313028 0.724101
vt 0.312354 0.716603
vt 0.302189 0.700699
vt 0.311542 0.592493
vt 0.297722 0.687371
vt 0.297492 0.622679
vt 0.306787 0.581134
vt 0.442799 0.414691
vt 0.291168 0.630305
vt 0.321036 0.570402
vt 0.296003 0.674660
vt 0.332213 0.560386
vt 0.288232 0.642736
vt 0.286884 0.648454
vt 0.292104 0.657369
vt 0.437284 0.428624
vt 0.341762 0.549251
vt 0.424656 0.440765
vt 0.376788 0.515336
vt 0.383384 0.508700
vt 0.393592 0.501299
vt 0.405837 0.819704
vt 0.627154 0.316199
vt 0.495113 0.816959
vt 0.481348 0.814378
vt 0.601107 0.314252
vt 0.614440 0.332814
vt 0.556300 0.309255
vt 0.559998 0.303331
vt 0.587857 0.317372
vt 0.540307 0.305287
vt 0.346809 0.742240
vt 0.337440 0.737020
vt 0.333108 0.733451
vt 0.325204 0.734433
vt 0.322686 0.720328
vt 0.473715 0.371150
vt 0.305708 0.599735
vt 0.304019 0.609931
vt 0.308216 0.596387
vt 0.299942 0.618496
vt 0.323508 0.578819
vt 0.293699 0.633101
vt 0.289771 0.637875
vt 0.295235 0.668242
vt 0.293226 0.650620
vt 0.364905 0.533668
vt 0.419092 0.462380
vt 0.411536 0.475101
vt 0.403173 0.494477
vt 0.399085 0.809031
vt 0.384051 0.807031
vt 0.469754 0.810225
vt 0.510337 0.832380
vt 0.622183 0.334668
vt 0.635008 0.334288
vt 0.548396 0.308290
vt 0.584031 0.321710
vt 0.386880 0.791401
vt 0.521845 0.317740
vt 0.376026 0.752481
vt 0.371097 0.748646
vt 0.506342 0.331702
vt 0.362376 0.742636
vt 0.493132 0.344948
vt 0.327613 0.724206
vt 0.484856 0.367325
vt 0.312018 0.702025
vt 0.304466 0.689815
vt 0.298142 0.678903
vt 0.307907 0.623663
vt 0.454186 0.416023
vt 0.333814 0.590566
vt 0.305867 0.630406
vt 0.296783 0.634205
vt 0.299569 0.643559
vt 0.299330 0.651028
vt 0.295125 0.658585
vt 0.343371 0.569070
vt 0.433936 0.437090
vt 0.344702 0.556584
vt 0.432373 0.446640
vt 0.360055 0.544925
vt 0.393473 0.512823
vt 0.429245 0.810978
vt 0.449456 0.805092
vt 0.390842 0.801739
vt 0.479289 0.795109
vt 0.462575 0.799995
vt 0.631764 0.336523
vt 0.490780 0.802900
vt 0.473987 0.789929
vt 0.605061 0.334490
vt 0.535412 0.314957
vt 0.385507 0.765677
vt 0.514646 0.331321
vt 0.347685 0.732919
vt 0.337079 0.730497
vt 0.339329 0.727359
vt 0.328518 0.721765
vt 0.321265 0.710625
vt 0.330671 0.717773
vt 0.317487 0.697773
vt 0.324452 0.708946
vt 0.477431 0.381023
vt 0.310953 0.685111
vt 0.315282 0.607276
vt 0.316200 0.618935
vt 0.305373 0.675315
vt 0.312373 0.640551
vt 0.303916 0.654295
vt 0.304228 0.668681
vt 0.337363 0.572053
vt 0.359238 0.553464
vt 0.370792 0.539062
vt 0.376357 0.530339
vt 0.387620 0.523925
vt 0.407540 0.811659
vt 0.435703 0.803268
vt 0.514630 0.807444
vt 0.625516 0.388256
vt 0.560677 0.322403
vt 0.573414 0.321631
vt 0.596778 0.346578
vt 0.524060 0.326277
vt 0.388384 0.752409
vt 0.505052 0.348267
vt 0.354855 0.728941
vt 0.343351 0.724168
vt 0.494139 0.360991
vt 0.333497 0.715024
vt 0.329477 0.709943
vt 0.328044 0.701025
vt 0.319617 0.691786
vt 0.324682 0.692325
vt 0.315106 0.677401
vt 0.322471 0.601475
vt 0.471785 0.402119
vt 0.333410 0.598104
vt 0.319140 0.675032
vt 0.310171 0.662815
vt 0.322773 0.634060
vt 0.322581 0.640138
vt 0.314229 0.659971
vt 0.337446 0.579685
vt 0.316074 0.650313
vt 0.441271 0.429357
vt 0.440358 0.438242
vt 0.349689 0.564795
vt 0.356604 0.561703
vt 0.420089 0.484509
vt 0.412662 0.494627
vt 0.422595 0.471960
vt 0.408973 0.800505
vt 0.463150 0.787920
vt 0.403595 0.792760
vt 0.633875 0.382455
vt 0.640649 0.373581
vt 0.497896 0.775370
vt 0.400427 0.782433
vt 0.552121 0.323815
vt 0.395544 0.765968
vt 0.536591 0.319471
vt 0.390666 0.754444
vt 0.380480 0.739310
vt 0.371472 0.725711
vt 0.363959 0.725111
vt 0.354341 0.719122
vt 0.345838 0.717948
vt 0.349681 0.714276
vt 0.333126 0.708502
vt 0.338279 0.708420
vt 0.330026 0.694399
vt 0.327626 0.688613
vt 0.324469 0.675296
vt 0.333528 0.605631
vt 0.329529 0.626017
vt 0.319900 0.662291
vt 0.447292 0.429531
vt 0.434610 0.453266
vt 0.408956 0.508610
vt 0.380120 0.530938
vt 0.417449 0.804469
vt 0.428736 0.798367
vt 0.505188 0.773735
vt 0.510650 0.785284
vt 0.451874 0.784031
vt 0.620542 0.395307
vt 0.475602 0.774976
vt 0.460584 0.776224
vt 0.605756 0.367822
vt 0.560320 0.329456
vt 0.545270 0.327130
vt 0.508755 0.358039
vt 0.343811 0.702677
vt 0.491664 0.374579
vt 0.338482 0.698067
vt 0.335828 0.689827
vt 0.332994 0.679371
vt 0.330704 0.621874
vt 0.328393 0.660092
vt 0.331593 0.615318
vt 0.327538 0.646773
vt 0.347649 0.585608
vt 0.345782 0.571850
vt 0.436617 0.461628
vt 0.370109 0.545811
vt 0.377537 0.545705
vt 0.419106 0.496347
vt 0.391228 0.532805
vt 0.394688 0.525979
vt 0.420340 0.797442
vt 0.519659 0.784601
vt 0.444721 0.773094
vt 0.413048 0.785000
vt 0.495930 0.767584
vt 0.483517 0.774456
vt 0.577776 0.345618
vt 0.578472 0.339497
vt 0.588969 0.352636
vt 0.470096 0.753500
vt 0.408072 0.762167
vt 0.531308 0.342990
vt 0.394570 0.749758
vt 0.401267 0.751561
vt 0.384092 0.730332
vt 0.517077 0.353922
vt 0.379598 0.725877
vt 0.364643 0.716038
vt 0.501413 0.368483
vt 0.353563 0.707095
vt 0.488994 0.389624
vt 0.349835 0.689152
vt 0.347763 0.678492
vt 0.344796 0.621727
vt 0.347026 0.658941
vt 0.332656 0.639639
vt 0.334447 0.631846
vt 0.464679 0.416727
vt 0.349018 0.594856
vt 0.353360 0.575498
vt 0.447896 0.440490
vt 0.431652 0.474941
vt 0.388035 0.539517
vt 0.368466 0.558690
vt 0.516370 0.769729
vt 0.422578 0.788718
vt 0.643309 0.383326
vt 0.645257 0.379838
vt 0.527237 0.766040
vt 0.415974 0.777559
vt 0.501609 0.752993
vt 0.423807 0.769102
vt 0.598388 0.377396
vt 0.477447 0.746662
vt 0.490099 0.744043
vt 0.460007 0.759506
vt 0.562113 0.338127
vt 0.557356 0.342285
vt 0.412760 0.745636
vt 0.394503 0.733448
vt 0.400973 0.743968
vt 0.392434 0.720342
vt 0.371278 0.713247
vt 0.499468 0.376062
vt 0.346931 0.646094
vt 0.337028 0.633373
vt 0.344054 0.610776
vt 0.347014 0.605382
vt 0.452448 0.430390
vt 0.445859 0.450770
vt 0.359456 0.568839
vt 0.431237 0.483180
vt 0.412242 0.515042
vt 0.634333 0.405053
vt 0.521083 0.748920
vt 0.508034 0.755636
vt 0.434032 0.774608
vt 0.608293 0.394648
vt 0.571779 0.345779
vt 0.548711 0.348515
vt 0.537205 0.365103
vt 0.399687 0.726714
vt 0.522109 0.376564
vt 0.378747 0.711082
vt 0.361916 0.705308
vt 0.357992 0.704015
vt 0.350938 0.697153
vt 0.482006 0.412630
vt 0.475374 0.417364
vt 0.360907 0.631158
vt 0.345479 0.635177
vt 0.356473 0.618293
vt 0.354880 0.611748
vt 0.363776 0.603323
vt 0.462792 0.430215
vt 0.366175 0.593685
vt 0.367391 0.588752
vt 0.367930 0.573353
vt 0.442306 0.479418
vt 0.405786 0.530847
vt 0.387213 0.552820
vt 0.425428 0.506588
vt 0.537531 0.749478
vt 0.615653 0.418211
vt 0.507158 0.730208
vt 0.579875 0.356570
vt 0.589636 0.369003
vt 0.599127 0.396683
vt 0.567662 0.349939
vt 0.432670 0.764630
vt 0.447341 0.755008
vt 0.459361 0.738832
vt 0.419108 0.752964
vt 0.466746 0.733896
vt 0.431206 0.753592
vt 0.420584 0.743707
vt 0.414940 0.734450
vt 0.407749 0.725809
vt 0.407585 0.715734
vt 0.396731 0.717882
vt 0.391390 0.708983
vt 0.384679 0.707872
vt 0.516606 0.380672
vt 0.374258 0.699893
vt 0.380564 0.703093
vt 0.360812 0.694730
vt 0.355675 0.694458
vt 0.353963 0.683870
vt 0.354275 0.670650
vt 0.358822 0.681200
vt 0.358283 0.658464
vt 0.357035 0.643796
vt 0.361612 0.663464
vt 0.360351 0.638654
vt 0.371257 0.629006
vt 0.373399 0.617403
vt 0.458675 0.443517
vt 0.455893 0.455429
vt 0.443559 0.489699
vt 0.436780 0.498459
vt 0.429712 0.513822
vt 0.385447 0.567667
vt 0.375240 0.562811
vt 0.406321 0.539471
vt 0.393883 0.546490
vt 0.513363 0.738813
vt 0.508366 0.716763
vt 0.492810 0.733854
vt 0.580674 0.368103
vt 0.589994 0.386830
vt 0.562979 0.350897
vt 0.479379 0.724026
vt 0.452992 0.743234
vt 0.447637 0.735575
vt 0.439325 0.735542
vt 0.436546 0.731092
vt 0.419173 0.734533
vt 0.447619 0.726223
vt 0.437097 0.721721
vt 0.426565 0.724060
vt 0.413649 0.720513
vt 0.398664 0.707503
vt 0.504135 0.386991
vt 0.372724 0.683732
vt 0.386190 0.695942
vt 0.499593 0.395062
vt 0.361709 0.684210
vt 0.369574 0.666560
vt 0.368431 0.653050
vt 0.378028 0.647843
vt 0.390525 0.624540
vt 0.377994 0.605756
vt 0.380801 0.591349
vt 0.379846 0.575886
vt 0.433608 0.519945
vt 0.423225 0.532378
vt 0.410666 0.553615
vt 0.533743 0.717355
vt 0.613519 0.445832
vt 0.524191 0.702893
vt 0.494448 0.715024
vt 0.566358 0.378900
vt 0.483015 0.714691
vt 0.549831 0.365178
vt 0.457908 0.718863
vt 0.473775 0.711505
vt 0.443146 0.715241
vt 0.432301 0.713364
vt 0.423686 0.714979
vt 0.391291 0.700096
vt 0.377250 0.673823
vt 0.382690 0.673741
vt 0.382380 0.662218
vt 0.395673 0.648790
vt 0.473881 0.438787
vt 0.483959 0.425549
vt 0.389747 0.598005
vt 0.466990 0.451513
vt 0.395209 0.585063
vt 0.468502 0.466701
vt 0.469728 0.475824
vt 0.459904 0.487405
vt 0.458409 0.495249
vt 0.422395 0.542140
vt 0.552648 0.756999
vt 0.597224 0.430082
vt 0.579179 0.388577
vt 0.587060 0.404865
vt 0.482170 0.695424
vt 0.466738 0.690770
vt 0.471097 0.673807
vt 0.451804 0.697224
vt 0.430295 0.693062
vt 0.420170 0.689556
vt 0.408463 0.700708
vt 0.403345 0.701771
vt 0.399049 0.699537
vt 0.393378 0.691042
vt 0.513363 0.394349
vt 0.390780 0.683551
vt 0.398419 0.661059
vt 0.491050 0.415242
vt 0.398801 0.640808
vt 0.394960 0.610654
vt 0.415870 0.571319
vt 0.439922 0.522164
vt 0.453161 0.527546
vt 0.449630 0.520891
vt 0.609224 0.499058
vt 0.548886 0.651075
vt 0.525485 0.680786
vt 0.505476 0.693818
vt 0.570641 0.407812
vt 0.491352 0.673928
vt 0.558424 0.400872
vt 0.537305 0.394488
vt 0.452764 0.691756
vt 0.456084 0.684768
vt 0.531389 0.388215
vt 0.459102 0.672414
vt 0.433977 0.685976
vt 0.447647 0.680828
vt 0.427149 0.679129
vt 0.398967 0.690946
vt 0.403282 0.686856
vt 0.410426 0.658530
vt 0.401219 0.678746
vt 0.505050 0.404083
vt 0.498299 0.417671
vt 0.413811 0.658595
vt 0.409532 0.641503
vt 0.409746 0.624244
vt 0.415193 0.612053
vt 0.404834 0.610953
vt 0.418846 0.582935
vt 0.421790 0.595786
vt 0.482343 0.435987
vt 0.436594 0.561692
vt 0.434475 0.549925
vt 0.443298 0.545807
vt 0.459164 0.520307
vt 0.594989 0.464717
vt 0.515144 0.677777
vt 0.575030 0.426044
vt 0.547616 0.392329
vt 0.480252 0.669937
vt 0.469281 0.667238
vt 0.470080 0.656532
vt 0.458784 0.658083
vt 0.441013 0.676977
vt 0.426946 0.669327
vt 0.525039 0.400835
vt 0.447092 0.640601
vt 0.422143 0.675596
vt 0.456746 0.648729
vt 0.414647 0.680309
vt 0.409324 0.671442
vt 0.438867 0.618427
vt 0.448492 0.631087
vt 0.413543 0.646634
vt 0.454459 0.617239
vt 0.440852 0.607270
vt 0.417189 0.623571
vt 0.428911 0.598665
vt 0.439652 0.592515
vt 0.498943 0.430663
vt 0.442555 0.578763
vt 0.456042 0.556095
vt 0.452254 0.578688
vt 0.447823 0.562531
vt 0.443950 0.565370
vt 0.429982 0.578561
vt 0.492802 0.441498
vt 0.479027 0.456091
vt 0.451220 0.545211
vt 0.469972 0.487240
vt 0.584998 0.533412
vt 0.539765 0.631959
vt 0.587117 0.452612
vt 0.528477 0.637927
vt 0.565009 0.424943
vt 0.479416 0.653471
vt 0.468522 0.641094
vt 0.514187 0.412065
vt 0.464481 0.632881
vt 0.459633 0.616500
vt 0.458847 0.597361
vt 0.462931 0.577654
vt 0.464106 0.565898
vt 0.465281 0.556224
vt 0.468029 0.538214
vt 0.487141 0.455332
vt 0.475862 0.516384
vt 0.479788 0.479508
vt 0.471603 0.505805
vt 0.554711 0.581191
vt 0.575556 0.521924
vt 0.510101 0.648948
vt 0.503002 0.639787
vt 0.552568 0.418342
vt 0.540956 0.414867
vt 0.481085 0.639247
vt 0.529484 0.416750
vt 0.513507 0.420825
vt 0.484064 0.616509
vt 0.512828 0.430652
vt 0.479879 0.597340
vt 0.500219 0.436510
vt 0.501162 0.443742
vt 0.492748 0.451494
vt 0.473931 0.547055
vt 0.496881 0.458400
vt 0.490711 0.464419
vt 0.489839 0.485770
vt 0.561519 0.459139
vt 0.553326 0.430553
vt 0.552689 0.454102
vt 0.493900 0.634706
vt 0.538959 0.428268
vt 0.526131 0.429359
vt 0.487312 0.630347
vt 0.527117 0.438132
vt 0.520147 0.444114
vt 0.517582 0.437737
vt 0.508456 0.460791
vt 0.483665 0.578024
vt 0.503317 0.459387
vt 0.488372 0.554220
vt 0.496199 0.485222
vt 0.485910 0.529104
vt 0.558183 0.556824
vt 0.561949 0.506646
vt 0.565079 0.526433
vt 0.539643 0.443467
vt 0.527780 0.445799
vt 0.513462 0.461313
vt 0.522187 0.458524
vt 0.501327 0.483182
vt 0.513869 0.469945
vt 0.501475 0.535162
vt 0.503336 0.491562
vt 0.500905 0.504582
vt 0.532808 0.610183
vt 0.514207 0.624757
vt 0.553531 0.487612
vt 0.499913 0.625259
vt 0.537123 0.472489
vt 0.533463 0.457943
vt 0.496848 0.602386
vt 0.500607 0.614795
vt 0.518874 0.470600
vt 0.498093 0.574878
vt 0.512768 0.496580
vt 0.509054 0.492287
vt 0.505610 0.514288
vt 0.545437 0.576339
vt 0.523034 0.601169
vt 0.513412 0.613404
vt 0.514567 0.582797
vt 0.506222 0.589113
vt 0.533900 0.490543
vt 0.523890 0.496519
vt 0.508869 0.557966
vt 0.522448 0.477214
vt 0.530326 0.500924
vt 0.509057 0.527385
vt 0.517948 0.547554
vt 0.524490 0.506714
vt 0.511633 0.513478
vt 0.519425 0.515260
vt 0.545852 0.550105
vt 0.547741 0.562702
vt 0.528646 0.582813
vt 0.542202 0.535379
vt 0.537306 0.565098
vt 0.545631 0.521081
vt 0.543668 0.510020
vt 0.525568 0.558236
vt 0.538637 0.517005
vt 0.535863 0.540512
vt 0.527321 0.543313
s 1
usemtl 材质
f 1/1/1 2/2/2 3/3/3
f 4/4/4 5/5/5 6/6/6
f 7/7/7 5/5/5 1/1/1
f 5/5/5 4/4/4 2/2/2
f 1/1/1 5/5/5 2/2/2
f 2/2/2 4/4/4 8/8/8
f 7/7/7 1/1/1 9/9/9
f 9/9/9 1/1/1 3/3/3
f 3/3/3 2/2/2 10/10/10
f 10/10/10 2/2/2 11/11/11
f 9/9/9 3/3/3 12/12/12
f 11/11/11 2/2/2 8/8/8
f 12/12/12 3/3/3 10/10/10
f 13/13/13 14/14/14 5/5/5
f 5/5/5 14/14/14 6/6/6
f 15/15/15 13/13/13 5/5/5
f 7/7/7 15/15/15 5/5/5
f 6/6/6 16/16/16 4/4/4
f 16/16/16 17/17/17 4/4/4
f 4/4/4 17/17/17 8/8/8
f 18/18/18 7/7/7 9/9/9
f 9/9/9 19/19/19 18/18/18
f 12/12/12 20/20/20 9/9/9
f 10/10/10 21/21/21 12/12/12
f 10/10/10 11/11/11 21/21/21
f 12/12/12 21/21/21 22/22/22
f 14/14/14 16/16/16 6/6/6
f 23/23/23 15/15/15 7/7/7
f 7/7/7 24/24/24 23/23/23
f 18/18/18 24/24/24 7/7/7
f 16/16/16 25/25/25 17/17/17
f 20/20/20 19/19/19 9/9/9
f 17/17/17 26/26/26 27/27/27
f 17/17/17 27/27/27 8/8/8
f 8/8/8 27/27/27 28/28/28
f 8/8/8 28/28/28 11/11/11
f 28/28/28 21/21/21 11/11/11
f 22/22/22 29/29/29 12/12/12
f 21/21/21 28/28/28 30/30/30
f 30/30/30 22/22/22 21/21/21
f 14/14/14 31/31/31 16/16/16
f 16/16/16 31/31/31 32/32/32
f 32/32/32 25/25/25 16/16/16
f 18/18/18 33/33/33 24/24/24
f 17/17/17 25/25/25 34/34/34
f 18/18/18 19/19/19 33/33/33
f 17/17/17 34/34/34 26/26/26
f 29/29/29 35/35/35 20/20/20
f 12/12/12 29/29/29 20/20/20
f 31/31/31 36/36/36 32/32/32
f 20/20/20 35/35/35 19/19/19
f 26/26/26 37/37/37 27/27/27
f 28/28/28 27/27/27 38/38/38
f 29/29/29 39/39/39 40/40/40
f 22/22/22 39/39/39 29/29/29
f 30/30/30 28/28/28 38/38/38
f 41/41/41 31/31/31 14/14/14
f 15/15/15 42/42/42 13/13/13
f 15/15/15 23/23/23 43/43/43
f 44/44/44 45/45/45 33/33/33
f 44/44/44 19/19/19 35/35/35
f 26/26/26 34/34/34 46/46/46
f 37/37/37 26/26/26 47/47/47
f 29/29/29 40/40/40 35/35/35
f 48/48/48 49/49/49 30/30/30
f 22/22/22 30/30/30 49/49/49
f 30/30/30 38/38/38 48/48/48
f 49/49/49 39/39/39 22/22/22
f 41/41/41 14/14/14 50/50/50
f 50/50/50 13/13/13 42/42/42
f 13/13/13 50/50/50 14/14/14
f 51/51/51 31/31/31 41/41/41
f 52/52/52 42/42/42 15/15/15
f 25/25/25 53/53/53 54/54/54
f 34/34/34 25/25/25 54/54/54
f 45/45/45 24/24/24 33/33/33
f 26/26/26 46/46/46 47/47/47
f 38/38/38 27/27/27 37/37/37
f 37/37/37 55/55/55 38/38/38
f 55/55/55 48/48/48 38/38/38
f 41/41/41 56/56/56 51/51/51
f 51/51/51 36/36/36 31/31/31
f 36/36/36 53/53/53 32/32/32
f 32/32/32 53/53/53 25/25/25
f 57/57/57 23/23/23 24/24/24
f 57/57/57 24/24/24 45/45/45
f 33/33/33 19/19/19 44/44/44
f 39/39/39 58/58/58 40/40/40
f 37/37/37 59/59/59 55/55/55
f 49/49/49 58/58/58 39/39/39
f 50/50/50 56/56/56 41/41/41
f 52/52/52 15/15/15 43/43/43
f 36/36/36 51/51/51 53/53/53
f 60/60/60 47/47/47 46/46/46
f 48/48/48 55/55/55 61/61/61
f 50/50/50 62/62/62 63/63/63
f 42/42/42 62/62/62 50/50/50
f 50/50/50 63/63/63 56/56/56
f 42/42/42 64/64/64 62/62/62
f 52/52/52 64/64/64 42/42/42
f 52/52/52 65/65/65 64/64/64
f 52/52/52 43/43/43 66/66/66
f 67/67/67 53/53/53 51/51/51
f 43/43/43 23/23/23 57/57/57
f 67/67/67 68/68/68 53/53/53
f 68/68/68 54/54/54 53/53/53
f 69/69/69 34/34/34 54/54/54
f 46/46/46 34/34/34 69/69/69
f 70/70/70 44/44/44 35/35/35
f 71/71/71 58/58/58 49/49/49
f 72/72/72 58/58/58 71/71/71
f 61/61/61 73/73/73 48/48/48
f 49/49/49 48/48/48 74/74/74
f 71/71/71 49/49/49 74/74/74
f 75/75/75 67/67/67 51/51/51
f 57/57/57 45/45/45 76/76/76
f 46/46/46 69/69/69 60/60/60
f 35/35/35 40/40/40 70/70/70
f 47/47/47 60/60/60 77/77/77
f 37/37/37 47/47/47 59/59/59
f 59/59/59 47/47/47 77/77/77
f 78/78/78 56/56/56 63/63/63
f 79/79/79 62/62/62 64/64/64
f 51/51/51 56/56/56 75/75/75
f 65/65/65 79/79/79 64/64/64
f 65/65/65 52/52/52 66/66/66
f 43/43/43 57/57/57 80/80/80
f 68/68/68 67/67/67 81/81/81
f 60/60/60 69/69/69 82/82/82
f 44/44/44 70/70/70 83/83/83
f 40/40/40 58/58/58 84/84/84
f 58/58/58 72/72/72 84/84/84
f 59/59/59 85/85/85 55/55/55
f 55/55/55 85/85/85 61/61/61
f 72/72/72 71/71/71 86/86/86
f 48/48/48 73/73/73 74/74/74
f 71/71/71 74/74/74 87/87/87
f 78/78/78 63/63/63 88/88/88
f 88/88/88 62/62/62 89/89/89
f 62/62/62 88/88/88 63/63/63
f 79/79/79 89/89/89 62/62/62
f 90/90/90 79/79/79 65/65/65
f 66/66/66 43/43/43 80/80/80
f 80/80/80 57/57/57 76/76/76
f 54/54/54 68/68/68 69/69/69
f 44/44/44 91/91/91 45/45/45
f 60/60/60 82/82/82 92/92/92
f 60/60/60 92/92/92 77/77/77
f 40/40/40 84/84/84 70/70/70
f 85/85/85 59/59/59 77/77/77
f 85/85/85 93/93/93 61/61/61
f 86/86/86 71/71/71 94/94/94
f 74/74/74 73/73/73 87/87/87
f 78/78/78 88/88/88 95/95/95
f 96/96/96 56/56/56 78/78/78
f 65/65/65 66/66/66 90/90/90
f 56/56/56 97/97/97 75/75/75
f 70/70/70 84/84/84 98/98/98
f 72/72/72 99/99/99 84/84/84
f 72/72/72 86/86/86 99/99/99
f 85/85/85 100/100/100 93/93/93
f 94/94/94 71/71/71 87/87/87
f 95/95/95 88/88/88 101/101/101
f 89/89/89 101/101/101 88/88/88
f 96/96/96 97/97/97 56/56/56
f 76/76/76 45/45/45 91/91/91
f 69/69/69 68/68/68 102/102/102
f 69/69/69 102/102/102 82/82/82
f 102/102/102 103/103/103 82/82/82
f 92/92/92 82/82/82 103/103/103
f 85/85/85 77/77/77 104/104/104
f 84/84/84 105/105/105 98/98/98
f 84/84/84 99/99/99 105/105/105
f 85/85/85 104/104/104 100/100/100
f 61/61/61 93/93/93 73/73/73
f 94/94/94 87/87/87 106/106/106
f 87/87/87 73/73/73 107/107/107
f 108/108/108 101/101/101 89/89/89
f 89/89/89 109/109/109 108/108/108
f 89/89/89 79/79/79 109/109/109
f 110/110/110 109/109/109 79/79/79
f 90/90/90 110/110/110 79/79/79
f 111/111/111 110/110/110 90/90/90
f 97/97/97 112/112/112 75/75/75
f 75/75/75 112/112/112 67/67/67
f 67/67/67 112/112/112 81/81/81
f 81/81/81 113/113/113 68/68/68
f 113/113/113 102/102/102 68/68/68
f 44/44/44 83/83/83 91/91/91
f 86/86/86 114/114/114 99/99/99
f 115/115/115 93/93/93 100/100/100
f 115/115/115 73/73/73 93/93/93
f 116/116/116 95/95/95 101/101/101
f 78/78/78 117/117/117 96/96/96
f 117/117/117 78/78/78 95/95/95
f 66/66/66 80/80/80 90/90/90
f 80/80/80 76/76/76 118/118/118
f 119/119/119 76/76/76 91/91/91
f 113/113/113 120/120/120 102/102/102
f 83/83/83 70/70/70 121/121/121
f 73/73/73 115/115/115 107/107/107
f 107/107/107 106/106/106 87/87/87
f 117/117/117 95/95/95 116/116/116
f 101/101/101 108/108/108 122/122/122
f 109/109/109 110/110/110 123/123/123
f 118/118/118 76/76/76 119/119/119
f 92/92/92 103/103/103 124/124/124
f 77/77/77 92/92/92 124/124/124
f 70/70/70 98/98/98 121/121/121
f 99/99/99 114/114/114 125/125/125
f 126/126/126 100/100/100 104/104/104
f 115/115/115 100/100/100 127/127/127
f 107/107/107 115/115/115 128/128/128
f 129/129/129 117/117/117 116/116/116
f 122/122/122 116/116/116 101/101/101
f 123/123/123 108/108/108 109/109/109
f 96/96/96 130/130/130 97/97/97
f 111/111/111 131/131/131 110/110/110
f 90/90/90 80/80/80 132/132/132
f 80/80/80 118/118/118 132/132/132
f 113/113/113 81/81/81 133/133/133
f 91/91/91 83/83/83 119/119/119
f 120/120/120 103/103/103 102/102/102
f 105/105/105 99/99/99 125/125/125
f 86/86/86 94/94/94 134/134/134
f 114/114/114 86/86/86 134/134/134
f 100/100/100 126/126/126 127/127/127
f 134/134/134 94/94/94 135/135/135
f 94/94/94 106/106/106 135/135/135
f 115/115/115 127/127/127 128/128/128
f 107/107/107 128/128/128 136/136/136
f 137/137/137 116/116/116 122/122/122
f 117/117/117 138/138/138 130/130/130
f 117/117/117 130/130/130 96/96/96
f 110/110/110 131/131/131 123/123/123
f 139/139/139 131/131/131 111/111/111
f 97/97/97 140/140/140 112/112/112
f 111/111/111 90/90/90 132/132/132
f 112/112/112 133/133/133 81/81/81
f 141/141/141 121/121/121 98/98/98
f 77/77/77 142/142/142 104/104/104
f 114/114/114 134/134/134 125/125/125
f 107/107/107 136/136/136 143/143/143
f 129/129/129 138/138/138 117/117/117
f 139/139/139 144/144/144 131/131/131
f 118/118/118 145/145/145 132/132/132
f 119/119/119 146/146/146 118/118/118
f 120/120/120 113/113/113 147/147/147
f 120/120/120 147/147/147 103/103/103
f 119/119/119 83/83/83 148/148/148
f 103/103/103 147/147/147 149/149/149
f 142/142/142 77/77/77 124/124/124
f 105/105/105 125/125/125 150/150/150
f 104/104/104 142/142/142 126/126/126
f 134/134/134 135/135/135 151/151/151
f 106/106/106 107/107/107 143/143/143
f 106/106/106 143/143/143 135/135/135
f 143/143/143 152/152/152 135/135/135
f 116/116/116 153/153/153 129/129/129
f 123/123/123 154/154/154 108/108/108
f 123/123/123 131/131/131 155/155/155
f 130/130/130 140/140/140 97/97/97
f 156/156/156 139/139/139 111/111/111
f 132/132/132 156/156/156 111/111/111
f 156/156/156 132/132/132 145/145/145
f 118/118/118 146/146/146 145/145/145
f 157/157/157 119/119/119 148/148/148
f 147/147/147 158/158/158 149/149/149
f 103/103/103 149/149/149 124/124/124
f 159/159/159 83/83/83 121/121/121
f 142/142/142 124/124/124 160/160/160
f 161/161/161 98/98/98 105/105/105
f 126/126/126 142/142/142 162/162/162
f 134/134/134 163/163/163 125/125/125
f 162/162/162 164/164/164 126/126/126
f 164/164/164 127/127/127 126/126/126
f 128/128/128 127/127/127 165/165/165
f 154/154/154 137/137/137 122/122/122
f 153/153/153 166/166/166 129/129/129
f 108/108/108 154/154/154 122/122/122
f 123/123/123 155/155/155 154/154/154
f 133/133/133 167/167/167 113/113/113
f 167/167/167 147/147/147 113/113/113
f 149/149/149 160/160/160 124/124/124
f 121/121/121 141/141/141 159/159/159
f 168/168/168 142/142/142 160/160/160
f 161/161/161 105/105/105 150/150/150
f 134/134/134 151/151/151 163/163/163
f 165/165/165 127/127/127 164/164/164
f 152/152/152 143/143/143 169/169/169
f 136/136/136 169/169/169 143/143/143
f 154/154/154 170/170/170 137/137/137
f 137/137/137 153/153/153 116/116/116
f 131/131/131 171/171/171 155/155/155
f 144/144/144 171/171/171 131/131/131
f 172/172/172 173/173/173 112/112/112
f 157/157/157 146/146/146 119/119/119
f 83/83/83 159/159/159 148/148/148
f 142/142/142 168/168/168 162/162/162
f 125/125/125 174/174/174 150/150/150
f 174/174/174 125/125/125 163/163/163
f 175/175/175 151/151/151 135/135/135
f 152/152/152 175/175/175 135/135/135
f 128/128/128 165/165/165 176/176/176
f 136/136/136 128/128/128 176/176/176
f 137/137/137 177/177/177 153/153/153
f 155/155/155 170/170/170 154/154/154
f 129/129/129 178/178/178 138/138/138
f 140/140/140 130/130/130 179/179/179
f 179/179/179 172/172/172 140/140/140
f 180/180/180 139/139/139 156/156/156
f 140/140/140 172/172/172 112/112/112
f 173/173/173 133/133/133 112/112/112
f 147/147/147 181/181/181 158/158/158
f 148/148/148 182/182/182 157/157/157
f 183/183/183 149/149/149 158/158/158
f 98/98/98 161/161/161 141/141/141
f 162/162/162 184/184/184 164/164/164
f 185/185/185 165/165/165 164/164/164
f 176/176/176 169/169/169 136/136/136
f 186/186/186 155/155/155 171/171/171
f 166/166/166 178/178/178 129/129/129
f 138/138/138 178/178/178 130/130/130
f 139/139/139 187/187/187 144/144/144
f 147/147/147 188/188/188 181/181/181
f 183/183/183 189/189/189 149/149/149
f 141/141/141 161/161/161 190/190/190
f 161/161/161 150/150/150 174/174/174
f 162/162/162 168/168/168 184/184/184
f 184/184/184 185/185/185 164/164/164
f 191/191/191 169/169/169 176/176/176
f 192/192/192 152/152/152 169/169/169
f 153/153/153 177/177/177 193/193/193
f 170/170/170 177/177/177 137/137/137
f 179/179/179 130/130/130 178/178/178
f 180/180/180 156/156/156 145/145/145
f 133/133/133 173/173/173 167/167/167
f 147/147/147 167/167/167 188/188/188
f 182/182/182 148/148/148 194/194/194
f 194/194/194 148/148/148 159/159/159
f 160/160/160 195/195/195 168/168/168
f 176/176/176 165/165/165 191/191/191
f 175/175/175 152/152/152 192/192/192
f 169/169/169 191/191/191 196/196/196
f 192/192/192 169/169/169 197/197/197
f 153/153/153 193/193/193 166/166/166
f 198/198/198 170/170/170 155/155/155
f 186/186/186 198/198/198 155/155/155
f 199/199/199 200/200/200 186/186/186
f 171/171/171 199/199/199 186/186/186
f 144/144/144 199/199/199 171/171/171
f 201/201/201 144/144/144 187/187/187
f 202/202/202 180/180/180 145/145/145
f 167/167/167 203/203/203 188/188/188
f 203/203/203 167/167/167 173/173/173
f 202/202/202 145/145/145 146/146/146
f 146/146/146 157/157/157 204/204/204
f 205/205/205 158/158/158 181/181/181
f 189/189/189 206/206/206 149/149/149
f 206/206/206 160/160/160 149/149/149
f 159/159/159 141/141/141 207/207/207
f 206/206/206 195/195/195 160/160/160
f 141/141/141 190/190/190 207/207/207
f 174/174/174 208/208/208 161/161/161
f 151/151/151 209/209/209 163/163/163
f 151/151/151 175/175/175 209/209/209
f 185/185/185 210/210/210 165/165/165
f 192/192/192 211/211/211 175/175/175
f 193/193/193 177/177/177 212/212/212
f 198/198/198 177/177/177 170/170/170
f 166/166/166 213/213/213 178/178/178
f 198/198/198 186/186/186 200/200/200
f 178/178/178 214/214/214 179/179/179
f 144/144/144 201/201/201 199/199/199
f 172/172/172 179/179/179 215/215/215
f 180/180/180 187/187/187 139/139/139
f 172/172/172 215/215/215 216/216/216
f 172/172/172 216/216/216 217/217/217
f 217/217/217 173/173/173 172/172/172
f 180/180/180 202/202/202 218/218/218
f 219/219/219 188/188/188 203/203/203
f 219/219/219 181/181/181 188/188/188
f 204/204/204 157/157/157 220/220/220
f 220/220/220 157/157/157 182/182/182
f 158/158/158 205/205/205 183/183/183
f 159/159/159 207/207/207 194/194/194
f 221/221/221 194/194/194 207/207/207
f 161/161/161 208/208/208 190/190/190
f 195/195/195 222/222/222 168/168/168
f 174/174/174 223/223/223 208/208/208
f 168/168/168 222/222/222 184/184/184
f 184/184/184 224/224/224 185/185/185
f 210/210/210 185/185/185 224/224/224
f 211/211/211 209/209/209 175/175/175
f 192/192/192 225/225/225 211/211/211
f 169/169/169 196/196/196 197/197/197
f 193/193/193 212/212/212 226/226/226
f 226/226/226 213/213/213 193/193/193
f 198/198/198 212/212/212 177/177/177
f 193/193/193 213/213/213 166/166/166
f 214/214/214 178/178/178 213/213/213
f 227/227/227 200/200/200 199/199/199
f 187/187/187 180/180/180 218/218/218
f 173/173/173 217/217/217 203/203/203
f 219/219/219 203/203/203 228/228/228
f 202/202/202 146/146/146 204/204/204
f 182/182/182 229/229/229 220/220/220
f 182/182/182 194/194/194 230/230/230
f 230/230/230 194/194/194 221/221/221
f 189/189/189 231/231/231 206/206/206
f 231/231/231 232/232/232 206/206/206
f 174/174/174 163/163/163 223/223/223
f 233/233/233 184/184/184 222/222/222
f 184/184/184 233/233/233 224/224/224
f 209/209/209 234/234/234 163/163/163
f 209/209/209 211/211/211 235/235/235
f 165/165/165 210/210/210 191/191/191
f 211/211/211 236/236/236 237/237/237
f 192/192/192 197/197/197 225/225/225
f 238/238/238 212/212/212 198/198/198
f 239/239/239 238/238/238 198/198/198
f 239/239/239 198/198/198 200/200/200
f 240/240/240 214/214/214 213/213/213
f 187/187/187 241/241/241 201/201/201
f 179/179/179 242/242/242 215/215/215
f 202/202/202 243/243/243 218/218/218
f 203/203/203 217/217/217 228/228/228
f 244/244/244 243/243/243 202/202/202
f 204/204/204 244/244/244 202/202/202
f 205/205/205 245/245/245 183/183/183
f 229/229/229 182/182/182 230/230/230
f 190/190/190 208/208/208 223/223/223
f 222/222/222 195/195/195 246/246/246
f 209/209/209 235/235/235 234/234/234
f 235/235/235 211/211/211 237/237/237
f 191/191/191 210/210/210 247/247/247
f 191/191/191 247/247/247 196/196/196
f 211/211/211 225/225/225 236/236/236
f 248/248/248 196/196/196 247/247/247
f 197/197/197 249/249/249 225/225/225
f 212/212/212 250/250/250 226/226/226
f 238/238/238 250/250/250 212/212/212
f 250/250/250 251/251/251 226/226/226
f 251/251/251 252/252/252 226/226/226
f 226/226/226 252/252/252 213/213/213
f 253/253/253 239/239/239 200/200/200
f 253/253/253 200/200/200 227/227/227
f 214/214/214 240/240/240 254/254/254
f 227/227/227 199/199/199 201/201/201
f 214/214/214 254/254/254 255/255/255
f 214/214/214 255/255/255 179/179/179
f 179/179/179 255/255/255 242/242/242
f 256/256/256 241/241/241 187/187/187
f 257/257/257 204/204/204 220/220/220
f 246/246/246 195/195/195 206/206/206
f 223/223/223 258/258/258 190/190/190
f 233/233/233 222/222/222 259/259/259
f 224/224/224 233/233/233 260/260/260
f 261/261/261 237/237/237 236/236/236
f 236/236/236 225/225/225 262/262/262
f 196/196/196 248/248/248 249/249/249
f 196/196/196 249/249/249 197/197/197
f 262/262/262 225/225/225 249/249/249
f 263/263/263 250/250/250 238/238/238
f 264/264/264 263/263/263 239/239/239
f 239/239/239 263/263/263 238/238/238
f 264/264/264 239/239/239 253/253/253
f 252/252/252 265/265/265 213/213/213
f 266/266/266 253/253/253 227/227/227
f 213/213/213 265/265/265 240/240/240
f 227/227/227 267/267/267 266/266/266
f 227/227/227 201/201/201 267/267/267
f 218/218/218 256/256/256 187/187/187
f 244/244/244 204/204/204 257/257/257
f 220/220/220 229/229/229 257/257/257
f 245/245/245 268/268/268 183/183/183
f 183/183/183 268/268/268 189/189/189
f 230/230/230 269/269/269 229/229/229
f 190/190/190 258/258/258 207/207/207
f 259/259/259 222/222/222 246/246/246
f 234/234/234 270/270/270 163/163/163
f 271/271/271 235/235/235 237/237/237
f 272/272/272 247/247/247 210/210/210
f 247/247/247 272/272/272 248/248/248
f 262/262/262 273/273/273 236/236/236
f 262/262/262 249/249/249 274/274/274
f 266/266/266 264/264/264 253/253/253
f 275/275/275 267/267/267 201/201/201
f 241/241/241 275/275/275 201/201/201
f 255/255/255 276/276/276 242/242/242
f 215/215/215 242/242/242 276/276/276
f 218/218/218 243/243/243 256/256/256
f 217/217/217 277/277/277 228/228/228
f 219/219/219 228/228/228 278/278/278
f 219/219/219 279/279/279 181/181/181
f 243/243/243 244/244/244 280/280/280
f 281/281/281 245/245/245 205/205/205
f 189/189/189 268/268/268 231/231/231
f 230/230/230 282/282/282 269/269/269
f 231/231/231 283/283/283 232/232/232
f 284/284/284 230/230/230 221/221/221
f 284/284/284 221/221/221 207/207/207
f 232/232/232 285/285/285 206/206/206
f 206/206/206 285/285/285 246/246/246
f 223/223/223 163/163/163 270/270/270
f 272/272/272 210/210/210 224/224/224
f 261/261/261 271/271/271 237/237/237
f 248/248/248 272/272/272 286/286/286
f 249/249/249 248/248/248 287/287/287
f 287/287/287 274/274/274 249/249/249
f 262/262/262 274/274/274 288/288/288
f 289/289/289 251/251/251 263/263/263
f 264/264/264 290/290/290 263/263/263
f 263/263/263 251/251/251 250/250/250
f 290/290/290 264/264/264 291/291/291
f 254/254/254 240/240/240 292/292/292
f 293/293/293 266/266/266 267/267/267
f 216/216/216 277/277/277 217/217/217
f 294/294/294 278/278/278 228/228/228
f 280/280/280 256/256/256 243/243/243
f 181/181/181 279/279/279 205/205/205
f 257/257/257 280/280/280 244/244/244
f 229/229/229 295/295/295 257/257/257
f 268/268/268 296/296/296 231/231/231
f 284/284/284 282/282/282 230/230/230
f 283/283/283 285/285/285 232/232/232
f 258/258/258 297/297/297 207/207/207
f 258/258/258 223/223/223 298/298/298
f 298/298/298 223/223/223 270/270/270
f 233/233/233 299/299/299 260/260/260
f 300/300/300 234/234/234 235/235/235
f 300/300/300 235/235/235 271/271/271
f 260/260/260 301/301/301 224/224/224
f 301/301/301 272/272/272 224/224/224
f 261/261/261 236/236/236 273/273/273
f 261/261/261 273/273/273 302/302/302
f 287/287/287 248/248/248 286/286/286
f 303/303/303 273/273/273 262/262/262
f 303/303/303 262/262/262 288/288/288
f 304/304/304 291/291/291 264/264/264
f 264/264/264 266/266/266 304/304/304
f 293/293/293 267/267/267 305/305/305
f 267/267/267 275/275/275 305/305/305
f 275/275/275 241/241/241 306/306/306
f 256/256/256 280/280/280 307/307/307
f 278/278/278 279/279/279 219/219/219
f 308/308/308 307/307/307 280/280/280
f 279/279/279 281/281/281 205/205/205
f 280/280/280 257/257/257 295/295/295
f 295/295/295 229/229/229 269/269/269
f 245/245/245 309/309/309 268/268/268
f 296/296/296 283/283/283 231/231/231
f 207/207/207 297/297/297 284/284/284
f 310/310/310 258/258/258 298/298/298
f 311/311/311 259/259/259 246/246/246
f 312/312/312 271/271/271 261/261/261
f 313/313/313 312/312/312 261/261/261
f 261/261/261 302/302/302 314/314/314
f 302/302/302 273/273/273 315/315/315
f 273/273/273 303/303/303 315/315/315
f 288/288/288 274/274/274 316/316/316
f 265/265/265 252/252/252 317/317/317
f 304/304/304 266/266/266 293/293/293
f 306/306/306 241/241/241 256/256/256
f 215/215/215 318/318/318 216/216/216
f 318/318/318 277/277/277 216/216/216
f 319/319/319 306/306/306 256/256/256
f 319/319/319 256/256/256 307/307/307
f 294/294/294 228/228/228 277/277/277
f 320/320/320 295/295/295 269/269/269
f 320/320/320 269/269/269 282/282/282
f 284/284/284 321/321/321 282/282/282
f 284/284/284 297/297/297 321/321/321
f 258/258/258 310/310/310 297/297/297
f 285/285/285 322/322/322 246/246/246
f 311/311/311 299/299/299 259/259/259
f 259/259/259 299/299/299 233/233/233
f 270/270/270 234/234/234 300/300/300
f 301/301/301 260/260/260 299/299/299
f 312/312/312 300/300/300 271/271/271
f 323/323/323 272/272/272 301/301/301
f 323/323/323 286/286/286 272/272/272
f 313/313/313 261/261/261 314/314/314
f 324/324/324 287/287/287 286/286/286
f 287/287/287 325/325/325 274/274/274
f 315/315/315 303/303/303 326/326/326
f 326/326/326 303/303/303 288/288/288
f 289/289/289 263/263/263 290/290/290
f 327/327/327 251/251/251 328/328/328
f 251/251/251 327/327/327 252/252/252
f 291/291/291 304/304/304 329/329/329
f 317/317/317 292/292/292 240/240/240
f 317/317/317 240/240/240 265/265/265
f 276/276/276 318/318/318 215/215/215
f 280/280/280 295/295/295 308/308/308
f 295/295/295 330/330/330 308/308/308
f 245/245/245 281/281/281 309/309/309
f 295/295/295 320/320/320 330/330/330
f 268/268/268 309/309/309 296/296/296
f 283/283/283 331/331/331 285/285/285
f 286/286/286 323/323/323 324/324/324
f 287/287/287 324/324/324 325/325/325
f 314/314/314 302/302/302 315/315/315
f 332/332/332 314/314/314 315/315/315
f 274/274/274 325/325/325 333/333/333
f 326/326/326 332/332/332 315/315/315
f 316/316/316 274/274/274 333/333/333
f 316/316/316 326/326/326 288/288/288
f 328/328/328 251/251/251 289/289/289
f 252/252/252 334/334/334 317/317/317
f 327/327/327 334/334/334 252/252/252
f 304/304/304 293/293/293 335/335/335
f 254/254/254 292/292/292 336/336/336
f 254/254/254 336/336/336 255/255/255
f 305/305/305 275/275/275 306/306/306
f 307/307/307 308/308/308 337/337/337
f 338/338/338 337/337/337 308/308/308
f 330/330/330 338/338/338 308/308/308
f 320/320/320 282/282/282 339/339/339
f 296/296/296 331/331/331 283/283/283
f 282/282/282 321/321/321 339/339/339
f 246/246/246 322/322/322 311/311/311
f 340/340/340 270/270/270 341/341/341
f 300/300/300 312/312/312 342/342/342
f 343/343/343 342/342/342 312/312/312
f 312/312/312 313/313/313 343/343/343
f 344/344/344 324/324/324 323/323/323
f 332/332/332 345/345/345 314/314/314
f 326/326/326 346/346/346 332/332/332
f 347/347/347 316/316/316 333/333/333
f 326/326/326 348/348/348 346/346/346
f 316/316/316 347/347/347 349/349/349
f 348/348/348 316/316/316 349/349/349
f 326/326/326 316/316/316 348/348/348
f 328/328/328 289/289/289 350/350/350
f 290/290/290 351/351/351 289/289/289
f 291/291/291 352/352/352 290/290/290
f 329/329/329 353/353/353 291/291/291
f 329/329/329 304/304/304 354/354/354
f 335/335/335 354/354/354 304/304/304
f 336/336/336 276/276/276 255/255/255
f 276/276/276 355/355/355 318/318/318
f 319/319/319 356/356/356 306/306/306
f 319/319/319 357/357/357 356/356/356
f 307/307/307 358/358/358 319/319/319
f 359/359/359 309/309/309 281/281/281
f 320/320/320 360/360/360 330/330/330
f 339/339/339 360/360/360 320/320/320
f 361/361/361 339/339/339 321/321/321
f 321/321/321 297/297/297 362/362/362
f 310/310/310 363/363/363 297/297/297
f 310/310/310 298/298/298 363/363/363
f 341/341/341 270/270/270 364/364/364
f 270/270/270 300/300/300 364/364/364
f 299/299/299 365/365/365 301/301/301
f 300/300/300 342/342/342 366/366/366
f 344/344/344 323/323/323 301/301/301
f 313/313/313 314/314/314 345/345/345
f 325/325/325 324/324/324 367/367/367
f 333/333/333 325/325/325 367/367/367
f 347/347/347 333/333/333 367/367/367
f 349/349/349 368/368/368 348/348/348
f 369/369/369 368/368/368 349/349/349
f 346/346/346 348/348/348 368/368/368
f 350/350/350 289/289/289 351/351/351
f 291/291/291 353/353/353 352/352/352
f 329/329/329 370/370/370 353/353/353
f 334/334/334 292/292/292 317/317/317
f 293/293/293 371/371/371 335/335/335
f 305/305/305 371/371/371 293/293/293
f 372/372/372 371/371/371 305/305/305
f 372/372/372 305/305/305 306/306/306
f 356/356/356 372/372/372 306/306/306
f 355/355/355 277/277/277 318/318/318
f 277/277/277 373/373/373 294/294/294
f 357/357/357 319/319/319 358/358/358
f 337/337/337 358/358/358 307/307/307
f 358/358/358 337/337/337 374/374/374
f 359/359/359 375/375/375 309/309/309
f 330/330/330 360/360/360 338/338/338
f 297/297/297 363/363/363 362/362/362
f 376/376/376 363/363/363 340/340/340
f 340/340/340 363/363/363 298/298/298
f 298/298/298 270/270/270 340/340/340
f 299/299/299 311/311/311 377/377/377
f 366/366/366 364/364/364 300/300/300
f 345/345/345 343/343/343 313/313/313
f 345/345/345 332/332/332 378/378/378
f 332/332/332 346/346/346 378/378/378
f 346/346/346 379/379/379 378/378/378
f 346/346/346 368/368/368 379/379/379
f 353/353/353 380/380/380 352/352/352
f 381/381/381 329/329/329 354/354/354
f 381/381/381 370/370/370 329/329/329
f 358/358/358 382/382/382 357/357/357
f 374/374/374 382/382/382 358/358/358
f 337/337/337 338/338/338 383/383/383
f 281/281/281 279/279/279 359/359/359
f 361/361/361 321/321/321 362/362/362
f 285/285/285 384/384/384 322/322/322
f 322/322/322 385/385/385 311/311/311
f 377/377/377 365/365/365 299/299/299
f 386/386/386 366/366/366 342/342/342
f 387/387/387 344/344/344 301/301/301
f 343/343/343 386/386/386 342/342/342
f 345/345/345 378/378/378 388/388/388
f 389/389/389 349/349/349 347/347/347
f 369/369/369 349/349/349 389/389/389
f 352/352/352 351/351/351 290/290/290
f 390/390/390 353/353/353 370/370/370
f 390/390/390 370/370/370 381/381/381
f 327/327/327 391/391/391 334/334/334
f 334/334/334 392/392/392 393/393/393
f 393/393/393 292/292/292 334/334/334
f 292/292/292 394/394/394 336/336/336
f 371/371/371 372/372/372 395/395/395
f 355/355/355 276/276/276 396/396/396
f 356/356/356 395/395/395 372/372/372
f 382/382/382 356/356/356 357/357/357
f 277/277/277 355/355/355 373/373/373
f 397/397/397 382/382/382 374/374/374
f 278/278/278 398/398/398 279/279/279
f 374/374/374 337/337/337 383/383/383
f 375/375/375 399/399/399 309/309/309
f 309/309/309 399/399/399 296/296/296
f 360/360/360 339/339/339 400/400/400
f 322/322/322 384/384/384 401/401/401
f 402/402/402 376/376/376 340/340/340
f 403/403/403 386/386/386 343/343/343
f 404/404/404 403/403/403 343/343/343
f 343/343/343 345/345/345 404/404/404
f 405/405/405 406/406/406 324/324/324
f 367/367/367 324/324/324 406/406/406
f 347/347/347 367/367/367 389/389/389
f 378/378/378 379/379/379 407/407/407
f 389/389/389 408/408/408 369/369/369
f 380/380/380 353/353/353 390/390/390
f 391/391/391 392/392/392 334/334/334
f 381/381/381 354/354/354 409/409/409
f 354/354/354 335/335/335 410/410/410
f 292/292/292 393/393/393 394/394/394
f 335/335/335 371/371/371 411/411/411
f 356/356/356 412/412/412 395/395/395
f 397/397/397 413/413/413 382/382/382
f 383/383/383 397/397/397 374/374/374
f 359/359/359 279/279/279 398/398/398
f 375/375/375 359/359/359 414/414/414
f 415/415/415 416/416/416 383/383/383
f 417/417/417 399/399/399 375/375/375
f 338/338/338 360/360/360 383/383/383
f 360/360/360 415/415/415 383/383/383
f 418/418/418 360/360/360 400/400/400
f 339/339/339 361/361/361 400/400/400
f 362/362/362 419/419/419 361/361/361
f 363/363/363 419/419/419 362/362/362
f 340/340/340 341/341/341 402/402/402
f 420/420/420 341/341/341 364/364/364
f 366/366/366 420/420/420 364/364/364
f 387/387/387 301/301/301 365/365/365
f 405/405/405 324/324/324 344/344/344
f 345/345/345 388/388/388 404/404/404
f 378/378/378 407/407/407 388/388/388
f 389/389/389 367/367/367 421/421/421
f 368/368/368 422/422/422 379/379/379
f 407/407/407 379/379/379 423/423/423
f 422/422/422 368/368/368 369/369/369
f 422/422/422 423/423/423 379/379/379
f 328/328/328 424/424/424 327/327/327
f 390/390/390 425/425/425 380/380/380
f 390/390/390 381/381/381 426/426/426
f 409/409/409 354/354/354 410/410/410
f 335/335/335 411/411/411 410/410/410
f 371/371/371 395/395/395 411/411/411
f 396/396/396 276/276/276 336/336/336
f 412/412/412 356/356/356 427/427/427
f 356/356/356 382/382/382 427/427/427
f 413/413/413 397/397/397 428/428/428
f 278/278/278 429/429/429 398/398/398
f 383/383/383 428/428/428 397/397/397
f 359/359/359 398/398/398 414/414/414
f 418/418/418 415/415/415 360/360/360
f 331/331/331 296/296/296 399/399/399
f 361/361/361 430/430/430 400/400/400
f 419/419/419 430/430/430 361/361/361
f 311/311/311 385/385/385 431/431/431
f 432/432/432 377/377/377 431/431/431
f 366/366/366 386/386/386 420/420/420
f 403/403/403 433/433/433 386/386/386
f 434/434/434 388/388/388 407/407/407
f 369/369/369 408/408/408 435/435/435
f 422/422/422 369/369/369 436/436/436
f 436/436/436 369/369/369 435/435/435
f 437/437/437 350/350/350 351/351/351
f 350/350/350 438/438/438 328/328/328
f 352/352/352 439/439/439 351/351/351
f 440/440/440 327/327/327 424/424/424
f 440/440/440 391/391/391 327/327/327
f 336/336/336 441/441/441 396/396/396
f 442/442/442 412/412/412 427/427/427
f 382/382/382 413/413/413 427/427/427
f 428/428/428 427/427/427 413/413/413
f 294/294/294 429/429/429 278/278/278
f 400/400/400 443/443/443 418/418/418
f 331/331/331 444/444/444 285/285/285
f 419/419/419 363/363/363 445/445/445
f 363/363/363 376/376/376 445/445/445
f 385/385/385 322/322/322 401/401/401
f 377/377/377 311/311/311 431/431/431
f 377/377/377 432/432/432 365/365/365
f 365/365/365 446/446/446 387/387/387
f 344/344/344 387/387/387 405/405/405
f 404/404/404 388/388/388 447/447/447
f 447/447/447 388/388/388 434/434/434
f 406/406/406 421/421/421 367/367/367
f 423/423/423 448/448/448 407/407/407
f 422/422/422 449/449/449 423/423/423
f 422/422/422 450/450/450 449/449/449
f 450/450/450 422/422/422 436/436/436
f 437/437/437 438/438/438 350/350/350
f 351/351/351 439/439/439 437/437/437
f 352/352/352 380/380/380 439/439/439
f 438/438/438 424/424/424 328/328/328
f 390/390/390 426/426/426 425/425/425
f 381/381/381 409/409/409 426/426/426
f 451/451/451 336/336/336 394/394/394
f 336/336/336 451/451/451 441/441/441
f 428/428/428 383/383/383 416/416/416
f 414/414/414 417/417/417 375/375/375
f 452/452/452 418/418/418 443/443/443
f 443/443/443 400/400/400 430/430/430
f 419/419/419 453/453/453 430/430/430
f 384/384/384 285/285/285 444/444/444
f 453/453/453 419/419/419 445/445/445
f 376/376/376 454/454/454 445/445/445
f 445/445/445 454/454/454 453/453/453
f 376/376/376 402/402/402 454/454/454
f 341/341/341 455/455/455 402/402/402
f 420/420/420 455/455/455 341/341/341
f 365/365/365 432/432/432 446/446/446
f 433/433/433 420/420/420 386/386/386
f 456/456/456 403/403/403 404/404/404
f 421/421/421 408/408/408 389/389/389
f 434/434/434 407/407/407 448/448/448
f 449/449/449 448/448/448 423/423/423
f 439/439/439 380/380/380 457/457/457
f 410/410/410 411/411/411 458/458/458
f 458/458/458 411/411/411 459/459/459
f 411/411/411 395/395/395 459/459/459
f 460/460/460 395/395/395 412/412/412
f 355/355/355 396/396/396 461/461/461
f 355/355/355 461/461/461 462/462/462
f 355/355/355 462/462/462 373/373/373
f 462/462/462 429/429/429 373/373/373
f 429/429/429 294/294/294 373/373/373
f 463/463/463 442/442/442 427/427/427
f 427/427/427 428/428/428 463/463/463
f 398/398/398 429/429/429 414/414/414
f 464/464/464 428/428/428 416/416/416
f 415/415/415 465/465/465 416/416/416
f 466/466/466 418/418/418 452/452/452
f 415/415/415 418/418/418 466/466/466
f 467/467/467 466/466/466 452/452/452
f 467/467/467 452/452/452 443/443/443
f 467/467/467 443/443/443 468/468/468
f 399/399/399 444/444/444 331/331/331
f 468/468/468 443/443/443 430/430/430
f 453/453/453 468/468/468 430/430/430
f 385/385/385 401/401/401 469/469/469
f 470/470/470 431/431/431 385/385/385
f 455/455/455 454/454/454 402/402/402
f 433/433/433 471/471/471 420/420/420
f 387/387/387 446/446/446 472/472/472
f 433/433/433 403/403/403 456/456/456
f 456/456/456 404/404/404 447/447/447
f 447/447/447 434/434/434 473/473/473
f 448/448/448 474/474/474 434/434/434
f 435/435/435 408/408/408 475/475/475
f 435/435/435 476/476/476 436/436/436
f 476/476/476 450/450/450 436/436/436
f 450/450/450 477/477/477 449/449/449
f 448/448/448 449/449/449 477/477/477
f 380/380/380 425/425/425 457/457/457
f 478/478/478 440/440/440 424/424/424
f 440/440/440 479/479/479 391/391/391
f 425/425/425 426/426/426 480/480/480
f 426/426/426 409/409/409 481/481/481
f 459/459/459 395/395/395 460/460/460
f 460/460/460 412/412/412 442/442/442
f 482/482/482 463/463/463 428/428/428
f 465/465/465 464/464/464 416/416/416
f 444/444/444 399/399/399 483/483/483
f 484/484/484 453/453/453 454/454/454
f 420/420/420 471/471/471 455/455/455
f 433/433/433 485/485/485 471/471/471
f 421/421/421 406/406/406 486/486/486
f 434/434/434 474/474/474 473/473/473
f 475/475/475 408/408/408 421/421/421
f 487/487/487 435/435/435 475/475/475
f 476/476/476 435/435/435 487/487/487
f 448/448/448 477/477/477 488/488/488
f 489/489/489 424/424/424 438/438/438
f 490/490/490 425/425/425 480/480/480
f 426/426/426 481/481/481 480/480/480
f 479/479/479 392/392/392 391/391/391
f 481/481/481 409/409/409 491/491/491
f 409/409/409 410/410/410 491/491/491
f 491/491/491 410/410/410 492/492/492
f 410/410/410 458/458/458 492/492/492
f 461/461/461 493/493/493 462/462/462
f 460/460/460 442/442/442 494/494/494
f 494/494/494 442/442/442 463/463/463
f 482/482/482 428/428/428 464/464/464
f 495/495/495 415/415/415 466/466/466
f 468/468/468 453/453/453 496/496/496
f 496/496/496 453/453/453 484/484/484
f 385/385/385 469/469/469 470/470/470
f 431/431/431 470/470/470 432/432/432
f 446/446/446 497/497/497 472/472/472
f 485/485/485 433/433/433 456/456/456
f 473/473/473 474/474/474 498/498/498
f 474/474/474 448/448/448 488/488/488
f 477/477/477 499/499/499 488/488/488
f 438/438/438 437/437/437 500/500/500
f 489/489/489 438/438/438 500/500/500
f 439/439/439 501/501/501 437/437/437
f 457/457/457 502/502/502 439/439/439
f 457/457/457 503/503/503 502/502/502
f 425/425/425 490/490/490 457/457/457
f 504/504/504 440/440/440 478/478/478
f 479/479/479 440/440/440 504/504/504
f 441/441/441 505/505/505 396/396/396
f 396/396/396 505/505/505 461/461/461
f 414/414/414 429/429/429 506/506/506
f 464/464/464 465/465/465 507/507/507
f 465/465/465 415/415/415 495/495/495
f 417/417/417 483/483/483 399/399/399
f 467/467/467 468/468/468 508/508/508
f 469/469/469 401/401/401 509/509/509
f 484/484/484 454/454/454 510/510/510
f 455/455/455 510/510/510 454/454/454
f 432/432/432 470/470/470 511/511/511
f 510/510/510 455/455/455 512/512/512
f 455/455/455 471/471/471 512/512/512
f 432/432/432 513/513/513 446/446/446
f 512/512/512 471/471/471 485/485/485
f 446/446/446 514/514/514 497/497/497
f 456/456/456 515/515/515 485/485/485
f 405/405/405 387/387/387 472/472/472
f 516/516/516 456/456/456 447/447/447
f 473/473/473 516/516/516 447/447/447
f 517/517/517 486/486/486 406/406/406
f 501/501/501 439/439/439 502/502/502
f 501/501/501 500/500/500 437/437/437
f 478/478/478 424/424/424 489/489/489
f 503/503/503 457/457/457 490/490/490
f 518/518/518 393/393/393 392/392/392
f 519/519/519 458/458/458 459/459/459
f 493/493/493 461/461/461 505/505/505
f 460/460/460 520/520/520 459/459/459
f 521/521/521 462/462/462 493/493/493
f 462/462/462 522/522/522 429/429/429
f 494/494/494 463/463/463 523/523/523
f 463/463/463 482/482/482 523/523/523
f 429/429/429 522/522/522 506/506/506
f 464/464/464 524/524/524 482/482/482
f 414/414/414 525/525/525 417/417/417
f 465/465/465 495/495/495 526/526/526
f 466/466/466 527/527/527 495/495/495
f 527/527/527 467/467/467 528/528/528
f 466/466/466 467/467/467 527/527/527
f 528/528/528 467/467/467 529/529/529
f 529/529/529 467/467/467 508/508/508
f 444/444/444 530/530/530 384/384/384
f 384/384/384 530/530/530 401/401/401
f 496/496/496 508/508/508 468/468/468
f 470/470/470 469/469/469 531/531/531
f 511/511/511 470/470/470 531/531/531
f 432/432/432 511/511/511 513/513/513
f 513/513/513 514/514/514 446/446/446
f 485/485/485 532/532/532 512/512/512
f 533/533/533 472/472/472 497/497/497
f 516/516/516 515/515/515 456/456/456
f 534/534/534 405/405/405 472/472/472
f 406/406/406 405/405/405 534/534/534
f 535/535/535 516/516/516 473/473/473
f 535/535/535 473/473/473 498/498/498
f 536/536/536 421/421/421 486/486/486
f 421/421/421 537/537/537 475/475/475
f 474/474/474 488/488/488 538/538/538
f 487/487/487 475/475/475 539/539/539
f 476/476/476 540/540/540 450/450/450
f 450/450/450 540/540/540 477/477/477
f 518/518/518 392/392/392 479/479/479
f 492/492/492 458/458/458 541/541/541
f 520/520/520 460/460/460 494/494/494
f 522/522/522 462/462/462 521/521/521
f 414/414/414 506/506/506 525/525/525
f 508/508/508 542/542/542 529/529/529
f 496/496/496 542/542/542 508/508/508
f 469/469/469 509/509/509 531/531/531
f 543/543/543 496/496/496 484/484/484
f 544/544/544 512/512/512 532/532/532
f 485/485/485 515/515/515 532/532/532
f 515/515/515 516/516/516 545/545/545
f 535/535/535 545/545/545 516/516/516
f 406/406/406 534/534/534 517/517/517
f 536/536/536 537/537/537 421/421/421
f 474/474/474 538/538/538 546/546/546
f 475/475/475 537/537/537 539/539/539
f 487/487/487 539/539/539 547/547/547
f 547/547/547 476/476/476 487/487/487
f 476/476/476 547/547/547 540/540/540
f 501/501/501 502/502/502 548/548/548
f 500/500/500 549/549/549 489/489/489
f 490/490/490 480/480/480 550/550/550
f 480/480/480 481/481/481 551/551/551
f 552/552/552 518/518/518 479/479/479
f 553/553/553 519/519/519 459/459/459
f 520/520/520 553/553/553 459/459/459
f 493/493/493 554/554/554 521/521/521
f 523/523/523 482/482/482 524/524/524
f 525/525/525 483/483/483 417/417/417
f 465/465/465 526/526/526 507/507/507
f 527/527/527 555/555/555 495/495/495
f 556/556/556 527/527/527 528/528/528
f 528/528/528 529/529/529 557/557/557
f 444/444/444 558/558/558 530/530/530
f 542/542/542 559/559/559 529/529/529
f 509/509/509 530/530/530 560/560/560
f 496/496/496 543/543/543 542/542/542
f 509/509/509 401/401/401 530/530/530
f 561/561/561 543/543/543 484/484/484
f 484/484/484 510/510/510 561/561/561
f 510/510/510 512/512/512 562/562/562
f 562/562/562 512/512/512 544/544/544
f 545/545/545 532/532/532 515/515/515
f 517/517/517 536/536/536 486/486/486
f 498/498/498 474/474/474 546/546/546
f 488/488/488 499/499/499 538/538/538
f 477/477/477 563/563/563 499/499/499
f 500/500/500 564/564/564 549/549/549
f 500/500/500 501/501/501 564/564/564
f 564/564/564 501/501/501 548/548/548
f 478/478/478 489/489/489 549/549/549
f 565/565/565 490/490/490 550/550/550
f 491/491/491 492/492/492 566/566/566
f 394/394/394 393/393/393 518/518/518
f 441/441/441 451/451/451 567/567/567
f 493/493/493 505/505/505 554/554/554
f 568/568/568 520/520/520 494/494/494
f 569/569/569 494/494/494 523/523/523
f 525/525/525 506/506/506 570/570/570
f 524/524/524 464/464/464 507/507/507
f 483/483/483 525/525/525 570/570/570
f 483/483/483 558/558/558 444/444/444
f 557/557/557 556/556/556 528/528/528
f 558/558/558 560/560/560 530/530/530
f 557/557/557 529/529/529 559/559/559
f 571/571/571 557/557/557 559/559/559
f 572/572/572 559/559/559 542/542/542
f 573/573/573 572/572/572 542/542/542
f 543/543/543 573/573/573 542/542/542
f 573/573/573 543/543/543 574/574/574
f 574/574/574 543/543/543 561/561/561
f 561/561/561 510/510/510 562/562/562
f 575/575/575 497/497/497 514/514/514
f 497/497/497 575/575/575 533/533/533
f 576/576/576 532/532/532 545/545/545
f 577/577/577 472/472/472 533/533/533
f 535/535/535 498/498/498 578/578/578
f 536/536/536 517/517/517 579/579/579
f 580/580/580 578/578/578 498/498/498
f 580/580/580 498/498/498 546/546/546
f 499/499/499 581/581/581 538/538/538
f 477/477/477 540/540/540 563/563/563
f 582/582/582 478/478/478 549/549/549
f 503/503/503 490/490/490 565/565/565
f 504/504/504 478/478/478 583/583/583
f 479/479/479 504/504/504 552/552/552
f 481/481/481 491/491/491 566/566/566
f 394/394/394 518/518/518 451/451/451
f 568/568/568 494/494/494 569/569/569
f 523/523/523 584/584/584 569/569/569
f 522/522/522 585/585/585 506/506/506
f 526/526/526 586/586/586 507/507/507
f 555/555/555 586/586/586 495/495/495
f 587/587/587 555/555/555 527/527/527
f 527/527/527 556/556/556 587/587/587
f 560/560/560 588/588/588 509/509/509
f 589/589/589 573/573/573 574/574/574
f 561/561/561 562/562/562 590/590/590
f 513/513/513 575/575/575 514/514/514
f 577/577/577 534/534/534 472/472/472
f 535/535/535 591/591/591 545/545/545
f 517/517/517 534/534/534 592/592/592
f 578/578/578 591/591/591 535/535/535
f 593/593/593 540/540/540 547/547/547
f 581/581/581 499/499/499 563/563/563
f 594/594/594 540/540/540 595/595/595
f 596/596/596 549/549/549 564/564/564
f 548/548/548 502/502/502 597/597/597
f 582/582/582 549/549/549 596/596/596
f 502/502/502 503/503/503 597/597/597
f 480/480/480 551/551/551 550/550/550
f 552/552/552 504/504/504 598/598/598
f 492/492/492 541/541/541 599/599/599
f 541/541/541 458/458/458 519/519/519
f 541/541/541 519/519/519 600/600/600
f 553/553/553 600/600/600 519/519/519
f 441/441/441 601/601/601 505/505/505
f 553/553/553 520/520/520 602/602/602
f 505/505/505 601/601/601 554/554/554
f 602/602/602 520/520/520 568/568/568
f 603/603/603 568/568/568 569/569/569
f 603/603/603 569/569/569 604/604/604
f 524/524/524 584/584/584 523/523/523
f 507/507/507 584/584/584 524/524/524
f 605/605/605 570/570/570 506/506/506
f 526/526/526 495/495/495 586/586/586
f 606/606/606 586/586/586 555/555/555
f 607/607/607 556/556/556 557/557/557
f 571/571/571 607/607/607 557/557/557
f 559/559/559 572/572/572 571/571/571
f 509/509/509 608/608/608 531/531/531
f 572/572/572 573/573/573 589/589/589
f 531/531/531 608/608/608 511/511/511
f 609/609/609 589/589/589 574/574/574
f 574/574/574 561/561/561 590/590/590
f 610/610/610 590/590/590 562/562/562
f 544/544/544 610/610/610 562/562/562
f 611/611/611 610/610/610 544/544/544
f 611/611/611 544/544/544 612/612/612
f 544/544/544 532/532/532 612/612/612
f 576/576/576 612/612/612 532/532/532
f 591/591/591 576/576/576 545/545/545
f 613/613/613 580/580/580 546/546/546
f 546/546/546 538/538/538 613/613/613
f 614/614/614 613/613/613 538/538/538
f 581/581/581 614/614/614 538/538/538
f 593/593/593 595/595/595 540/540/540
f 540/540/540 594/594/594 563/563/563
f 581/581/581 563/563/563 615/615/615
f 615/615/615 563/563/563 594/594/594
f 596/596/596 564/564/564 616/616/616
f 548/548/548 617/617/617 564/564/564
f 564/564/564 617/617/617 616/616/616
f 597/597/597 617/617/617 548/548/548
f 597/597/597 503/503/503 618/618/618
f 478/478/478 582/582/582 583/583/583
f 551/551/551 481/481/481 566/566/566
f 492/492/492 599/599/599 566/566/566
f 567/567/567 601/601/601 441/441/441
f 554/554/554 619/619/619 521/521/521
f 521/521/521 620/620/620 522/522/522
f 605/605/605 506/506/506 585/585/585
f 507/507/507 621/621/621 584/584/584
f 621/621/621 507/507/507 586/586/586
f 570/570/570 622/622/622 483/483/483
f 623/623/623 483/483/483 622/622/622
f 556/556/556 624/624/624 587/587/587
f 625/625/625 556/556/556 607/607/607
f 572/572/572 626/626/626 571/571/571
f 627/627/627 511/511/511 608/608/608
f 574/574/574 590/590/590 609/609/609
f 627/627/627 628/628/628 511/511/511
f 511/511/511 628/628/628 513/513/513
f 575/575/575 513/513/513 628/628/628
f 629/629/629 576/576/576 591/591/591
f 578/578/578 629/629/629 591/591/591
f 579/579/579 517/517/517 592/592/592
f 579/579/579 630/630/630 536/536/536
f 536/536/536 630/630/630 537/537/537
f 537/537/537 631/631/631 539/539/539
f 632/632/632 594/594/594 595/595/595
f 596/596/596 616/616/616 633/633/633
f 634/634/634 617/617/617 597/597/597
f 596/596/596 633/633/633 582/582/582
f 597/597/597 618/618/618 634/634/634
f 565/565/565 618/618/618 503/503/503
f 565/565/565 550/550/550 635/635/635
f 504/504/504 583/583/583 598/598/598
f 550/550/550 551/551/551 635/635/635
f 451/451/451 518/518/518 567/567/567
f 541/541/541 600/600/600 636/636/636
f 553/553/553 602/602/602 600/600/600
f 521/521/521 619/619/619 620/620/620
f 585/585/585 522/522/522 620/620/620
f 604/604/604 569/569/569 584/584/584
f 586/586/586 637/637/637 621/621/621
f 587/587/587 606/606/606 555/555/555
f 623/623/623 558/558/558 483/483/483
f 624/624/624 638/638/638 587/587/587
f 625/625/625 624/624/624 556/556/556
f 607/607/607 571/571/571 639/639/639
f 639/639/639 640/640/640 607/607/607
f 626/626/626 639/639/639 571/571/571
f 588/588/588 608/608/608 509/509/509
f 572/572/572 589/589/589 626/626/626
f 589/589/589 641/641/641 626/626/626
f 642/642/642 611/611/611 612/612/612
f 612/612/612 576/576/576 642/642/642
f 577/577/577 592/592/592 534/534/534
f 642/642/642 576/576/576 629/629/629
f 592/592/592 643/643/643 579/579/579
f 629/629/629 580/580/580 644/644/644
f 578/578/578 580/580/580 629/629/629
f 644/644/644 580/580/580 613/613/613
f 547/547/547 539/539/539 631/631/631
f 593/593/593 547/547/547 631/631/631
f 615/615/615 594/594/594 632/632/632
f 634/634/634 618/618/618 645/645/645
f 551/551/551 566/566/566 646/646/646
f 647/647/647 518/518/518 552/552/552
f 567/567/567 518/518/518 647/647/647
f 636/636/636 599/599/599 541/541/541
f 601/601/601 648/648/648 649/649/649
f 554/554/554 649/649/649 619/619/619
f 554/554/554 601/601/601 649/649/649
f 602/602/602 568/568/568 603/603/603
f 570/570/570 605/605/605 650/650/650
f 637/637/637 586/586/586 606/606/606
f 638/638/638 606/606/606 587/587/587
f 638/638/638 624/624/624 651/651/651
f 651/651/651 624/624/624 625/625/625
f 558/558/558 652/652/652 560/560/560
f 653/653/653 651/651/651 625/625/625
f 653/653/653 625/625/625 607/607/607
f 653/653/653 607/607/607 640/640/640
f 654/654/654 588/588/588 560/560/560
f 639/639/639 626/626/626 655/655/655
f 626/626/626 641/641/641 655/655/655
f 589/589/589 609/609/609 641/641/641
f 609/609/609 590/590/590 656/656/656
f 590/590/590 610/610/610 656/656/656
f 656/656/656 610/610/610 657/657/657
f 658/658/658 533/533/533 575/575/575
f 577/577/577 533/533/533 658/658/658
f 611/611/611 642/642/642 659/659/659
f 660/660/660 659/659/659 642/642/642
f 642/642/642 629/629/629 660/660/660
f 581/581/581 661/661/661 614/614/614
f 661/661/661 581/581/581 615/615/615
f 617/617/617 662/662/662 616/616/616
f 634/634/634 662/662/662 617/617/617
f 618/618/618 565/565/565 663/663/663
f 664/664/664 663/663/663 565/565/565
f 664/664/664 565/565/565 635/635/635
f 665/665/665 598/598/598 583/583/583
f 551/551/551 666/666/666 635/635/635
f 667/667/667 552/552/552 598/598/598
f 666/666/666 551/551/551 646/646/646
f 668/668/668 636/636/636 600/600/600
f 601/601/601 567/567/567 669/669/669
f 601/601/601 669/669/669 648/648/648
f 602/602/602 670/670/670 600/600/600
f 603/603/603 604/604/604 671/671/671
f 604/604/604 584/584/584 672/672/672
f 585/585/585 673/673/673 605/605/605
f 650/650/650 622/622/622 570/570/570
f 674/674/674 637/637/637 606/606/606
f 622/622/622 675/675/675 623/623/623
f 638/638/638 676/676/676 606/606/606
f 677/677/677 676/676/676 638/638/638
f 677/677/677 638/638/638 651/651/651
f 678/678/678 677/677/677 651/651/651
f 678/678/678 651/651/651 653/653/653
f 652/652/652 654/654/654 560/560/560
f 641/641/641 609/609/609 679/679/679
f 657/657/657 610/610/610 680/680/680
f 680/680/680 610/610/610 611/611/611
f 659/659/659 680/680/680 611/611/611
f 659/659/659 660/660/660 681/681/681
f 579/579/579 643/643/643 630/630/630
f 629/629/629 644/644/644 660/660/660
f 644/644/644 682/682/682 660/660/660
f 682/682/682 644/644/644 613/613/613
f 631/631/631 537/537/537 630/630/630
f 662/662/662 683/683/683 616/616/616
f 616/616/616 683/683/683 633/633/633
f 645/645/645 662/662/662 634/634/634
f 583/583/583 582/582/582 665/665/665
f 618/618/618 663/663/663 645/645/645
f 684/684/684 664/664/664 635/635/635
f 635/635/635 666/666/666 684/684/684
f 669/669/669 567/567/567 647/647/647
f 602/602/602 603/603/603 685/685/685
f 620/620/620 673/673/673 585/585/585
f 672/672/672 584/584/584 621/621/621
f 673/673/673 650/650/650 605/605/605
f 686/686/686 675/675/675 622/622/622
f 687/687/687 674/674/674 606/606/606
f 676/676/676 687/687/687 606/606/606
f 688/688/688 676/676/676 677/677/677
f 623/623/623 675/675/675 558/558/558
f 675/675/675 652/652/652 558/558/558
f 689/689/689 677/677/677 678/678/678
f 690/690/690 678/678/678 653/653/653
f 654/654/654 652/652/652 691/691/691
f 640/640/640 690/690/690 653/653/653
f 640/640/640 639/639/639 692/692/692
f 655/655/655 692/692/692 639/639/639
f 609/609/609 656/656/656 679/679/679
f 627/627/627 608/608/608 693/693/693
f 656/656/656 657/657/657 694/694/694
f 627/627/627 695/695/695 628/628/628
f 696/696/696 680/680/680 659/659/659
f 697/697/697 592/592/592 577/577/577
f 592/592/592 697/697/697 643/643/643
f 682/682/682 681/681/681 660/660/660
f 613/613/613 698/698/698 682/682/682
f 593/593/593 631/631/631 699/699/699
f 614/614/614 698/698/698 613/613/613
f 699/699/699 700/700/700 593/593/593
f 700/700/700 701/701/701 593/593/593
f 593/593/593 701/701/701 595/595/595
f 661/661/661 702/702/702 614/614/614
f 701/701/701 703/703/703 595/595/595
f 632/632/632 595/595/595 703/703/703
f 633/633/633 683/683/683 704/704/704
f 582/582/582 633/633/633 705/705/705
f 663/663/663 664/664/664 706/706/706
f 598/598/598 665/665/665 707/707/707
f 667/667/667 598/598/598 707/707/707
f 552/552/552 667/667/667 708/708/708
f 552/552/552 708/708/708 647/647/647
f 566/566/566 599/599/599 709/709/709
f 599/599/599 636/636/636 668/668/668
f 670/670/670 668/668/668 600/600/600
f 602/602/602 685/685/685 670/670/670
f 685/685/685 603/603/603 671/671/671
f 671/671/671 604/604/604 672/672/672
f 621/621/621 710/710/710 672/672/672
f 621/621/621 637/637/637 710/710/710
f 650/650/650 686/686/686 622/622/622
f 688/688/688 687/687/687 676/676/676
f 689/689/689 688/688/688 677/677/677
f 689/689/689 678/678/678 711/711/711
f 712/712/712 678/678/678 690/690/690
f 713/713/713 655/655/655 641/641/641
f 679/679/679 656/656/656 694/694/694
f 694/694/694 657/657/657 714/714/714
f 714/714/714 657/657/657 680/680/680
f 658/658/658 575/575/575 715/715/715
f 696/696/696 716/716/716 680/680/680
f 658/658/658 717/717/717 577/577/577
f 696/696/696 659/659/659 681/681/681
f 717/717/717 697/697/697 577/577/577
f 698/698/698 614/614/614 702/702/702
f 632/632/632 718/718/718 615/615/615
f 718/718/718 661/661/661 615/615/615
f 718/718/718 632/632/632 719/719/719
f 683/683/683 662/662/662 720/720/720
f 633/633/633 704/704/704 705/705/705
f 662/662/662 721/721/721 720/720/720
f 645/645/645 721/721/721 662/662/662
f 582/582/582 705/705/705 665/665/665
f 721/721/721 645/645/645 663/663/663
f 709/709/709 646/646/646 566/566/566
f 709/709/709 599/599/599 722/722/722
f 619/619/619 723/723/723 620/620/620
f 724/724/724 671/671/671 672/672/672
f 673/673/673 725/725/725 650/650/650
f 637/637/637 674/674/674 726/726/726
f 688/688/688 727/727/727 687/687/687
f 727/727/727 688/688/688 689/689/689
f 728/728/728 689/689/689 711/711/711
f 729/729/729 730/730/730 675/675/675
f 675/675/675 730/730/730 652/652/652
f 712/712/712 711/711/711 678/678/678
f 691/691/691 652/652/652 730/730/730
f 731/731/731 690/690/690 640/640/640
f 692/692/692 731/731/731 640/640/640
f 713/713/713 692/692/692 655/655/655
f 588/588/588 732/732/732 608/608/608
f 641/641/641 679/679/679 713/713/713
f 733/733/733 714/714/714 680/680/680
f 733/733/733 680/680/680 716/716/716
f 696/696/696 681/681/681 734/734/734
f 630/630/630 643/643/643 735/735/735
f 681/681/681 682/682/682 734/734/734
f 682/682/682 736/736/736 734/734/734
f 736/736/736 682/682/682 737/737/737
f 682/682/682 698/698/698 737/737/737
f 737/737/737 698/698/698 702/702/702
f 738/738/738 702/702/702 661/661/661
f 718/718/718 739/739/739 661/661/661
f 632/632/632 703/703/703 719/719/719
f 706/706/706 664/664/664 684/684/684
f 684/684/684 666/666/666 740/740/740
f 666/666/666 646/646/646 740/740/740
f 599/599/599 668/668/668 722/722/722
f 741/741/741 670/670/670 742/742/742
f 670/670/670 685/685/685 742/742/742
f 672/672/672 743/743/743 724/724/724
f 637/637/637 726/726/726 744/744/744
f 650/650/650 745/745/745 686/686/686
f 687/687/687 746/746/746 674/674/674
f 747/747/747 746/746/746 687/687/687
f 689/689/689 748/748/748 727/727/727
f 728/728/728 748/748/748 689/689/689
f 712/712/712 728/728/728 711/711/711
f 713/713/713 679/679/679 749/749/749
f 608/608/608 732/732/732 693/693/693
f 694/694/694 749/749/749 679/679/679
f 750/750/750 694/694/694 714/714/714
f 733/733/733 750/750/750 714/714/714
f 751/751/751 750/750/750 733/733/733
f 628/628/628 715/715/715 575/575/575
f 733/733/733 716/716/716 751/751/751
f 752/752/752 751/751/751 716/716/716
f 752/752/752 716/716/716 696/696/696
f 734/734/734 752/752/752 696/696/696
f 753/753/753 697/697/697 717/717/717
f 697/697/697 753/753/753 643/643/643
f 753/753/753 735/735/735 643/643/643
f 630/630/630 735/735/735 754/754/754
f 631/631/631 630/630/630 754/754/754
f 631/631/631 754/754/754 699/699/699
f 702/702/702 755/755/755 737/737/737
f 738/738/738 755/755/755 702/702/702
f 739/739/739 738/738/738 661/661/661
f 719/719/719 703/703/703 756/756/756
f 739/739/739 718/718/718 719/719/719
f 720/720/720 757/757/757 683/683/683
f 707/707/707 758/758/758 667/667/667
f 759/759/759 708/708/708 667/667/667
f 740/740/740 646/646/646 760/760/760
f 761/761/761 669/669/669 762/762/762
f 761/761/761 648/648/648 669/669/669
f 670/670/670 763/763/763 668/668/668
f 741/741/741 763/763/763 670/670/670
f 723/723/723 619/619/619 649/649/649
f 671/671/671 764/764/764 685/685/685
f 765/765/765 620/620/620 766/766/766
f 620/620/620 765/765/765 673/673/673
f 743/743/743 672/672/672 710/710/710
f 710/710/710 637/637/637 744/744/744
f 650/650/650 725/725/725 745/745/745
f 674/674/674 746/746/746 726/726/726
f 767/767/767 726/726/726 746/746/746
f 746/746/746 747/747/747 767/767/767
f 675/675/675 686/686/686 768/768/768
f 769/769/769 747/747/747 727/727/727
f 727/727/727 747/747/747 687/687/687
f 712/712/712 690/690/690 770/770/770
f 771/771/771 770/770/770 690/690/690
f 690/690/690 731/731/731 771/771/771
f 692/692/692 772/772/772 731/731/731
f 588/588/588 654/654/654 773/773/773
f 773/773/773 732/732/732 588/588/588
f 713/713/713 772/772/772 692/692/692
f 774/774/774 772/772/772 713/713/713
f 749/749/749 774/774/774 713/713/713
f 627/627/627 693/693/693 695/695/695
f 717/717/717 658/658/658 775/775/775
f 776/776/776 753/753/753 717/717/717
f 736/736/736 777/777/777 734/734/734
f 699/699/699 754/754/754 778/778/778
f 700/700/700 699/699/699 779/779/779
f 738/738/738 780/780/780 755/755/755
f 703/703/703 701/701/701 781/781/781
f 780/780/780 738/738/738 739/739/739
f 782/782/782 707/707/707 665/665/665
f 663/663/663 706/706/706 783/783/783
f 706/706/706 684/684/684 784/784/784
f 740/740/740 784/784/784 684/684/684
f 708/708/708 785/785/785 647/647/647
f 709/709/709 786/786/786 646/646/646
f 647/647/647 762/762/762 669/669/669
f 722/722/722 668/668/668 763/763/763
f 741/741/741 742/742/742 787/787/787
f 764/764/764 742/742/742 685/685/685
f 766/766/766 620/620/620 723/723/723
f 764/764/764 671/671/671 724/724/724
f 788/788/788 724/724/724 743/743/743
f 727/727/727 748/748/748 769/769/769
f 691/691/691 730/730/730 789/789/789
f 712/712/712 790/790/790 728/728/728
f 791/791/791 712/712/712 770/770/770
f 789/789/789 792/792/792 691/691/691
f 691/691/691 792/792/792 654/654/654
f 792/792/792 773/773/773 654/654/654
f 793/793/793 749/749/749 694/694/694
f 750/750/750 793/793/793 694/694/694
f 794/794/794 628/628/628 695/695/695
f 794/794/794 715/715/715 628/628/628
f 795/795/795 751/751/751 752/752/752
f 796/796/796 795/795/795 752/752/752
f 797/797/797 754/754/754 735/735/735
f 798/798/798 736/736/736 737/737/737
f 699/699/699 778/778/778 779/779/779
f 781/781/781 756/756/756 703/703/703
f 719/719/719 756/756/756 799/799/799
f 800/800/800 739/739/739 719/719/719
f 801/801/801 802/802/802 803/803/803
f 801/801/801 804/804/804 805/805/805
f 803/803/803 802/802/802 806/806/806
f 801/801/801 803/803/803 807/807/807
f 804/804/804 801/801/801 807/807/807
f 803/803/803 806/806/806 808/808/808
f 807/807/807 803/803/803 808/808/808
f 809/809/809 807/807/807 808/808/808
f 683/683/683 757/757/757 704/704/704
f 810/810/810 757/757/757 720/720/720
f 705/705/705 782/782/782 665/665/665
f 783/783/783 721/721/721 663/663/663
f 782/782/782 758/758/758 707/707/707
f 783/783/783 706/706/706 811/811/811
f 758/758/758 759/759/759 667/667/667
f 785/785/785 708/708/708 759/759/759
f 646/646/646 786/786/786 760/760/760
f 812/812/812 709/709/709 722/722/722
f 648/648/648 761/761/761 813/813/813
f 649/649/649 648/648/648 813/813/813
f 649/649/649 813/813/813 723/723/723
f 814/814/814 742/742/742 764/764/764
f 765/765/765 815/815/815 673/673/673
f 724/724/724 788/788/788 764/764/764
f 788/788/788 743/743/743 816/816/816
f 743/743/743 710/710/710 816/816/816
f 675/675/675 768/768/768 729/729/729
f 817/817/817 748/748/748 728/728/728
f 728/728/728 790/790/790 817/817/817
f 818/818/818 789/789/789 730/730/730
f 790/790/790 712/712/712 791/791/791
f 819/819/819 772/772/772 774/774/774
f 693/693/693 732/732/732 820/820/820
f 774/774/774 749/749/749 821/821/821
f 749/749/749 793/793/793 821/821/821
f 695/695/695 822/822/822 794/794/794
f 734/734/734 777/777/777 752/752/752
f 753/753/753 776/776/776 823/823/823
f 798/798/798 777/777/777 736/736/736
f 823/823/823 735/735/735 753/753/753
f 754/754/754 797/797/797 778/778/778
f 798/798/798 737/737/737 755/755/755
f 779/779/779 824/824/824 700/700/700
f 701/701/701 700/700/700 824/824/824
f 780/780/780 739/739/739 800/800/800
f 719/719/719 799/799/799 800/800/800
f 825/825/825 826/826/826 802/802/802
f 801/801/801 825/825/825 802/802/802
f 825/825/825 801/801/801 805/805/805
f 802/802/802 826/826/826 806/806/806
f 805/805/805 804/804/804 827/827/827
f 806/806/806 828/828/828 808/808/808
f 804/804/804 807/807/807 829/829/829
f 829/829/829 807/807/807 809/809/809
f 808/808/808 828/828/828 830/830/830
f 809/809/809 808/808/808 831/831/831
f 808/808/808 830/830/830 831/831/831
f 704/704/704 832/832/832 705/705/705
f 720/720/720 721/721/721 810/810/810
f 782/782/782 833/833/833 758/758/758
f 811/811/811 706/706/706 784/784/784
f 760/760/760 784/784/784 740/740/740
f 762/762/762 647/647/647 785/785/785
f 812/812/812 786/786/786 709/709/709
f 787/787/787 763/763/763 741/741/741
f 710/710/710 744/744/744 816/816/816
f 745/745/745 768/768/768 686/686/686
f 769/769/769 748/748/748 817/817/817
f 791/791/791 834/834/834 790/790/790
f 771/771/771 731/731/731 835/835/835
f 819/819/819 836/836/836 731/731/731
f 772/772/772 819/819/819 731/731/731
f 837/837/837 819/819/819 774/774/774
f 838/838/838 837/837/837 774/774/774
f 821/821/821 838/838/838 774/774/774
f 693/693/693 822/822/822 695/695/695
f 793/793/793 750/750/750 839/839/839
f 750/750/750 751/751/751 795/795/795
f 715/715/715 775/775/775 658/658/658
f 776/776/776 717/717/717 775/775/775
f 840/840/840 777/777/777 798/798/798
f 797/797/797 735/735/735 823/823/823
f 797/797/797 841/841/841 778/778/778
f 778/778/778 841/841/841 779/779/779
f 755/755/755 842/842/842 798/798/798
f 780/780/780 842/842/842 755/755/755
f 781/781/781 701/701/701 824/824/824
f 781/781/781 799/799/799 756/756/756
f 843/843/843 780/780/780 800/800/800
f 844/844/844 825/825/825 845/845/845
f 844/844/844 846/846/846 826/826/826
f 825/825/825 844/844/844 826/826/826
f 825/825/825 805/805/805 845/845/845
f 845/845/845 805/805/805 847/847/847
f 847/847/847 805/805/805 827/827/827
f 848/848/848 847/847/847 827/827/827
f 826/826/826 849/849/849 806/806/806
f 806/806/806 849/849/849 850/850/850
f 827/827/827 804/804/804 851/851/851
f 850/850/850 828/828/828 806/806/806
f 851/851/851 804/804/804 829/829/829
f 829/829/829 809/809/809 852/852/852
f 852/852/852 809/809/809 831/831/831
f 721/721/721 783/783/783 853/853/853
f 783/783/783 811/811/811 854/854/854
f 855/855/855 784/784/784 760/760/760
f 856/856/856 761/761/761 762/762/762
f 722/722/722 857/857/857 812/812/812
f 763/763/763 857/857/857 722/722/722
f 858/858/858 814/814/814 764/764/764
f 858/858/858 764/764/764 859/859/859
f 764/764/764 788/788/788 859/859/859
f 673/673/673 815/815/815 725/725/725
f 730/730/730 729/729/729 818/818/818
f 817/817/817 790/790/790 860/860/860
f 790/790/790 834/834/834 861/861/861
f 770/770/770 771/771/771 862/862/862
f 771/771/771 835/835/835 862/862/862
f 792/792/792 863/863/863 773/773/773
f 731/731/731 836/836/836 835/835/835
f 864/864/864 836/836/836 819/819/819
f 822/822/822 693/693/693 820/820/820
f 821/821/821 793/793/793 839/839/839
f 865/865/865 839/839/839 795/795/795
f 750/750/750 795/795/795 839/839/839
f 796/796/796 866/866/866 795/795/795
f 796/796/796 752/752/752 777/777/777
f 823/823/823 867/867/867 797/797/797
f 868/868/868 840/840/840 798/798/798
f 841/841/841 797/797/797 867/867/867
f 842/842/842 869/869/869 798/798/798
f 842/842/842 780/780/780 870/870/870
f 781/781/781 871/871/871 799/799/799
f 826/826/826 846/846/846 849/849/849
f 827/827/827 872/872/872 848/848/848
f 851/851/851 872/872/872 827/827/827
f 850/850/850 873/873/873 828/828/828
f 873/873/873 874/874/874 828/828/828
f 875/875/875 829/829/829 852/852/852
f 830/830/830 828/828/828 874/874/874
f 831/831/831 830/830/830 876/876/876
f 852/852/852 831/831/831 876/876/876
f 705/705/705 832/832/832 877/877/877
f 721/721/721 853/853/853 810/810/810
f 785/785/785 759/759/759 878/878/878
f 855/855/855 760/760/760 786/786/786
f 879/879/879 785/785/785 878/878/878
f 880/880/880 786/786/786 812/812/812
f 881/881/881 763/763/763 787/787/787
f 814/814/814 787/787/787 742/742/742
f 744/744/744 726/726/726 882/882/882
f 767/767/767 883/883/883 726/726/726
f 767/767/767 747/747/747 884/884/884
f 769/769/769 817/817/817 885/885/885
f 860/860/860 790/790/790 861/861/861
f 862/862/862 791/791/791 770/770/770
f 792/792/792 789/789/789 886/886/886
f 887/887/887 863/863/863 792/792/792
f 773/773/773 863/863/863 732/732/732
f 837/837/837 864/864/864 819/819/819
f 863/863/863 820/820/820 732/732/732
f 794/794/794 888/888/888 715/715/715
f 865/865/865 795/795/795 866/866/866
f 888/888/888 775/775/775 715/715/715
f 776/776/776 775/775/775 889/889/889
f 890/890/890 866/866/866 796/796/796
f 777/777/777 840/840/840 796/796/796
f 823/823/823 776/776/776 891/891/891
f 823/823/823 891/891/891 867/867/867
f 798/798/798 869/869/869 868/868/868
f 779/779/779 841/841/841 892/892/892
f 893/893/893 869/869/869 842/842/842
f 824/824/824 779/779/779 892/892/892
f 894/894/894 824/824/824 895/895/895
f 781/781/781 824/824/824 894/894/894
f 780/780/780 843/843/843 870/870/870
f 799/799/799 871/871/871 896/896/896
f 897/897/897 844/844/844 898/898/898
f 844/844/844 845/845/845 898/898/898
f 897/897/897 846/846/846 844/844/844
f 849/849/849 899/899/899 850/850/850
f 900/900/900 872/872/872 851/851/851
f 850/850/850 899/899/899 901/901/901
f 900/900/900 851/851/851 902/902/902
f 873/873/873 850/850/850 901/901/901
f 829/829/829 875/875/875 851/851/851
f 757/757/757 903/903/903 704/704/704
f 810/810/810 903/903/903 757/757/757
f 782/782/782 705/705/705 877/877/877
f 811/811/811 904/904/904 854/854/854
f 855/855/855 904/904/904 811/811/811
f 905/905/905 878/878/878 759/759/759
f 811/811/811 784/784/784 855/855/855
f 906/906/906 855/855/855 786/786/786
f 762/762/762 785/785/785 879/879/879
f 857/857/857 880/880/880 812/812/812
f 881/881/881 857/857/857 763/763/763
f 907/907/907 787/787/787 858/858/858
f 787/787/787 814/814/814 858/858/858
f 788/788/788 908/908/908 859/859/859
f 908/908/908 788/788/788 909/909/909
f 909/909/909 788/788/788 816/816/816
f 909/909/909 816/816/816 744/744/744
f 745/745/745 725/725/725 910/910/910
f 882/882/882 726/726/726 883/883/883
f 884/884/884 911/911/911 767/767/767
f 747/747/747 769/769/769 884/884/884
f 769/769/769 885/885/885 884/884/884
f 817/817/817 860/860/860 885/885/885
f 912/912/912 913/913/913 862/862/862
f 912/912/912 862/862/862 835/835/835
f 820/820/820 863/863/863 914/914/914
f 837/837/837 915/915/915 864/864/864
f 820/820/820 914/914/914 916/916/916
f 820/820/820 916/916/916 822/822/822
f 837/837/837 838/838/838 915/915/915
f 838/838/838 821/821/821 917/917/917
f 917/917/917 821/821/821 839/839/839
f 917/917/917 839/839/839 865/865/865
f 918/918/918 865/865/865 866/866/866
f 918/918/918 866/866/866 919/919/919
f 888/888/888 920/920/920 775/775/775
f 921/921/921 866/866/866 890/890/890
f 840/840/840 890/890/890 796/796/796
f 776/776/776 922/922/922 891/891/891
f 923/923/923 840/840/840 868/868/868
f 867/867/867 924/924/924 841/841/841
f 923/923/923 868/868/868 869/869/869
f 841/841/841 925/925/925 892/892/892
f 926/926/926 869/869/869 893/893/893
f 824/824/824 892/892/892 895/895/895
f 781/781/781 894/894/894 871/871/871
f 927/927/927 870/870/870 843/843/843
f 896/896/896 800/800/800 799/799/799
f 845/845/845 928/928/928 898/898/898
f 845/845/845 847/847/847 928/928/928
f 928/928/928 847/847/847 929/929/929
f 930/930/930 846/846/846 897/897/897
f 930/930/930 849/849/849 846/846/846
f 849/849/849 931/931/931 899/899/899
f 902/902/902 851/851/851 875/875/875
f 932/932/932 876/876/876 830/830/830
f 877/877/877 832/832/832 933/933/933
f 704/704/704 903/903/903 832/832/832
f 783/783/783 854/854/854 853/853/853
f 854/854/854 904/904/904 934/934/934
f 759/759/759 758/758/758 905/905/905
f 880/880/880 906/906/906 786/786/786
f 857/857/857 935/935/935 880/880/880
f 813/813/813 761/761/761 936/936/936
f 907/907/907 881/881/881 787/787/787
f 813/813/813 937/937/937 723/723/723
f 723/723/723 937/937/937 766/766/766
f 882/882/882 909/909/909 744/744/744
f 882/882/882 883/883/883 938/938/938
f 768/768/768 939/939/939 729/729/729
f 729/729/729 939/939/939 940/940/940
f 729/729/729 940/940/940 818/818/818
f 941/941/941 789/789/789 818/818/818
f 862/862/862 942/942/942 791/791/791
f 941/941/941 886/886/886 789/789/789
f 886/886/886 887/887/887 792/792/792
f 835/835/835 836/836/836 943/943/943
f 864/864/864 943/943/943 836/836/836
f 917/917/917 944/944/944 838/838/838
f 915/915/915 838/838/838 944/944/944
f 944/944/944 917/917/917 945/945/945
f 945/945/945 917/917/917 865/865/865
f 945/945/945 865/865/865 918/918/918
f 946/946/946 888/888/888 794/794/794
f 889/889/889 775/775/775 920/920/920
f 866/866/866 921/921/921 919/919/919
f 922/922/922 776/776/776 889/889/889
f 840/840/840 923/923/923 890/890/890
f 923/923/923 869/869/869 947/947/947
f 841/841/841 924/924/924 925/925/925
f 926/926/926 947/947/947 869/869/869
f 892/892/892 948/948/948 895/895/895
f 893/893/893 842/842/842 870/870/870
f 894/894/894 895/895/895 949/949/949
f 843/843/843 800/800/800 950/950/950
f 847/847/847 848/848/848 929/929/929
f 929/929/929 848/848/848 951/951/951
f 848/848/848 872/872/872 952/952/952
f 931/931/931 953/953/953 899/899/899
f 872/872/872 900/900/900 954/954/954
f 954/954/954 900/900/900 955/955/955
f 901/901/901 899/899/899 956/956/956
f 900/900/900 902/902/902 957/957/957
f 901/901/901 958/958/958 873/873/873
f 957/957/957 902/902/902 875/875/875
f 958/958/958 874/874/874 873/873/873
f 874/874/874 932/932/932 830/830/830
f 852/852/852 959/959/959 875/875/875
f 960/960/960 961/961/961 962/962/962
f 903/903/903 963/963/963 832/832/832
f 903/903/903 810/810/810 963/963/963
f 877/877/877 933/933/933 964/964/964
f 810/810/810 853/853/853 963/963/963
f 934/934/934 904/904/904 965/965/965
f 904/904/904 966/966/966 965/965/965
f 904/904/904 855/855/855 966/966/966
f 967/967/967 966/966/966 855/855/855
f 855/855/855 906/906/906 967/967/967
f 968/968/968 906/906/906 880/880/880
f 935/935/935 857/857/857 881/881/881
f 936/936/936 937/937/937 813/813/813
f 969/969/969 766/766/766 937/937/937
f 970/970/970 858/858/858 859/859/859
f 766/766/766 971/971/971 765/765/765
f 859/859/859 972/972/972 970/970/970
f 859/859/859 908/908/908 972/972/972
f 815/815/815 910/910/910 725/725/725
f 767/767/767 911/911/911 883/883/883
f 910/910/910 768/768/768 745/745/745
f 973/973/973 885/885/885 860/860/860
f 974/974/974 861/861/861 834/834/834
f 834/834/834 791/791/791 942/942/942
f 913/913/913 942/942/942 862/862/862
f 835/835/835 975/975/975 912/912/912
f 943/943/943 975/975/975 835/835/835
f 976/976/976 863/863/863 887/887/887
f 943/943/943 864/864/864 977/977/977
f 864/864/864 915/915/915 977/977/977
f 822/822/822 916/916/916 978/978/978
f 979/979/979 945/945/945 918/918/918
f 794/794/794 822/822/822 946/946/946
f 918/918/918 919/919/919 979/979/979
f 919/919/919 921/921/921 980/980/980
f 981/981/981 867/867/867 891/891/891
f 981/981/981 924/924/924 867/867/867
f 925/925/925 924/924/924 982/982/982
f 925/925/925 948/948/948 892/892/892
f 895/895/895 948/948/948 983/983/983
f 984/984/984 893/893/893 870/870/870
f 896/896/896 985/985/985 800/800/800
f 950/950/950 800/800/800 985/985/985
f 898/898/898 986/986/986 897/897/897
f 930/930/930 931/931/931 849/849/849
f 848/848/848 952/952/952 951/951/951
f 954/954/954 952/952/952 872/872/872
f 899/899/899 953/953/953 956/956/956
f 955/955/955 900/900/900 957/957/957
f 901/901/901 956/956/956 987/987/987
f 901/901/901 987/987/987 958/958/958
f 988/988/988 962/962/962 989/989/989
f 962/962/962 990/990/990 989/989/989
f 962/962/962 988/988/988 991/991/991
f 992/992/992 962/962/962 961/961/961
f 990/990/990 962/962/962 992/992/992
f 874/874/874 958/958/958 993/993/993
f 962/962/962 991/991/991 994/994/994
f 995/995/995 875/875/875 959/959/959
f 874/874/874 993/993/993 996/996/996
f 874/874/874 996/996/996 932/932/932
f 962/962/962 994/994/994 960/960/960
f 876/876/876 959/959/959 852/852/852
f 876/876/876 932/932/932 997/997/997
f 960/960/960 994/994/994 998/998/998
f 961/961/961 960/960/960 998/998/998
f 853/853/853 999/999/999 963/963/963
f 999/999/999 853/853/853 934/934/934
f 853/853/853 854/854/854 934/934/934
f 934/934/934 965/965/965 1000/1000/1000
f 905/905/905 758/758/758 1001/1001/1001
f 878/878/878 905/905/905 1002/1002/1002
f 1003/1003/1003 881/881/881 907/907/907
f 766/766/766 969/969/969 971/971/971
f 765/765/765 971/971/971 815/815/815
f 908/908/908 909/909/909 1004/1004/1004
f 1004/1004/1004 909/909/909 1005/1005/1005
f 1005/1005/1005 909/909/909 882/882/882
f 938/938/938 883/883/883 911/911/911
f 911/911/911 884/884/884 1006/1006/1006
f 768/768/768 910/910/910 939/939/939
f 860/860/860 861/861/861 974/974/974
f 974/974/974 834/834/834 1007/1007/1007
f 834/834/834 942/942/942 1007/1007/1007
f 1008/1008/1008 942/942/942 913/913/913
f 886/886/886 1009/1009/1009 887/887/887
f 1010/1010/1010 976/976/976 887/887/887
f 1011/1011/1011 863/863/863 976/976/976
f 1011/1011/1011 914/914/914 863/863/863
f 914/914/914 1011/1011/1011 916/916/916
f 1012/1012/1012 916/916/916 1011/1011/1011
f 978/978/978 916/916/916 1012/1012/1012
f 944/944/944 1013/1013/1013 915/915/915
f 1014/1014/1014 1013/1013/1013 944/944/944
f 945/945/945 1014/1014/1014 944/944/944
f 978/978/978 946/946/946 822/822/822
f 1015/1015/1015 945/945/945 979/979/979
f 1016/1016/1016 920/920/920 888/888/888
f 980/980/980 1015/1015/1015 979/979/979
f 980/980/980 979/979/979 919/919/919
f 1017/1017/1017 889/889/889 920/920/920
f 921/921/921 890/890/890 1018/1018/1018
f 981/981/981 891/891/891 922/922/922
f 1019/1019/1019 1018/1018/1018 890/890/890
f 890/890/890 923/923/923 1019/1019/1019
f 1020/1020/1020 924/924/924 981/981/981
f 947/947/947 1021/1021/1021 923/923/923
f 1020/1020/1020 982/982/982 924/924/924
f 1022/1022/1022 1021/1021/1021 947/947/947
f 982/982/982 1023/1023/1023 925/925/925
f 925/925/925 1023/1023/1023 948/948/948
f 926/926/926 893/893/893 984/984/984
f 895/895/895 983/983/983 949/949/949
f 984/984/984 870/870/870 1024/1024/1024
f 1024/1024/1024 870/870/870 1025/1025/1025
f 870/870/870 927/927/927 1025/1025/1025
f 871/871/871 894/894/894 1026/1026/1026
f 896/896/896 871/871/871 1026/1026/1026
f 898/898/898 928/928/928 986/986/986
f 1027/1027/1027 930/930/930 897/897/897
f 929/929/929 951/951/951 1028/1028/1028
f 931/931/931 1029/1029/1029 953/953/953
f 953/953/953 1029/1029/1029 956/956/956
f 1030/1030/1030 954/954/954 955/955/955
f 1031/1031/1031 955/955/955 957/957/957
f 1031/1031/1031 957/957/957 1032/1032/1032
f 989/989/989 990/990/990 1033/1033/1033
f 1032/1032/1032 957/957/957 1034/1034/1034
f 1035/1035/1035 1036/1036/1036 988/988/988
f 989/989/989 1035/1035/1035 988/988/988
f 1033/1033/1033 990/990/990 1037/1037/1037
f 875/875/875 1034/1034/1034 957/957/957
f 1036/1036/1036 1038/1038/1038 988/988/988
f 988/988/988 1038/1038/1038 991/991/991
f 1037/1037/1037 990/990/990 992/992/992
f 958/958/958 987/987/987 993/993/993
f 1034/1034/1034 875/875/875 995/995/995
f 991/991/991 1039/1039/1039 994/994/994
f 1040/1040/1040 932/932/932 996/996/996
f 1039/1039/1039 1041/1041/1041 994/994/994
f 994/994/994 1041/1041/1041 998/998/998
f 833/833/833 782/782/782 877/877/877
f 833/833/833 1042/1042/1042 1001/1001/1001
f 758/758/758 833/833/833 1001/1001/1001
f 761/761/761 856/856/856 1043/1043/1043
f 936/936/936 761/761/761 1043/1043/1043
f 880/880/880 1044/1044/1044 968/968/968
f 1044/1044/1044 880/880/880 935/935/935
f 907/907/907 858/858/858 1045/1045/1045
f 882/882/882 1046/1046/1046 1005/1005/1005
f 882/882/882 938/938/938 1046/1046/1046
f 938/938/938 1047/1047/1047 1046/1046/1046
f 884/884/884 885/885/885 1006/1006/1006
f 818/818/818 940/940/940 1048/1048/1048
f 818/818/818 1048/1048/1048 941/941/941
f 1007/1007/1007 942/942/942 1049/1049/1049
f 977/977/977 915/915/915 1013/1013/1013
f 1015/1015/1015 980/980/980 1050/1050/1050
f 980/980/980 1018/1018/1018 1051/1051/1051
f 980/980/980 921/921/921 1018/1018/1018
f 889/889/889 1017/1017/1017 922/922/922
f 1052/1052/1052 981/981/981 922/922/922
f 923/923/923 1021/1021/1021 1019/1019/1019
f 894/894/894 1053/1053/1053 1026/1026/1026
f 950/950/950 1054/1054/1054 843/843/843
f 927/927/927 843/843/843 1054/1054/1054
f 985/985/985 1055/1055/1055 1056/1056/1056
f 1054/1054/1054 985/985/985 1056/1056/1056
f 950/950/950 985/985/985 1054/1054/1054
f 929/929/929 1057/1057/1057 928/928/928
f 930/930/930 1058/1058/1058 931/931/931
f 1058/1058/1058 1059/1059/1059 1029/1029/1029
f 931/931/931 1058/1058/1058 1029/1029/1029
f 951/951/951 952/952/952 1060/1060/1060
f 1029/1029/1029 1059/1059/1059 1061/1061/1061
f 952/952/952 954/954/954 1060/1060/1060
f 954/954/954 1030/1030/1030 1062/1062/1062
f 1029/1029/1029 1061/1061/1061 1063/1063/1063
f 1029/1029/1029 1063/1063/1063 956/956/956
f 1031/1031/1031 1030/1030/1030 955/955/955
f 956/956/956 1063/1063/1063 1064/1064/1064
f 1065/1065/1065 1036/1036/1036 1066/1066/1066
f 1067/1067/1067 1033/1033/1033 1068/1068/1068
f 1069/1069/1069 1031/1031/1031 1032/1032/1032
f 1035/1035/1035 1066/1066/1066 1036/1036/1036
f 1033/1033/1033 1037/1037/1037 1068/1068/1068
f 956/956/956 1064/1064/1064 987/987/987
f 1038/1038/1038 1070/1070/1070 1071/1071/1071
f 1037/1037/1037 992/992/992 1072/1072/1072
f 1073/1073/1073 1037/1037/1037 1072/1072/1072
f 1038/1038/1038 1071/1071/1071 991/991/991
f 991/991/991 1071/1071/1071 1039/1039/1039
f 1039/1039/1039 1071/1071/1071 1074/1074/1074
f 993/993/993 1075/1075/1075 996/996/996
f 992/992/992 961/961/961 1076/1076/1076
f 1076/1076/1076 961/961/961 1077/1077/1077
f 932/932/932 1040/1040/1040 997/997/997
f 1040/1040/1040 996/996/996 1075/1075/1075
f 959/959/959 876/876/876 997/997/997
f 961/961/961 998/998/998 1077/1077/1077
f 1077/1077/1077 998/998/998 1078/1078/1078
f 832/832/832 1079/1079/1079 933/933/933
f 832/832/832 1080/1080/1080 1079/1079/1079
f 963/963/963 1080/1080/1080 832/832/832
f 963/963/963 1081/1081/1081 1080/1080/1080
f 963/963/963 999/999/999 1081/1081/1081
f 965/965/965 1082/1082/1082 1000/1000/1000
f 965/965/965 966/966/966 1083/1083/1083
f 967/967/967 1084/1084/1084 966/966/966
f 878/878/878 1002/1002/1002 879/879/879
f 1085/1085/1085 967/967/967 906/906/906
f 1086/1086/1086 762/762/762 879/879/879
f 856/856/856 762/762/762 1086/1086/1086
f 881/881/881 1003/1003/1003 935/935/935
f 937/937/937 1087/1087/1087 969/969/969
f 1045/1045/1045 858/858/858 970/970/970
f 908/908/908 1004/1004/1004 972/972/972
f 1088/1088/1088 1004/1004/1004 1005/1005/1005
f 938/938/938 911/911/911 1047/1047/1047
f 911/911/911 1006/1006/1006 1089/1089/1089
f 885/885/885 1090/1090/1090 1006/1006/1006
f 885/885/885 973/973/973 1090/1090/1090
f 860/860/860 1091/1091/1091 973/973/973
f 974/974/974 1091/1091/1091 860/860/860
f 1049/1049/1049 942/942/942 1008/1008/1008
f 1009/1009/1009 1010/1010/1010 887/887/887
f 976/976/976 1010/1010/1010 1092/1092/1092
f 976/976/976 1092/1092/1092 1011/1011/1011
f 975/975/975 943/943/943 1093/1093/1093
f 943/943/943 977/977/977 1093/1093/1093
f 1011/1011/1011 1092/1092/1092 1012/1012/1012
f 1050/1050/1050 1094/1094/1094 1015/1015/1015
f 1050/1050/1050 980/980/980 1051/1051/1051
f 920/920/920 1016/1016/1016 1095/1095/1095
f 1017/1017/1017 920/920/920 1095/1095/1095
f 922/922/922 1017/1017/1017 1052/1052/1052
f 1096/1096/1096 981/981/981 1052/1052/1052
f 1097/1097/1097 1098/1098/1098 1018/1018/1018
f 1019/1019/1019 1097/1097/1097 1018/1018/1018
f 981/981/981 1096/1096/1096 1020/1020/1020
f 1021/1021/1021 1097/1097/1097 1019/1019/1019
f 1020/1020/1020 1099/1099/1099 982/982/982
f 982/982/982 1099/1099/1099 1023/1023/1023
f 1022/1022/1022 947/947/947 926/926/926
f 1022/1022/1022 926/926/926 984/984/984
f 894/894/894 949/949/949 1053/1053/1053
f 1100/1100/1100 1025/1025/1025 927/927/927
f 1055/1055/1055 896/896/896 1026/1026/1026
f 896/896/896 1055/1055/1055 985/985/985
f 927/927/927 1054/1054/1054 1100/1100/1100
f 928/928/928 1057/1057/1057 986/986/986
f 986/986/986 1027/1027/1027 897/897/897
f 1058/1058/1058 930/930/930 1101/1101/1101
f 954/954/954 1062/1062/1062 1060/1060/1060
f 1062/1062/1062 1030/1030/1030 1102/1102/1102
f 1103/1103/1103 989/989/989 1104/1104/1104
f 1102/1102/1102 1030/1030/1030 1031/1031/1031
f 1102/1102/1102 1031/1031/1031 1105/1105/1105
f 1103/1103/1103 1066/1066/1066 1035/1035/1035
f 989/989/989 1103/1103/1103 1035/1035/1035
f 1104/1104/1104 989/989/989 1033/1033/1033
f 1067/1067/1067 1104/1104/1104 1033/1033/1033
f 1106/1106/1106 1067/1067/1067 1068/1068/1068
f 1107/1107/1107 1106/1106/1106 1068/1068/1068
f 1063/1063/1063 1108/1108/1108 1064/1064/1064
f 1069/1069/1069 1105/1105/1105 1031/1031/1031
f 1109/1109/1109 1105/1105/1105 1069/1069/1069
f 1070/1070/1070 1036/1036/1036 1065/1065/1065
f 1036/1036/1036 1070/1070/1070 1038/1038/1038
f 1107/1107/1107 1068/1068/1068 1073/1073/1073
f 1068/1068/1068 1037/1037/1037 1073/1073/1073
f 1069/1069/1069 1032/1032/1032 1110/1110/1110
f 1109/1109/1109 1069/1069/1069 1111/1111/1111
f 1032/1032/1032 1034/1034/1034 1112/1112/1112
f 995/995/995 1112/1112/1112 1034/1034/1034
f 1112/1112/1112 995/995/995 1113/1113/1113
f 992/992/992 1076/1076/1076 1072/1072/1072
f 1114/1114/1114 995/995/995 959/959/959
f 993/993/993 1115/1115/1115 1075/1075/1075
f 1116/1116/1116 995/995/995 1114/1114/1114
f 1039/1039/1039 1117/1117/1117 1041/1041/1041
f 1040/1040/1040 1114/1114/1114 997/997/997
f 1114/1114/1114 959/959/959 997/997/997
f 1079/1079/1079 1118/1118/1118 933/933/933
f 998/998/998 1041/1041/1041 1078/1078/1078
f 999/999/999 1119/1119/1119 1081/1081/1081
f 833/833/833 877/877/877 964/964/964
f 934/934/934 1000/1000/1000 999/999/999
f 1000/1000/1000 1119/1119/1119 999/999/999
f 965/965/965 1083/1083/1083 1082/1082/1082
f 1120/1120/1120 905/905/905 1001/1001/1001
f 966/966/966 1084/1084/1084 1083/1083/1083
f 967/967/967 1085/1085/1085 1084/1084/1084
f 1121/1121/1121 1085/1085/1085 906/906/906
f 856/856/856 1086/1086/1086 1043/1043/1043
f 906/906/906 968/968/968 1121/1121/1121
f 968/968/968 1044/1044/1044 1121/1121/1121
f 1122/1122/1122 935/935/935 1123/1123/1123
f 1003/1003/1003 1123/1123/1123 935/935/935
f 907/907/907 1045/1045/1045 1003/1003/1003
f 970/970/970 1124/1124/1124 1045/1045/1045
f 1047/1047/1047 911/911/911 1089/1089/1089
f 1125/1125/1125 1089/1089/1089 1006/1006/1006
f 1126/1126/1126 939/939/939 910/910/910
f 1127/1127/1127 1090/1090/1090 973/973/973
f 1091/1091/1091 1127/1127/1127 973/973/973
f 940/940/940 939/939/939 1128/1128/1128
f 1128/1128/1128 1048/1048/1048 940/940/940
f 974/974/974 1007/1007/1007 1129/1129/1129
f 1130/1130/1130 1007/1007/1007 1049/1049/1049
f 913/913/913 1131/1131/1131 1008/1008/1008
f 913/913/913 912/912/912 1131/1131/1131
f 1131/1131/1131 912/912/912 975/975/975
f 1093/1093/1093 1131/1131/1131 975/975/975
f 977/977/977 1132/1132/1132 1093/1093/1093
f 1013/1013/1013 1133/1133/1133 977/977/977
f 1014/1014/1014 1133/1133/1133 1013/1013/1013
f 1094/1094/1094 945/945/945 1015/1015/1015
f 1134/1134/1134 888/888/888 946/946/946
f 888/888/888 1134/1134/1134 1016/1016/1016
f 1051/1051/1051 1018/1018/1018 1098/1098/1098
f 948/948/948 1023/1023/1023 1135/1135/1135
f 948/948/948 1135/1135/1135 983/983/983
f 1135/1135/1135 1136/1136/1136 983/983/983
f 1137/1137/1137 984/984/984 1024/1024/1024
f 983/983/983 1136/1136/1136 949/949/949
f 1136/1136/1136 1053/1053/1053 949/949/949
f 929/929/929 1138/1138/1138 1057/1057/1057
f 1139/1139/1139 930/930/930 1027/1027/1027
f 929/929/929 1028/1028/1028 1138/1138/1138
f 1139/1139/1139 1101/1101/1101 930/930/930
f 1140/1140/1140 951/951/951 1060/1060/1060
f 1141/1141/1141 1063/1063/1063 1061/1061/1061
f 1142/1142/1142 1106/1106/1106 1107/1107/1107
f 1066/1066/1066 1143/1143/1143 1065/1065/1065
f 1108/1108/1108 1063/1063/1063 1144/1144/1144
f 1105/1105/1105 1109/1109/1109 1145/1145/1145
f 1107/1107/1107 1073/1073/1073 1146/1146/1146
f 1071/1071/1071 1070/1070/1070 1147/1147/1147
f 1072/1072/1072 1148/1148/1148 1073/1073/1073
f 1064/1064/1064 1108/1108/1108 1149/1149/1149
f 1064/1064/1064 1149/1149/1149 987/987/987
f 1069/1069/1069 1110/1110/1110 1111/1111/1111
f 1111/1111/1111 1150/1150/1150 1109/1109/1109
f 1032/1032/1032 1112/1112/1112 1110/1110/1110
f 987/987/987 1149/1149/1149 993/993/993
f 1071/1071/1071 1151/1151/1151 1074/1074/1074
f 1076/1076/1076 1148/1148/1148 1072/1072/1072
f 1113/1113/1113 995/995/995 1116/1116/1116
f 993/993/993 1149/1149/1149 1115/1115/1115
f 1074/1074/1074 1152/1152/1152 1153/1153/1153
f 1039/1039/1039 1074/1074/1074 1117/1117/1117
f 1117/1117/1117 1074/1074/1074 1153/1153/1153
f 1119/1119/1119 1154/1154/1154 1081/1081/1081
f 1040/1040/1040 1075/1075/1075 1115/1115/1115
f 1000/1000/1000 1155/1155/1155 1119/1119/1119
f 1000/1000/1000 1082/1082/1082 1155/1155/1155
f 1156/1156/1156 1082/1082/1082 1083/1083/1083
f 905/905/905 1157/1157/1157 1002/1002/1002
f 879/879/879 1002/1002/1002 1157/1157/1157
f 1158/1158/1158 1159/1159/1159 1085/1085/1085
f 1085/1085/1085 1121/1121/1121 1158/1158/1158
f 1121/1121/1121 1044/1044/1044 1122/1122/1122
f 1122/1122/1122 1044/1044/1044 935/935/935
f 1160/1160/1160 936/936/936 1043/1043/1043
f 1045/1045/1045 1161/1161/1161 1003/1003/1003
f 970/970/970 972/972/972 1124/1124/1124
f 1004/1004/1004 1162/1162/1162 972/972/972
f 1088/1088/1088 1005/1005/1005 1046/1046/1046
f 815/815/815 1163/1163/1163 910/910/910
f 1047/1047/1047 1164/1164/1164 1046/1046/1046
f 1125/1125/1125 1006/1006/1006 1090/1090/1090
f 1163/1163/1163 1126/1126/1126 910/910/910
f 1126/1126/1126 1128/1128/1128 939/939/939
f 1091/1091/1091 974/974/974 1129/1129/1129
f 1128/1128/1128 1165/1165/1165 1048/1048/1048
f 1129/1129/1129 1007/1007/1007 1130/1130/1130
f 1048/1048/1048 1165/1165/1165 941/941/941
f 1165/1165/1165 1166/1166/1166 941/941/941
f 1049/1049/1049 1008/1008/1008 1167/1167/1167
f 1168/1168/1168 1167/1167/1167 1008/1008/1008
f 1169/1169/1169 1010/1010/1010 1009/1009/1009
f 1131/1131/1131 1168/1168/1168 1008/1008/1008
f 977/977/977 1133/1133/1133 1132/1132/1132
f 1012/1012/1012 1170/1170/1170 978/978/978
f 1094/1094/1094 1014/1014/1014 945/945/945
f 1095/1095/1095 1052/1052/1052 1017/1017/1017
f 1051/1051/1051 1098/1098/1098 1171/1171/1171
f 1096/1096/1096 1172/1172/1172 1020/1020/1020
f 1099/1099/1099 1020/1020/1020 1172/1172/1172
f 1099/1099/1099 1173/1173/1173 1023/1023/1023
f 1023/1023/1023 1173/1173/1173 1174/1174/1174
f 1023/1023/1023 1174/1174/1174 1135/1135/1135
f 1137/1137/1137 1022/1022/1022 984/984/984
f 1136/1136/1136 1175/1175/1175 1053/1053/1053
f 1025/1025/1025 1100/1100/1100 1176/1176/1176
f 1053/1053/1053 1177/1177/1177 1026/1026/1026
f 1055/1055/1055 1026/1026/1026 1177/1177/1177
f 1100/1100/1100 1054/1054/1054 1178/1178/1178
f 1056/1056/1056 1055/1055/1055 1179/1179/1179
f 1054/1054/1054 1056/1056/1056 1178/1178/1178
f 1180/1180/1180 1101/1101/1101 1139/1139/1139
f 1101/1101/1101 1181/1181/1181 1058/1058/1058
f 1028/1028/1028 1182/1182/1182 1138/1138/1138
f 951/951/951 1182/1182/1182 1028/1028/1028
f 1140/1140/1140 1182/1182/1182 951/951/951
f 1059/1059/1059 1183/1183/1183 1061/1061/1061
f 1061/1061/1061 1183/1183/1183 1141/1141/1141
f 1060/1060/1060 1184/1184/1184 1140/1140/1140
f 1106/1106/1106 1142/1142/1142 1185/1185/1185
f 1062/1062/1062 1184/1184/1184 1060/1060/1060
f 1186/1186/1186 1184/1184/1184 1062/1062/1062
f 1104/1104/1104 1185/1185/1185 1103/1103/1103
f 1187/1187/1187 1142/1142/1142 1188/1188/1188
f 1067/1067/1067 1185/1185/1185 1104/1104/1104
f 1106/1106/1106 1185/1185/1185 1067/1067/1067
f 1188/1188/1188 1142/1142/1142 1189/1189/1189
f 1062/1062/1062 1102/1102/1102 1186/1186/1186
f 1107/1107/1107 1189/1189/1189 1142/1142/1142
f 1102/1102/1102 1190/1190/1190 1186/1186/1186
f 1188/1188/1188 1189/1189/1189 1191/1191/1191
f 1063/1063/1063 1141/1141/1141 1192/1192/1192
f 1102/1102/1102 1105/1105/1105 1190/1190/1190
f 1189/1189/1189 1107/1107/1107 1146/1146/1146
f 1191/1191/1191 1189/1189/1189 1146/1146/1146
f 1144/1144/1144 1063/1063/1063 1192/1192/1192
f 1145/1145/1145 1190/1190/1190 1105/1105/1105
f 1193/1193/1193 1191/1191/1191 1146/1146/1146
f 1150/1150/1150 1145/1145/1145 1109/1109/1109
f 1073/1073/1073 1148/1148/1148 1146/1146/1146
f 1144/1144/1144 1195/1194/1194 1108/1108/1108
f 1146/1146/1146 1148/1148/1148 1196/1195/1195
f 1147/1147/1147 1151/1151/1151 1071/1071/1071
f 1196/1195/1195 1148/1148/1148 1197/1196/1196
f 1111/1111/1111 1110/1110/1110 1198/1197/1197
f 1199/1198/1198 1151/1151/1151 1147/1147/1147
f 1149/1149/1149 1108/1108/1108 1195/1194/1194
f 1197/1196/1196 1148/1148/1148 1076/1076/1076
f 1112/1112/1112 1198/1197/1197 1110/1110/1110
f 1200/1199/1199 1152/1152/1152 1199/1198/1198
f 1199/1198/1198 1152/1152/1152 1151/1151/1151
f 1074/1074/1074 1151/1151/1151 1152/1152/1152
f 1080/1080/1080 1081/1081/1081 1200/1199/1199
f 1152/1152/1152 1200/1199/1199 1154/1154/1154
f 1198/1197/1197 1112/1112/1112 1113/1113/1113
f 1154/1154/1154 1200/1199/1199 1081/1081/1081
f 1153/1153/1153 1152/1152/1152 1154/1154/1154
f 1076/1076/1076 1077/1077/1077 1201/1200/1200
f 1116/1116/1116 1114/1114/1114 1202/1201/1201
f 1153/1153/1153 1154/1154/1154 1119/1119/1119
f 1203/1202/1202 1153/1153/1153 1119/1119/1119
f 1203/1202/1202 1117/1117/1117 1153/1153/1153
f 1115/1115/1115 1204/1203/1203 1040/1040/1040
f 1155/1155/1155 1203/1202/1202 1119/1119/1119
f 1078/1078/1078 1041/1041/1041 1205/1204/1204
f 1206/1205/1205 1042/1042/1042 833/833/833
f 1082/1082/1082 1207/1206/1206 1155/1155/1155
f 1208/1207/1207 1207/1206/1206 1082/1082/1082
f 1001/1001/1001 1042/1042/1042 1120/1120/1120
f 905/905/905 1120/1120/1120 1157/1157/1157
f 1084/1084/1084 1085/1085/1085 1159/1159/1159
f 1159/1159/1159 1209/1208/1208 1084/1084/1084
f 1086/1086/1086 879/879/879 1157/1157/1157
f 1121/1121/1121 1122/1122/1122 1210/1209/1209
f 1211/1210/1210 937/937/937 936/936/936
f 1123/1123/1123 1003/1003/1003 1161/1161/1161
f 937/937/937 1212/1211/1211 1087/1087/1087
f 1212/1211/1211 937/937/937 1211/1210/1210
f 1213/1212/1212 1161/1161/1161 1045/1045/1045
f 1045/1045/1045 1124/1124/1124 1213/1212/1212
f 1087/1087/1087 1214/1213/1213 969/969/969
f 969/969/969 1214/1213/1213 971/971/971
f 971/971/971 1163/1163/1163 815/815/815
f 1088/1088/1088 1046/1046/1046 1215/1214/1214
f 1164/1164/1164 1215/1214/1214 1046/1046/1046
f 1216/1215/1215 1125/1125/1125 1090/1090/1090
f 1216/1215/1215 1090/1090/1090 1127/1127/1127
f 1217/1216/1216 1218/1217/1217 1091/1091/1091
f 1091/1091/1091 1129/1129/1129 1217/1216/1216
f 1049/1049/1049 1167/1167/1167 1130/1130/1130
f 941/941/941 1219/1218/1218 886/886/886
f 886/886/886 1219/1218/1218 1009/1009/1009
f 1220/1219/1219 1131/1131/1131 1093/1093/1093
f 1010/1010/1010 1221/1220/1220 1092/1092/1092
f 1132/1132/1132 1220/1219/1219 1093/1093/1093
f 1132/1132/1132 1133/1133/1133 1222/1221/1221
f 1012/1012/1012 1092/1092/1092 1170/1170/1170
f 1170/1170/1170 1223/1222/1222 978/978/978
f 1094/1094/1094 1133/1133/1133 1014/1014/1014
f 1224/1223/1223 1133/1133/1133 1094/1094/1094
f 978/978/978 1223/1222/1222 946/946/946
f 1223/1222/1222 1225/1224/1224 946/946/946
f 1225/1224/1224 1134/1134/1134 946/946/946
f 1226/1225/1225 1016/1016/1016 1134/1134/1134
f 1051/1051/1051 1171/1171/1171 1227/1226/1226
f 1228/1227/1227 1052/1052/1052 1095/1095/1095
f 1098/1098/1098 1229/1228/1228 1171/1171/1171
f 1021/1021/1021 1022/1022/1022 1097/1097/1097
f 1136/1136/1136 1135/1135/1135 1230/1229/1229
f 1230/1229/1229 1175/1175/1175 1136/1136/1136
f 1231/1230/1230 1024/1024/1024 1025/1025/1025
f 1177/1177/1177 1053/1053/1053 1175/1175/1175
f 1055/1055/1055 1177/1177/1177 1179/1179/1179
f 1100/1100/1100 1178/1178/1178 1176/1176/1176
f 1056/1056/1056 1179/1179/1179 1178/1178/1178
f 986/986/986 1232/1231/1231 1027/1027/1027
f 1181/1181/1181 1059/1059/1059 1058/1058/1058
f 1059/1059/1059 1233/1232/1232 1183/1183/1183
f 1234/1233/1233 1187/1187/1187 1188/1188/1188
f 1234/1233/1233 1188/1188/1188 1191/1191/1191
f 1235/1234/1234 1234/1233/1233 1191/1191/1191
f 1237/1235/1235 1234/1233/1233 1235/1234/1234
f 1143/1143/1143 1066/1066/1066 1103/1103/1103
f 1235/1234/1234 1191/1191/1191 1193/1193/1193
f 1065/1065/1065 1239/1236/1236 1070/1070/1070
f 1145/1145/1145 1150/1150/1150 1240/1237/1237
f 1196/1195/1195 1193/1193/1193 1146/1146/1146
f 1241/1238/1238 1242/1239/1239 1150/1150/1150
f 1111/1111/1111 1241/1238/1238 1150/1150/1150
f 1199/1198/1198 1147/1147/1147 1243/1240/1240
f 1111/1111/1111 1198/1197/1197 1241/1238/1238
f 1195/1194/1194 1144/1144/1144 1244/1241/1241
f 1113/1113/1113 1245/1242/1242 1198/1197/1197
f 1080/1080/1080 1246/1243/1243 1079/1079/1079
f 1246/1243/1243 1080/1080/1080 1200/1199/1199
f 1247/1244/1244 1115/1115/1115 1149/1149/1149
f 1248/1245/1245 1115/1115/1115 1247/1244/1244
f 1249/1246/1246 1116/1116/1116 1202/1201/1201
f 1248/1245/1245 1204/1203/1203 1115/1115/1115
f 1114/1114/1114 1250/1247/1247 1202/1201/1201
f 1117/1117/1117 1205/1204/1204 1041/1041/1041
f 1201/1200/1200 1077/1077/1077 1078/1078/1078
f 1204/1203/1203 1250/1247/1247 1040/1040/1040
f 1040/1040/1040 1250/1247/1247 1114/1114/1114
f 1206/1205/1205 833/833/833 964/964/964
f 1203/1202/1202 1155/1155/1155 1251/1248/1248
f 1082/1082/1082 1156/1156/1156 1208/1207/1207
f 1156/1156/1156 1083/1083/1083 1252/1249/1249
f 1209/1208/1208 1159/1159/1159 1158/1158/1158
f 1253/1250/1250 1043/1043/1043 1086/1086/1086
f 1043/1043/1043 1253/1250/1250 1254/1251/1251
f 1158/1158/1158 1121/1121/1121 1210/1209/1209
f 1210/1209/1209 1122/1122/1122 1123/1123/1123
f 1160/1160/1160 1211/1210/1210 936/936/936
f 1087/1087/1087 1212/1211/1211 1214/1213/1213
f 972/972/972 1162/1162/1162 1124/1124/1124
f 1162/1162/1162 1004/1004/1004 1088/1088/1088
f 1163/1163/1163 971/971/971 1255/1252/1252
f 1164/1164/1164 1047/1047/1047 1089/1089/1089
f 1127/1127/1127 1091/1091/1091 1218/1217/1217
f 1129/1129/1129 1130/1130/1130 1217/1216/1216
f 1166/1166/1166 1219/1218/1218 941/941/941
f 1168/1168/1168 1131/1131/1131 1256/1253/1253
f 1220/1219/1219 1256/1253/1253 1131/1131/1131
f 1132/1132/1132 1257/1254/1254 1220/1219/1219
f 1257/1254/1254 1132/1132/1132 1222/1221/1221
f 1092/1092/1092 1258/1255/1255 1170/1170/1170
f 1050/1050/1050 1259/1256/1256 1094/1094/1094
f 1050/1050/1050 1051/1051/1051 1227/1226/1226
f 1016/1016/1016 1226/1225/1225 1095/1095/1095
f 1171/1171/1171 1229/1228/1228 1260/1257/1257
f 1098/1098/1098 1097/1097/1097 1261/1258/1258
f 1174/1174/1174 1262/1259/1259 1135/1135/1135
f 1135/1135/1135 1263/1260/1260 1230/1229/1229
f 1175/1175/1175 1230/1229/1229 1263/1260/1260
f 1264/1261/1261 1137/1137/1137 1024/1024/1024
f 1175/1175/1175 1265/1262/1262 1177/1177/1177
f 1179/1179/1179 1177/1177/1177 1266/1263/1263
f 1179/1179/1179 1266/1263/1263 1267/1264/1264
f 1178/1178/1178 1179/1179/1179 1267/1264/1264
f 1181/1181/1181 1268/1265/1265 1269/1266/1266
f 986/986/986 1057/1057/1057 1232/1231/1231
f 1057/1057/1057 1138/1138/1138 1270/1267/1267
f 1101/1101/1101 1268/1265/1265 1181/1181/1181
f 1180/1180/1180 1268/1265/1265 1101/1101/1101
f 1139/1139/1139 1271/1268/1268 1180/1180/1180
f 1139/1139/1139 1027/1027/1027 1271/1268/1268
f 1182/1182/1182 1140/1140/1140 1272/1269/1269
f 1273/1270/1270 1275/1271/1271 1276/1272/1272
f 1187/1187/1187 1278/1273/1273 1142/1142/1142
f 1276/1272/1272 1279/1274/1274 1234/1233/1233
f 1142/1142/1142 1278/1273/1273 1185/1185/1185
f 1234/1233/1233 1279/1274/1274 1187/1187/1187
f 1140/1140/1140 1184/1184/1184 1280/1275/1275
f 1103/1103/1103 1185/1185/1185 1281/1276/1276
f 1237/1235/1235 1276/1272/1272 1234/1233/1233
f 1141/1141/1141 1183/1183/1183 1282/1277/1277
f 1190/1190/1190 1283/1278/1278 1186/1186/1186
f 1284/1279/1279 1065/1065/1065 1143/1143/1143
f 1285/1280/1280 1190/1190/1190 1145/1145/1145
f 1240/1237/1237 1285/1280/1280 1145/1145/1145
f 1240/1237/1237 1150/1150/1150 1242/1239/1239
f 1070/1070/1070 1243/1240/1240 1147/1147/1147
f 1286/1281/1281 1199/1198/1198 1243/1240/1240
f 1199/1198/1198 1246/1243/1243 1200/1199/1199
f 1287/1282/1282 1118/1118/1118 1079/1079/1079
f 1197/1196/1196 1076/1076/1076 1288/1283/1283
f 1195/1194/1194 1247/1244/1244 1149/1149/1149
f 1076/1076/1076 1201/1200/1200 1288/1283/1283
f 1247/1244/1244 1195/1194/1194 1289/1284/1284
f 1290/1285/1285 933/933/933 1118/1118/1118
f 1290/1285/1285 964/964/964 933/933/933
f 1247/1244/1244 1289/1284/1284 1291/1286/1286
f 1078/1078/1078 1292/1287/1287 1201/1200/1200
f 1117/1117/1117 1203/1202/1202 1293/1288/1288
f 1294/1289/1289 1202/1201/1201 1250/1247/1247
f 1155/1155/1155 1207/1206/1206 1251/1248/1248
f 1208/1207/1207 1156/1156/1156 1295/1290/1290
f 1252/1249/1249 1084/1084/1084 1209/1208/1208
f 1083/1083/1083 1084/1084/1084 1252/1249/1249
f 1209/1208/1208 1158/1158/1158 1210/1209/1209
f 1043/1043/1043 1254/1251/1251 1160/1160/1160
f 1296/1291/1291 1213/1212/1212 1124/1124/1124
f 971/971/971 1214/1213/1213 1255/1252/1252
f 1125/1125/1125 1297/1292/1292 1089/1089/1089
f 1126/1126/1126 1165/1165/1165 1128/1128/1128
f 1217/1216/1216 1130/1130/1130 1298/1293/1293
f 1298/1293/1293 1130/1130/1130 1167/1167/1167
f 1167/1167/1167 1168/1168/1168 1299/1294/1294
f 1219/1218/1218 1169/1169/1169 1009/1009/1009
f 1169/1169/1169 1221/1220/1220 1010/1010/1010
f 1256/1253/1253 1220/1219/1219 1300/1295/1295
f 1220/1219/1219 1257/1254/1254 1300/1295/1295
f 1301/1296/1296 1258/1255/1255 1092/1092/1092
f 1257/1254/1254 1222/1221/1221 1302/1297/1297
f 1224/1223/1223 1302/1297/1297 1222/1221/1221
f 1222/1221/1221 1133/1133/1133 1224/1223/1223
f 1170/1170/1170 1258/1255/1255 1223/1222/1222
f 1224/1223/1223 1094/1094/1094 1259/1256/1256
f 1303/1298/1298 1225/1224/1224 1223/1222/1222
f 1225/1224/1224 1226/1225/1225 1134/1134/1134
f 1050/1050/1050 1227/1226/1226 1259/1256/1256
f 1095/1095/1095 1226/1225/1225 1228/1227/1227
f 1171/1171/1171 1260/1257/1257 1304/1299/1299
f 1098/1098/1098 1261/1258/1258 1229/1228/1228
f 1172/1172/1172 1173/1173/1173 1099/1099/1099
f 1097/1097/1097 1305/1300/1300 1261/1258/1258
f 1173/1173/1173 1306/1301/1301 1174/1174/1174
f 1022/1022/1022 1305/1300/1300 1097/1097/1097
f 1174/1174/1174 1306/1301/1301 1262/1259/1259
f 1022/1022/1022 1137/1137/1137 1305/1300/1300
f 1135/1135/1135 1262/1259/1259 1263/1260/1260
f 1024/1024/1024 1231/1230/1230 1264/1261/1261
f 1176/1176/1176 1231/1230/1230 1025/1025/1025
f 1265/1262/1262 1266/1263/1263 1177/1177/1177
f 1307/1302/1302 1176/1176/1176 1178/1178/1178
f 1057/1057/1057 1270/1267/1267 1232/1231/1231
f 1270/1267/1267 1138/1138/1138 1308/1303/1303
f 1269/1266/1266 1233/1232/1232 1181/1181/1181
f 1268/1265/1265 1271/1268/1268 1309/1304/1304
f 1180/1180/1180 1271/1268/1268 1268/1265/1265
f 1182/1182/1182 1308/1303/1303 1138/1138/1138
f 1310/1305/1305 1275/1271/1271 1311/1306/1306
f 1059/1059/1059 1181/1181/1181 1233/1232/1232
f 1311/1306/1306 1275/1271/1271 1273/1270/1270
f 1310/1305/1305 1279/1274/1274 1275/1271/1271
f 1279/1274/1274 1276/1272/1272 1275/1271/1271
f 1278/1273/1273 1187/1187/1187 1312/1307/1307
f 1313/1308/1308 1312/1307/1307 1187/1187/1187
f 1279/1274/1274 1313/1308/1308 1187/1187/1187
f 1233/1232/1232 1314/1309/1309 1183/1183/1183
f 1277/1310/1272 1238/1311/1235 1315/1312/1310
f 1143/1143/1143 1103/1103/1103 1281/1276/1276
f 1184/1184/1184 1316/1313/1311 1280/1275/1275
f 1186/1186/1186 1316/1313/1311 1184/1184/1184
f 1183/1183/1183 1314/1309/1309 1282/1277/1277
f 1315/1312/1310 1238/1311/1235 1317/1314/1312
f 1317/1314/1312 1238/1311/1235 1236/1315/1234
f 1141/1141/1141 1282/1277/1277 1318/1316/1313
f 1141/1141/1141 1318/1316/1313 1192/1192/1192
f 1190/1190/1190 1285/1280/1280 1283/1278/1278
f 1240/1237/1237 1319/1317/1314 1285/1280/1280
f 1240/1237/1237 1242/1239/1239 1319/1317/1314
f 1320/1318/1315 1193/1193/1193 1196/1195/1195
f 1144/1144/1144 1192/1192/1192 1322/1319/1316
f 1144/1144/1144 1322/1319/1316 1244/1241/1241
f 1286/1281/1281 1246/1243/1243 1199/1198/1198
f 1197/1196/1196 1323/1320/1317 1196/1195/1195
f 1198/1197/1197 1324/1321/1318 1241/1238/1238
f 1325/1322/1319 1242/1239/1239 1241/1238/1238
f 1244/1241/1241 1322/1319/1316 1289/1284/1284
f 1246/1243/1243 1287/1282/1282 1079/1079/1079
f 1244/1241/1241 1289/1284/1284 1195/1194/1194
f 1324/1321/1318 1198/1197/1197 1245/1242/1242
f 1116/1116/1116 1249/1246/1246 1113/1113/1113
f 1245/1242/1242 1113/1113/1113 1326/1323/1320
f 1290/1285/1285 1206/1205/1205 964/964/964
f 1327/1324/1321 1206/1205/1205 1290/1285/1285
f 1326/1323/1320 1113/1113/1113 1249/1246/1246
f 1292/1287/1287 1328/1325/1322 1201/1200/1200
f 1251/1248/1248 1293/1288/1288 1203/1202/1202
f 1293/1288/1288 1205/1204/1204 1117/1117/1117
f 1292/1287/1287 1078/1078/1078 1329/1326/1323
f 1330/1327/1324 1042/1042/1042 1206/1205/1205
f 1331/1328/1325 1205/1204/1204 1293/1288/1288
f 1250/1247/1247 1332/1329/1326 1294/1289/1289
f 1207/1206/1206 1208/1207/1207 1251/1248/1248
f 1333/1330/1327 1248/1245/1245 1247/1244/1244
f 1333/1330/1327 1204/1203/1203 1248/1245/1245
f 1208/1207/1207 1334/1331/1328 1251/1248/1248
f 1250/1247/1247 1204/1203/1203 1335/1332/1329
f 1204/1203/1203 1333/1330/1327 1335/1332/1329
f 1332/1329/1326 1250/1247/1247 1335/1332/1329
f 1156/1156/1156 1252/1249/1249 1295/1290/1290
f 1157/1157/1157 1120/1120/1120 1336/1333/1330
f 1210/1209/1209 1337/1334/1331 1209/1208/1208
f 1337/1334/1331 1210/1209/1209 1338/1335/1332
f 1339/1336/1333 1210/1209/1209 1123/1123/1123
f 1123/1123/1123 1161/1161/1161 1339/1336/1333
f 1339/1336/1333 1161/1161/1161 1340/1337/1334
f 1161/1161/1161 1213/1212/1212 1340/1337/1334
f 1124/1124/1124 1162/1162/1162 1341/1338/1335
f 1342/1339/1336 1341/1338/1335 1162/1162/1162
f 1088/1088/1088 1342/1339/1336 1162/1162/1162
f 1125/1125/1125 1343/1340/1337 1297/1292/1292
f 1216/1215/1215 1343/1340/1337 1125/1125/1125
f 1218/1217/1217 1344/1341/1338 1127/1127/1127
f 1218/1217/1217 1217/1216/1216 1344/1341/1338
f 1298/1293/1293 1167/1167/1167 1345/1342/1339
f 1221/1220/1220 1301/1296/1296 1092/1092/1092
f 1258/1255/1255 1346/1343/1340 1223/1222/1222
f 1346/1343/1340 1303/1298/1298 1223/1222/1222
f 1347/1344/1341 1259/1256/1256 1227/1226/1226
f 1228/1227/1227 1226/1225/1225 1348/1345/1342
f 1171/1171/1171 1304/1299/1299 1227/1226/1226
f 1228/1227/1227 1096/1096/1096 1052/1052/1052
f 1349/1346/1343 1229/1228/1228 1261/1258/1258
f 1137/1137/1137 1264/1261/1261 1350/1347/1344
f 1263/1260/1260 1265/1262/1262 1175/1175/1175
f 1265/1262/1262 1351/1348/1345 1266/1263/1263
f 1266/1263/1263 1351/1348/1345 1352/1349/1346
f 1267/1264/1264 1266/1263/1263 1352/1349/1346
f 1307/1302/1302 1178/1178/1178 1267/1264/1264
f 1268/1265/1265 1309/1304/1304 1269/1266/1266
f 1233/1232/1232 1269/1266/1266 1353/1350/1347
f 1027/1027/1027 1354/1351/1348 1271/1268/1268
f 1354/1351/1348 1027/1027/1027 1232/1231/1231
f 1182/1182/1182 1355/1352/1349 1308/1303/1303
f 1279/1274/1274 1310/1305/1305 1313/1308/1308
f 1233/1232/1232 1356/1353/1350 1314/1309/1309
f 1280/1275/1275 1272/1269/1269 1140/1140/1140
f 1278/1273/1273 1281/1276/1276 1185/1185/1185
f 1317/1314/1312 1236/1315/1234 1357/1354/1351
f 1357/1354/1351 1358/1355/1352 1317/1314/1312
f 1359/1356/1353 1283/1278/1278 1285/1280/1280
f 1236/1315/1234 1194/1357/1193 1357/1354/1351
f 1360/1358/1354 1285/1280/1280 1319/1317/1314
f 1070/1070/1070 1239/1236/1236 1243/1240/1240
f 1361/1359/1355 1319/1317/1314 1242/1239/1239
f 1361/1359/1355 1242/1239/1239 1325/1322/1319
f 1322/1319/1316 1192/1192/1192 1362/1360/1356
f 1241/1238/1238 1324/1321/1318 1325/1322/1319
f 1286/1281/1281 1287/1282/1282 1246/1243/1243
f 1322/1319/1316 1362/1360/1356 1363/1361/1357
f 1322/1319/1316 1363/1361/1357 1289/1284/1284
f 1363/1361/1357 1364/1362/1358 1289/1284/1284
f 1365/1363/1359 1324/1321/1318 1245/1242/1242
f 1288/1283/1283 1201/1200/1200 1328/1325/1322
f 1288/1283/1283 1328/1325/1322 1366/1364/1360
f 1364/1362/1358 1291/1286/1286 1289/1284/1284
f 1078/1078/1078 1205/1204/1204 1329/1326/1323
f 1247/1244/1244 1291/1286/1286 1333/1330/1327
f 1330/1327/1324 1120/1120/1120 1042/1042/1042
f 1086/1086/1086 1157/1157/1157 1336/1333/1330
f 1336/1333/1330 1253/1250/1250 1086/1086/1086
f 1337/1334/1331 1367/1365/1361 1252/1249/1249
f 1209/1208/1208 1337/1334/1331 1252/1249/1249
f 1338/1335/1332 1210/1209/1209 1339/1336/1333
f 1368/1366/1362 1212/1211/1211 1211/1210/1210
f 1212/1211/1211 1368/1366/1362 1214/1213/1213
f 1369/1367/1363 1124/1124/1124 1341/1338/1335
f 1089/1089/1089 1370/1368/1364 1164/1164/1164
f 1370/1368/1364 1089/1089/1089 1297/1292/1292
f 1127/1127/1127 1344/1341/1338 1216/1215/1215
f 1126/1126/1126 1371/1369/1365 1165/1165/1165
f 1217/1216/1216 1298/1293/1293 1372/1370/1366
f 1372/1370/1366 1298/1293/1293 1345/1342/1339
f 1299/1294/1294 1345/1342/1339 1167/1167/1167
f 1168/1168/1168 1256/1253/1253 1299/1294/1294
f 1169/1169/1169 1373/1371/1367 1221/1220/1220
f 1256/1253/1253 1300/1295/1295 1374/1372/1368
f 1257/1254/1254 1302/1297/1297 1375/1373/1369
f 1224/1223/1223 1376/1374/1370 1302/1297/1297
f 1224/1223/1223 1259/1256/1256 1376/1374/1370
f 1227/1226/1226 1377/1375/1371 1347/1344/1341
f 1377/1375/1371 1227/1226/1226 1304/1299/1299
f 1378/1376/1372 1096/1096/1096 1228/1227/1227
f 1096/1096/1096 1379/1377/1373 1172/1172/1172
f 1380/1378/1374 1260/1257/1257 1229/1228/1228
f 1381/1379/1375 1173/1173/1173 1172/1172/1172
f 1380/1378/1374 1229/1228/1228 1349/1346/1343
f 1305/1300/1300 1349/1346/1343 1261/1258/1258
f 1137/1137/1137 1350/1347/1344 1305/1300/1300
f 1265/1262/1262 1263/1260/1260 1382/1380/1376
f 1264/1261/1261 1231/1230/1230 1383/1381/1377
f 1384/1382/1378 1351/1348/1345 1265/1262/1262
f 1231/1230/1230 1176/1176/1176 1383/1381/1377
f 1307/1302/1302 1267/1264/1264 1352/1349/1346
f 1269/1266/1266 1309/1304/1304 1385/1383/1379
f 1269/1266/1266 1385/1383/1379 1353/1350/1347
f 1271/1268/1268 1386/1384/1380 1309/1304/1304
f 1272/1269/1269 1355/1352/1349 1182/1182/1182
f 1310/1305/1305 1387/1385/1381 1313/1308/1308
f 1310/1305/1305 1311/1306/1306 1387/1385/1381
f 1315/1312/1310 1274/1386/1382 1277/1310/1272
f 1315/1312/1310 1389/1387/1383 1274/1386/1382
f 1280/1275/1275 1390/1388/1384 1272/1269/1269
f 1281/1276/1276 1391/1389/1385 1143/1143/1143
f 1315/1312/1310 1317/1314/1312 1392/1390/1386
f 1282/1277/1277 1314/1309/1309 1393/1391/1387
f 1283/1278/1278 1394/1392/1388 1186/1186/1186
f 1239/1236/1236 1065/1065/1065 1395/1393/1389
f 1395/1393/1389 1065/1065/1065 1284/1279/1279
f 1282/1277/1277 1396/1394/1390 1318/1316/1313
f 1359/1356/1353 1285/1280/1280 1360/1358/1354
f 1321/1395/1315 1357/1354/1351 1194/1357/1193
f 1321/1395/1315 1397/1396/1391 1357/1354/1351
f 1318/1316/1313 1396/1394/1390 1398/1397/1392
f 1318/1316/1313 1398/1397/1392 1192/1192/1192
f 1360/1358/1354 1319/1317/1314 1361/1359/1355
f 1196/1195/1195 1323/1320/1317 1320/1318/1315
f 1362/1360/1356 1192/1192/1192 1398/1397/1392
f 1288/1283/1283 1323/1320/1317 1197/1196/1196
f 1325/1322/1319 1324/1321/1318 1365/1363/1359
f 1290/1285/1285 1287/1282/1282 1399/1398/1393
f 1287/1282/1282 1290/1285/1285 1118/1118/1118
f 1363/1361/1357 1362/1360/1356 1400/1399/1394
f 1364/1362/1358 1363/1361/1357 1400/1399/1394
f 1401/1400/1395 1365/1363/1359 1245/1242/1242
f 1206/1205/1205 1327/1324/1321 1330/1327/1324
f 1364/1362/1358 1402/1401/1396 1291/1286/1286
f 1329/1326/1323 1403/1402/1397 1292/1287/1287
f 1328/1325/1322 1292/1287/1287 1403/1402/1397
f 1294/1289/1289 1249/1246/1246 1202/1201/1201
f 1326/1323/1320 1249/1246/1246 1404/1403/1398
f 1251/1248/1248 1334/1331/1328 1405/1404/1399
f 1405/1404/1399 1293/1288/1288 1251/1248/1248
f 1120/1120/1120 1330/1327/1324 1336/1333/1330
f 1334/1331/1328 1208/1207/1207 1295/1290/1290
f 1333/1330/1327 1291/1286/1286 1406/1405/1400
f 1407/1406/1401 1332/1329/1326 1335/1332/1329
f 1252/1249/1249 1367/1365/1361 1295/1290/1290
f 1335/1332/1329 1333/1330/1327 1408/1407/1402
f 1409/1408/1403 1254/1251/1251 1253/1250/1250
f 1339/1336/1333 1410/1409/1404 1338/1335/1332
f 1339/1336/1333 1340/1337/1334 1411/1410/1405
f 1340/1337/1334 1213/1212/1212 1296/1291/1291
f 1296/1291/1291 1124/1124/1124 1369/1367/1363
f 1088/1088/1088 1215/1214/1214 1342/1339/1336
f 1412/1411/1406 1215/1214/1214 1164/1164/1164
f 1255/1252/1252 1413/1412/1407 1163/1163/1163
f 1344/1341/1338 1372/1370/1366 1414/1413/1408
f 1217/1216/1216 1372/1370/1366 1344/1341/1338
f 1165/1165/1165 1371/1369/1365 1415/1414/1409
f 1416/1415/1410 1373/1371/1367 1169/1169/1169
f 1256/1253/1253 1374/1372/1368 1417/1416/1411
f 1300/1295/1295 1418/1417/1412 1374/1372/1368
f 1418/1417/1412 1300/1295/1295 1257/1254/1254
f 1376/1374/1370 1259/1256/1256 1347/1344/1341
f 1376/1374/1370 1347/1344/1341 1419/1418/1413
f 1303/1298/1298 1420/1419/1414 1225/1224/1224
f 1225/1224/1224 1420/1419/1414 1421/1420/1415
f 1225/1224/1224 1421/1420/1415 1226/1225/1225
f 1421/1420/1415 1348/1345/1342 1226/1225/1225
f 1348/1345/1342 1378/1376/1372 1228/1227/1227
f 1348/1345/1342 1422/1421/1416 1378/1376/1372
f 1304/1299/1299 1260/1257/1257 1423/1422/1417
f 1378/1376/1372 1379/1377/1373 1096/1096/1096
f 1382/1380/1376 1263/1260/1260 1262/1259/1259
f 1264/1261/1261 1424/1423/1418 1350/1347/1344
f 1384/1382/1378 1265/1262/1262 1382/1380/1376
f 1383/1381/1377 1424/1423/1418 1264/1261/1261
f 1176/1176/1176 1307/1302/1302 1383/1381/1377
f 1425/1424/1419 1385/1383/1379 1309/1304/1304
f 1308/1303/1303 1426/1425/1420 1270/1267/1267
f 1353/1350/1347 1427/1426/1421 1233/1232/1232
f 1311/1306/1306 1428/1427/1422 1387/1385/1381
f 1273/1270/1270 1428/1427/1422 1311/1306/1306
f 1312/1307/1307 1430/1428/1423 1431/1429/1424
f 1312/1307/1307 1432/1430/1425 1430/1428/1423
f 1313/1308/1308 1432/1430/1425 1312/1307/1307
f 1387/1385/1381 1432/1430/1425 1313/1308/1308
f 1389/1387/1383 1434/1431/1426 1274/1386/1382
f 1312/1307/1307 1431/1429/1424 1278/1273/1273
f 1278/1273/1273 1435/1432/1427 1281/1276/1276
f 1278/1273/1273 1431/1429/1424 1435/1432/1427
f 1391/1389/1385 1281/1276/1276 1435/1432/1427
f 1389/1387/1383 1315/1312/1310 1392/1390/1386
f 1391/1389/1385 1284/1279/1279 1143/1143/1143
f 1314/1309/1309 1436/1433/1428 1393/1391/1387
f 1284/1279/1279 1391/1389/1385 1437/1434/1429
f 1438/1435/1430 1392/1390/1386 1317/1314/1312
f 1438/1435/1430 1317/1314/1312 1358/1355/1352
f 1396/1394/1390 1282/1277/1277 1393/1391/1387
f 1439/1436/1431 1283/1278/1278 1359/1356/1353
f 1358/1355/1352 1357/1354/1351 1397/1396/1391
f 1441/1437/1432 1397/1396/1391 1321/1395/1315
f 1325/1322/1319 1442/1438/1433 1361/1359/1355
f 1442/1438/1433 1325/1322/1319 1443/1439/1434
f 1288/1283/1283 1444/1440/1435 1323/1320/1317
f 1365/1363/1359 1443/1439/1434 1325/1322/1319
f 1399/1398/1393 1327/1324/1321 1290/1285/1285
f 1362/1360/1356 1445/1441/1436 1400/1399/1394
f 1288/1283/1283 1366/1364/1360 1444/1440/1435
f 1365/1363/1359 1401/1400/1395 1446/1442/1437
f 1400/1399/1394 1447/1443/1438 1364/1362/1358
f 1401/1400/1395 1245/1242/1242 1326/1323/1320
f 1366/1364/1360 1328/1325/1322 1403/1402/1397
f 1336/1333/1330 1330/1327/1324 1448/1444/1439
f 1403/1402/1397 1329/1326/1323 1449/1445/1440
f 1249/1246/1246 1294/1289/1289 1450/1446/1441
f 1451/1447/1442 1249/1246/1246 1450/1446/1441
f 1405/1404/1399 1334/1331/1328 1295/1290/1290
f 1332/1329/1326 1450/1446/1441 1294/1289/1289
f 1405/1404/1399 1295/1290/1290 1452/1448/1443
f 1406/1405/1400 1291/1286/1286 1402/1401/1396
f 1450/1446/1441 1332/1329/1326 1453/1449/1444
f 1408/1407/1402 1407/1406/1401 1335/1332/1329
f 1408/1407/1402 1333/1330/1327 1406/1405/1400
f 1253/1250/1250 1336/1333/1330 1409/1408/1403
f 1454/1450/1445 1337/1334/1331 1455/1451/1446
f 1455/1451/1446 1337/1334/1331 1338/1335/1332
f 1254/1251/1251 1456/1452/1447 1160/1160/1160
f 1457/1453/1448 1211/1210/1210 1160/1160/1160
f 1458/1454/1449 1211/1210/1210 1457/1453/1448
f 1368/1366/1362 1459/1455/1450 1214/1213/1213
f 1255/1252/1252 1214/1213/1213 1459/1455/1450
f 1255/1252/1252 1459/1455/1450 1460/1456/1451
f 1341/1338/1335 1461/1457/1452 1369/1367/1363
f 1462/1458/1453 1341/1338/1335 1342/1339/1336
f 1255/1252/1252 1460/1456/1451 1413/1412/1407
f 1215/1214/1214 1412/1411/1406 1342/1339/1336
f 1164/1164/1164 1370/1368/1364 1412/1411/1406
f 1126/1126/1126 1163/1163/1163 1463/1459/1454
f 1216/1215/1215 1464/1460/1455 1343/1340/1337
f 1465/1461/1456 1216/1215/1215 1344/1341/1338
f 1344/1341/1338 1466/1462/1457 1465/1461/1456
f 1414/1413/1408 1372/1370/1366 1467/1463/1458
f 1165/1165/1165 1415/1414/1409 1166/1166/1166
f 1372/1370/1366 1345/1342/1339 1468/1464/1459
f 1345/1342/1339 1299/1294/1294 1469/1465/1460
f 1469/1465/1460 1299/1294/1294 1417/1416/1411
f 1417/1416/1411 1299/1294/1294 1256/1253/1253
f 1373/1371/1367 1301/1296/1296 1221/1220/1220
f 1258/1255/1255 1301/1296/1296 1346/1343/1340
f 1375/1373/1369 1302/1297/1297 1470/1466/1461
f 1302/1297/1297 1376/1374/1370 1470/1466/1461
f 1303/1298/1298 1346/1343/1340 1471/1467/1462
f 1260/1257/1257 1380/1378/1374 1472/1468/1463
f 1379/1377/1373 1381/1379/1375 1172/1172/1172
f 1381/1379/1375 1306/1301/1301 1173/1173/1173
f 1305/1300/1300 1473/1469/1464 1349/1346/1343
f 1306/1301/1301 1474/1470/1465 1262/1259/1259
f 1473/1469/1464 1305/1300/1300 1350/1347/1344
f 1262/1259/1259 1475/1471/1466 1382/1380/1376
f 1350/1347/1344 1424/1423/1418 1476/1472/1467
f 1382/1380/1376 1477/1473/1468 1384/1382/1378
f 1424/1423/1418 1383/1381/1377 1478/1474/1469
f 1383/1381/1377 1307/1302/1302 1479/1475/1470
f 1307/1302/1302 1352/1349/1346 1479/1475/1470
f 1270/1267/1267 1480/1476/1471 1232/1231/1231
f 1386/1384/1380 1425/1424/1419 1309/1304/1304
f 1232/1231/1231 1480/1476/1471 1354/1351/1348
f 1353/1350/1347 1481/1477/1472 1427/1426/1421
f 1272/1269/1269 1390/1388/1384 1355/1352/1349
f 1233/1232/1232 1427/1426/1421 1356/1353/1350
f 1482/1478/1473 1389/1387/1383 1392/1390/1386
f 1391/1389/1385 1435/1432/1427 1483/1479/1474
f 1356/1353/1350 1436/1433/1428 1314/1309/1309
f 1280/1275/1275 1316/1313/1311 1390/1388/1384
f 1484/1480/1475 1391/1389/1385 1483/1479/1474
f 1391/1389/1385 1484/1480/1475 1437/1434/1429
f 1316/1313/1311 1186/1186/1186 1394/1392/1388
f 1284/1279/1279 1437/1434/1429 1395/1393/1389
f 1243/1240/1240 1239/1236/1236 1485/1481/1476
f 1286/1281/1281 1243/1240/1240 1486/1482/1477
f 1360/1358/1354 1361/1359/1355 1487/1483/1478
f 1398/1397/1392 1488/1484/1479 1362/1360/1356
f 1489/1485/1480 1361/1359/1355 1442/1438/1433
f 1440/1486/1432 1320/1318/1315 1323/1320/1317
f 1362/1360/1356 1488/1484/1479 1445/1441/1436
f 1443/1439/1434 1365/1363/1359 1490/1487/1481
f 1491/1488/1482 1323/1320/1317 1444/1440/1435
f 1440/1486/1432 1323/1320/1317 1491/1488/1482
f 1490/1487/1481 1365/1363/1359 1446/1442/1437
f 1445/1441/1436 1493/1489/1483 1400/1399/1394
f 1400/1399/1394 1493/1489/1483 1447/1443/1438
f 1494/1490/1484 1366/1364/1360 1403/1402/1397
f 1336/1333/1330 1448/1444/1439 1495/1491/1485
f 1205/1204/1204 1496/1492/1486 1329/1326/1323
f 1404/1403/1398 1249/1246/1246 1451/1447/1442
f 1496/1492/1486 1205/1204/1204 1331/1328/1325
f 1497/1493/1487 1402/1401/1396 1364/1362/1358
f 1331/1328/1325 1293/1288/1288 1405/1404/1399
f 1498/1494/1488 1452/1448/1443 1295/1290/1290
f 1295/1290/1290 1367/1365/1361 1498/1494/1488
f 1407/1406/1401 1453/1449/1444 1332/1329/1326
f 1367/1365/1361 1337/1334/1331 1454/1450/1445
f 1453/1449/1444 1407/1406/1401 1499/1495/1489
f 1254/1251/1251 1409/1408/1403 1456/1452/1447
f 1160/1160/1160 1456/1452/1447 1457/1453/1448
f 1339/1336/1333 1411/1410/1405 1410/1409/1404
f 1458/1454/1449 1368/1366/1362 1211/1210/1210
f 1411/1410/1405 1340/1337/1334 1500/1496/1490
f 1340/1337/1334 1296/1291/1291 1500/1496/1490
f 1501/1497/1491 1296/1291/1291 1369/1367/1363
f 1369/1367/1363 1461/1457/1452 1502/1498/1492
f 1460/1456/1451 1459/1455/1450 1503/1499/1493
f 1461/1457/1452 1341/1338/1335 1462/1458/1453
f 1126/1126/1126 1463/1459/1454 1371/1369/1365
f 1465/1461/1456 1464/1460/1455 1216/1215/1215
f 1344/1341/1338 1414/1413/1408 1466/1462/1457
f 1414/1413/1408 1467/1463/1458 1504/1500/1494
f 1166/1166/1166 1415/1414/1409 1219/1218/1218
f 1505/1501/1495 1467/1463/1458 1372/1370/1366
f 1468/1464/1459 1505/1501/1495 1372/1370/1366
f 1469/1465/1460 1468/1464/1459 1345/1342/1339
f 1506/1502/1496 1301/1296/1296 1373/1371/1367
f 1418/1417/1412 1257/1254/1254 1375/1373/1369
f 1348/1345/1342 1421/1420/1415 1507/1503/1497
f 1348/1345/1342 1507/1503/1497 1422/1421/1416
f 1378/1376/1372 1508/1504/1498 1379/1377/1373
f 1380/1378/1374 1349/1346/1343 1509/1505/1499
f 1349/1346/1343 1510/1506/1500 1509/1505/1499
f 1349/1346/1343 1473/1469/1464 1510/1506/1500
f 1473/1469/1464 1511/1507/1501 1510/1506/1500
f 1262/1259/1259 1474/1470/1465 1512/1508/1502
f 1475/1471/1466 1262/1259/1259 1512/1508/1502
f 1475/1471/1466 1477/1473/1468 1382/1380/1376
f 1351/1348/1345 1513/1509/1503 1352/1349/1346
f 1480/1476/1471 1270/1267/1267 1426/1425/1420
f 1353/1350/1347 1514/1510/1504 1481/1477/1472
f 1429/1511/1422 1434/1431/1426 1515/1512/1505
f 1516/1513/1506 1433/1514/1425 1388/1515/1381
f 1429/1511/1422 1274/1386/1382 1434/1431/1426
f 1356/1353/1350 1427/1426/1421 1517/1516/1507
f 1430/1428/1423 1518/1517/1508 1431/1429/1424
f 1389/1387/1383 1482/1478/1473 1434/1431/1426
f 1517/1516/1507 1436/1433/1428 1356/1353/1350
f 1435/1432/1427 1431/1429/1424 1519/1518/1509
f 1482/1478/1473 1392/1390/1386 1520/1519/1510
f 1316/1313/1311 1521/1520/1511 1390/1388/1384
f 1438/1435/1430 1520/1519/1510 1392/1390/1386
f 1439/1436/1431 1394/1392/1388 1283/1278/1278
f 1239/1236/1236 1395/1393/1389 1485/1481/1476
f 1358/1355/1352 1397/1396/1391 1438/1435/1430
f 1522/1521/1512 1438/1435/1430 1397/1396/1391
f 1243/1240/1240 1485/1481/1476 1486/1482/1477
f 1359/1356/1353 1360/1358/1354 1523/1522/1513
f 1487/1483/1478 1523/1522/1513 1360/1358/1354
f 1441/1437/1432 1524/1523/1514 1397/1396/1391
f 1486/1482/1477 1287/1282/1282 1286/1281/1281
f 1524/1523/1514 1441/1437/1432 1492/1524/1482
f 1488/1484/1479 1525/1525/1515 1445/1441/1436
f 1491/1488/1482 1444/1440/1435 1526/1526/1516
f 1327/1324/1321 1448/1444/1439 1330/1327/1324
f 1444/1440/1435 1366/1364/1360 1494/1490/1484
f 1526/1526/1516 1444/1440/1435 1494/1490/1484
f 1493/1489/1483 1445/1441/1436 1525/1525/1515
f 1447/1443/1438 1493/1489/1483 1528/1527/1517
f 1449/1445/1440 1529/1528/1518 1403/1402/1397
f 1529/1528/1518 1494/1490/1484 1403/1402/1397
f 1497/1493/1487 1447/1443/1438 1528/1527/1517
f 1447/1443/1438 1497/1493/1487 1364/1362/1358
f 1329/1326/1323 1530/1529/1519 1449/1445/1440
f 1452/1448/1443 1331/1328/1325 1405/1404/1399
f 1530/1529/1519 1329/1326/1323 1496/1492/1486
f 1531/1530/1520 1402/1401/1396 1497/1493/1487
f 1451/1447/1442 1450/1446/1441 1532/1531/1521
f 1450/1446/1441 1453/1449/1444 1532/1531/1521
f 1455/1451/1446 1338/1335/1332 1533/1532/1522
f 1500/1496/1490 1296/1291/1291 1501/1497/1491
f 1462/1458/1453 1342/1339/1336 1534/1533/1523
f 1534/1533/1523 1342/1339/1336 1412/1411/1406
f 1163/1163/1163 1413/1412/1407 1463/1459/1454
f 1464/1460/1455 1297/1292/1292 1343/1340/1337
f 1535/1534/1524 1415/1414/1409 1371/1369/1365
f 1466/1462/1457 1414/1413/1408 1504/1500/1494
f 1219/1218/1218 1415/1414/1409 1536/1535/1525
f 1219/1218/1218 1416/1415/1410 1169/1169/1169
f 1537/1536/1526 1468/1464/1459 1469/1465/1460
f 1537/1536/1526 1469/1465/1460 1417/1416/1411
f 1538/1537/1527 1374/1372/1368 1418/1417/1412
f 1506/1502/1496 1539/1538/1528 1301/1296/1296
f 1301/1296/1296 1540/1539/1529 1346/1343/1340
f 1303/1298/1298 1471/1467/1462 1420/1419/1414
f 1377/1375/1371 1419/1418/1413 1347/1344/1341
f 1379/1377/1373 1508/1504/1498 1541/1540/1530
f 1379/1377/1373 1541/1540/1530 1381/1379/1375
f 1380/1378/1374 1509/1505/1499 1472/1468/1463
f 1306/1301/1301 1381/1379/1375 1542/1541/1531
f 1306/1301/1301 1542/1541/1531 1474/1470/1465
f 1511/1507/1501 1473/1469/1464 1350/1347/1344
f 1511/1507/1501 1350/1347/1344 1476/1472/1467
f 1384/1382/1378 1543/1542/1532 1351/1348/1345
f 1476/1472/1467 1424/1423/1418 1478/1474/1469
f 1383/1381/1377 1479/1475/1470 1478/1474/1469
f 1271/1268/1268 1354/1351/1348 1386/1384/1380
f 1308/1303/1303 1544/1543/1533 1426/1425/1420
f 1308/1303/1303 1545/1544/1534 1544/1543/1533
f 1385/1383/1379 1546/1545/1535 1353/1350/1347
f 1429/1511/1422 1516/1513/1506 1388/1515/1381
f 1547/1546/1536 1355/1352/1349 1390/1388/1384
f 1431/1429/1424 1518/1517/1508 1519/1518/1509
f 1520/1519/1510 1548/1547/1537 1482/1478/1473
f 1520/1519/1510 1438/1435/1430 1522/1521/1512
f 1522/1521/1512 1549/1548/1538 1520/1519/1510
f 1394/1392/1388 1439/1436/1431 1550/1549/1539
f 1397/1396/1391 1551/1550/1540 1522/1521/1512
f 1439/1436/1431 1359/1356/1353 1523/1522/1513
f 1398/1397/1392 1396/1394/1390 1552/1551/1541
f 1488/1484/1479 1398/1397/1392 1552/1551/1541
f 1524/1523/1514 1553/1552/1542 1397/1396/1391
f 1287/1282/1282 1486/1482/1477 1554/1553/1543
f 1361/1359/1355 1489/1485/1480 1487/1483/1478
f 1555/1554/1544 1489/1485/1480 1442/1438/1433
f 1287/1282/1282 1554/1553/1543 1399/1398/1393
f 1492/1524/1482 1556/1555/1545 1524/1523/1514
f 1555/1554/1544 1442/1438/1433 1443/1439/1434
f 1443/1439/1434 1490/1487/1481 1557/1556/1546
f 1446/1442/1437 1558/1557/1547 1490/1487/1481
f 1401/1400/1395 1559/1558/1548 1446/1442/1437
f 1493/1489/1483 1560/1559/1549 1528/1527/1517
f 1401/1400/1395 1326/1323/1320 1561/1560/1550
f 1559/1558/1548 1401/1400/1395 1561/1560/1550
f 1404/1403/1398 1561/1560/1550 1326/1323/1320
f 1449/1445/1440 1530/1529/1519 1529/1528/1518
f 1530/1529/1519 1496/1492/1486 1562/1561/1551
f 1451/1447/1442 1563/1562/1552 1404/1403/1398
f 1531/1530/1520 1564/1563/1553 1402/1401/1396
f 1406/1405/1400 1402/1401/1396 1564/1563/1553
f 1499/1495/1489 1532/1531/1521 1453/1449/1444
f 1565/1564/1554 1406/1405/1400 1564/1563/1553
f 1566/1565/1555 1499/1495/1489 1407/1406/1401
f 1567/1566/1556 1406/1405/1400 1565/1564/1554
f 1408/1407/1402 1406/1405/1400 1567/1566/1556
f 1407/1406/1401 1408/1407/1402 1566/1565/1555
f 1566/1565/1555 1408/1407/1402 1567/1566/1556
f 1338/1335/1332 1410/1409/1404 1533/1532/1522
f 1411/1410/1405 1500/1496/1490 1568/1567/1557
f 1568/1567/1557 1500/1496/1490 1569/1568/1558
f 1569/1568/1558 1500/1496/1490 1501/1497/1491
f 1461/1457/1452 1570/1569/1559 1502/1498/1492
f 1571/1570/1560 1412/1411/1406 1370/1368/1364
f 1571/1570/1560 1370/1368/1364 1572/1571/1561
f 1370/1368/1364 1297/1292/1292 1572/1571/1561
f 1464/1460/1455 1465/1461/1456 1573/1572/1562
f 1535/1534/1524 1371/1369/1365 1463/1459/1454
f 1574/1573/1563 1466/1462/1457 1504/1500/1494
f 1219/1218/1218 1536/1535/1525 1416/1415/1410
f 1416/1415/1410 1575/1574/1564 1373/1371/1367
f 1576/1575/1565 1537/1536/1526 1417/1416/1411
f 1575/1574/1564 1506/1502/1496 1373/1371/1367
f 1576/1575/1565 1417/1416/1411 1374/1372/1368
f 1576/1575/1565 1374/1372/1368 1538/1537/1527
f 1301/1296/1296 1539/1538/1528 1540/1539/1529
f 1538/1537/1527 1418/1417/1412 1577/1576/1566
f 1418/1417/1412 1375/1373/1369 1577/1576/1566
f 1577/1576/1566 1375/1373/1369 1470/1466/1461
f 1470/1466/1461 1376/1374/1370 1578/1577/1567
f 1376/1374/1370 1419/1418/1413 1578/1577/1567
f 1579/1578/1568 1421/1420/1415 1580/1579/1569
f 1580/1579/1569 1421/1420/1415 1420/1419/1414
f 1378/1376/1372 1422/1421/1416 1508/1504/1498
f 1423/1422/1417 1260/1257/1257 1472/1468/1463
f 1510/1506/1500 1511/1507/1501 1581/1580/1570
f 1475/1471/1466 1512/1508/1502 1582/1581/1571
f 1477/1473/1468 1543/1542/1532 1384/1382/1378
f 1513/1509/1503 1351/1348/1345 1543/1542/1532
f 1386/1384/1380 1583/1582/1572 1425/1424/1419
f 1354/1351/1348 1583/1582/1572 1386/1384/1380
f 1425/1424/1419 1546/1545/1535 1385/1383/1379
f 1355/1352/1349 1584/1583/1573 1308/1303/1303
f 1308/1303/1303 1584/1583/1573 1545/1544/1534
f 1515/1512/1505 1516/1513/1506 1429/1511/1422
f 1434/1431/1426 1585/1584/1574 1515/1512/1505
f 1355/1352/1349 1547/1546/1536 1584/1583/1573
f 1586/1585/1575 1585/1584/1574 1434/1431/1426
f 1432/1430/1425 1587/1586/1576 1430/1428/1423
f 1482/1478/1473 1586/1585/1575 1434/1431/1426
f 1519/1518/1509 1483/1479/1474 1435/1432/1427
f 1588/1587/1577 1589/1588/1578 1436/1433/1428
f 1547/1546/1536 1390/1388/1384 1521/1520/1511
f 1589/1588/1578 1393/1391/1387 1436/1433/1428
f 1316/1313/1311 1590/1589/1579 1521/1520/1511
f 1395/1393/1389 1437/1434/1429 1591/1590/1580
f 1591/1590/1580 1485/1481/1476 1395/1393/1389
f 1551/1550/1540 1549/1548/1538 1522/1521/1512
f 1396/1394/1390 1393/1391/1387 1552/1551/1541
f 1553/1552/1542 1551/1550/1540 1397/1396/1391
f 1523/1522/1513 1487/1483/1478 1592/1591/1581
f 1593/1592/1582 1489/1485/1480 1555/1554/1544
f 1593/1592/1582 1555/1554/1544 1594/1593/1583
f 1555/1554/1544 1443/1439/1434 1557/1556/1546
f 1399/1398/1393 1595/1594/1584 1327/1324/1321
f 1596/1595/1585 1556/1555/1545 1492/1524/1482
f 1527/1596/1516 1596/1595/1585 1492/1524/1482
f 1558/1557/1547 1557/1556/1546 1490/1487/1481
f 1525/1525/1515 1560/1559/1549 1493/1489/1483
f 1494/1490/1484 1597/1597/1586 1526/1526/1516
f 1559/1558/1548 1561/1560/1550 1598/1598/1587
f 1599/1599/1588 1336/1333/1330 1495/1491/1485
f 1331/1328/1325 1600/1600/1589 1496/1492/1486
f 1452/1448/1443 1600/1600/1589 1331/1328/1325
f 1601/1601/1590 1562/1561/1551 1496/1492/1486
f 1530/1529/1519 1602/1602/1591 1529/1528/1518
f 1494/1490/1484 1529/1528/1518 1597/1597/1586
f 1528/1527/1517 1603/1603/1592 1497/1493/1487
f 1561/1560/1550 1404/1403/1398 1563/1562/1552
f 1451/1447/1442 1604/1604/1593 1563/1562/1552
f 1409/1408/1403 1336/1333/1330 1599/1599/1588
f 1497/1493/1487 1603/1603/1592 1531/1530/1520
f 1498/1494/1488 1367/1365/1361 1454/1450/1445
f 1410/1409/1404 1411/1410/1405 1568/1567/1557
f 1605/1605/1594 1458/1454/1449 1457/1453/1448
f 1368/1366/1362 1458/1454/1449 1606/1606/1595
f 1459/1455/1450 1368/1366/1362 1606/1606/1595
f 1369/1367/1363 1502/1498/1492 1501/1497/1491
f 1462/1458/1453 1570/1569/1559 1461/1457/1452
f 1413/1412/1407 1460/1456/1451 1607/1607/1596
f 1413/1412/1407 1608/1608/1597 1463/1459/1454
f 1609/1609/1598 1572/1571/1561 1297/1292/1292
f 1464/1460/1455 1609/1609/1598 1297/1292/1292
f 1610/1610/1599 1535/1534/1524 1463/1459/1454
f 1465/1461/1456 1611/1611/1600 1573/1572/1562
f 1465/1461/1456 1466/1462/1457 1611/1611/1600
f 1611/1611/1600 1466/1462/1457 1574/1573/1563
f 1504/1500/1494 1467/1463/1458 1612/1612/1601
f 1415/1414/1409 1613/1613/1602 1536/1535/1525
f 1612/1612/1601 1467/1463/1458 1505/1501/1495
f 1536/1535/1525 1614/1614/1603 1416/1415/1410
f 1614/1614/1603 1575/1574/1564 1416/1415/1410
f 1577/1576/1566 1615/1615/1604 1538/1537/1527
f 1540/1539/1529 1471/1467/1462 1346/1343/1340
f 1471/1467/1462 1580/1579/1569 1420/1419/1414
f 1507/1503/1497 1421/1420/1415 1579/1578/1568
f 1419/1418/1413 1377/1375/1371 1616/1616/1605
f 1377/1375/1371 1304/1299/1299 1617/1617/1606
f 1304/1299/1299 1423/1422/1417 1617/1617/1606
f 1472/1468/1463 1509/1505/1499 1618/1618/1607
f 1581/1580/1570 1511/1507/1501 1619/1619/1608
f 1475/1471/1466 1582/1581/1571 1477/1473/1468
f 1620/1620/1609 1476/1472/1467 1478/1474/1469
f 1620/1620/1609 1478/1474/1469 1479/1475/1470
f 1479/1475/1470 1352/1349/1346 1513/1509/1503
f 1621/1621/1610 1479/1475/1470 1513/1509/1503
f 1480/1476/1471 1426/1425/1420 1544/1543/1533
f 1353/1350/1347 1546/1545/1535 1514/1510/1504
f 1425/1424/1419 1622/1622/1611 1546/1545/1535
f 1514/1510/1504 1623/1623/1612 1481/1477/1472
f 1427/1426/1421 1481/1477/1472 1624/1624/1613
f 1626/1625/1614 1433/1514/1425 1516/1513/1506
f 1588/1587/1577 1436/1433/1428 1517/1516/1507
f 1624/1624/1613 1517/1516/1507 1427/1426/1421
f 1430/1428/1423 1587/1586/1576 1518/1517/1508
f 1548/1547/1537 1586/1585/1575 1482/1478/1473
f 1548/1547/1537 1627/1626/1615 1586/1585/1575
f 1628/1627/1616 1552/1551/1541 1589/1588/1578
f 1393/1391/1387 1589/1588/1578 1552/1551/1541
f 1394/1392/1388 1590/1589/1579 1316/1313/1311
f 1520/1519/1510 1549/1548/1538 1548/1547/1537
f 1629/1628/1617 1485/1481/1476 1591/1590/1580
f 1551/1550/1540 1553/1552/1542 1630/1629/1618
f 1552/1551/1541 1631/1630/1619 1488/1484/1479
f 1487/1483/1478 1489/1485/1480 1632/1631/1620
f 1632/1631/1620 1489/1485/1480 1593/1592/1582
f 1633/1632/1621 1553/1552/1542 1524/1523/1514
f 1634/1633/1622 1525/1525/1515 1488/1484/1479
f 1555/1554/1544 1635/1634/1623 1594/1593/1583
f 1555/1554/1544 1557/1556/1546 1635/1634/1623
f 1446/1442/1437 1559/1558/1548 1558/1557/1547
f 1596/1595/1585 1527/1596/1516 1637/1635/1624
f 1597/1597/1586 1636/1636/1624 1526/1526/1516
f 1600/1600/1589 1601/1601/1590 1496/1492/1486
f 1597/1597/1586 1529/1528/1518 1602/1602/1591
f 1638/1637/1625 1600/1600/1589 1452/1448/1443
f 1601/1601/1590 1600/1600/1589 1639/1638/1626
f 1640/1639/1627 1561/1560/1550 1563/1562/1552
f 1598/1598/1587 1561/1560/1550 1640/1639/1627
f 1601/1601/1590 1639/1638/1626 1562/1561/1551
f 1498/1494/1488 1454/1450/1445 1641/1640/1628
f 1498/1494/1488 1641/1640/1628 1452/1448/1443
f 1532/1531/1521 1604/1604/1593 1451/1447/1442
f 1531/1530/1520 1603/1603/1592 1642/1641/1629
f 1564/1563/1553 1531/1530/1520 1642/1641/1629
f 1533/1532/1522 1410/1409/1404 1643/1642/1630
f 1499/1495/1489 1566/1565/1555 1644/1643/1631
f 1644/1643/1631 1566/1565/1555 1645/1644/1632
f 1645/1644/1632 1566/1565/1555 1646/1645/1633
f 1410/1409/1404 1568/1567/1557 1643/1642/1630
f 1457/1453/1448 1647/1646/1634 1605/1605/1594
f 1457/1453/1448 1456/1452/1447 1647/1646/1634
f 1605/1605/1594 1648/1647/1635 1458/1454/1449
f 1458/1454/1449 1648/1647/1635 1606/1606/1595
f 1459/1455/1450 1606/1606/1595 1503/1499/1493
f 1460/1456/1451 1503/1499/1493 1607/1607/1596
f 1412/1411/1406 1571/1570/1560 1534/1533/1523
f 1413/1412/1407 1607/1607/1596 1608/1608/1597
f 1608/1608/1597 1610/1610/1599 1463/1459/1454
f 1464/1460/1455 1573/1572/1562 1609/1609/1598
f 1535/1534/1524 1613/1613/1602 1415/1414/1409
f 1574/1573/1563 1504/1500/1494 1612/1612/1601
f 1505/1501/1495 1649/1648/1636 1612/1612/1601
f 1613/1613/1602 1650/1649/1637 1536/1535/1525
f 1505/1501/1495 1468/1464/1459 1649/1648/1636
f 1537/1536/1526 1651/1650/1638 1649/1648/1636
f 1468/1464/1459 1537/1536/1526 1649/1648/1636
f 1651/1650/1638 1537/1536/1526 1576/1575/1565
f 1651/1650/1638 1576/1575/1565 1652/1651/1639
f 1576/1575/1565 1538/1537/1527 1652/1651/1639
f 1538/1537/1527 1615/1615/1604 1652/1651/1639
f 1653/1652/1640 1652/1651/1639 1615/1615/1604
f 1577/1576/1566 1654/1653/1641 1615/1615/1604
f 1470/1466/1461 1654/1653/1641 1577/1576/1566
f 1655/1654/1642 1654/1653/1641 1470/1466/1461
f 1540/1539/1529 1656/1655/1643 1471/1467/1462
f 1657/1656/1644 1470/1466/1461 1578/1577/1567
f 1616/1616/1605 1377/1375/1371 1617/1617/1606
f 1507/1503/1497 1658/1657/1645 1422/1421/1416
f 1659/1658/1646 1541/1540/1530 1508/1504/1498
f 1542/1541/1531 1660/1659/1647 1474/1470/1465
f 1661/1660/1648 1511/1507/1501 1476/1472/1467
f 1479/1475/1470 1621/1621/1610 1620/1620/1609
f 1354/1351/1348 1662/1661/1649 1583/1582/1572
f 1480/1476/1471 1662/1661/1649 1354/1351/1348
f 1583/1582/1572 1622/1622/1611 1425/1424/1419
f 1663/1662/1650 1516/1513/1506 1515/1512/1505
f 1481/1477/1472 1623/1623/1612 1624/1624/1613
f 1585/1584/1574 1586/1585/1575 1664/1663/1651
f 1588/1587/1577 1517/1516/1507 1665/1664/1652
f 1517/1516/1507 1666/1665/1653 1665/1664/1652
f 1666/1665/1653 1517/1516/1507 1624/1624/1613
f 1519/1518/1509 1667/1666/1654 1483/1479/1474
f 1627/1626/1615 1548/1547/1537 1668/1667/1655
f 1521/1520/1511 1669/1668/1656 1547/1546/1536
f 1483/1479/1474 1670/1669/1657 1484/1480/1475
f 1549/1548/1538 1668/1667/1655 1548/1547/1537
f 1394/1392/1388 1550/1549/1539 1590/1589/1579
f 1628/1627/1616 1631/1630/1619 1552/1551/1541
f 1523/1522/1513 1550/1549/1539 1439/1436/1431
f 1487/1483/1478 1632/1631/1620 1592/1591/1581
f 1671/1670/1658 1554/1553/1543 1486/1482/1477
f 1630/1629/1618 1553/1552/1542 1633/1632/1621
f 1672/1671/1659 1399/1398/1393 1554/1553/1543
f 1633/1632/1621 1524/1523/1514 1556/1555/1545
f 1673/1672/1660 1327/1324/1321 1595/1594/1584
f 1674/1673/1661 1556/1555/1545 1596/1595/1585
f 1525/1525/1515 1675/1674/1662 1560/1559/1549
f 1676/1675/1663 1560/1559/1549 1675/1674/1662
f 1495/1491/1485 1677/1676/1664 1599/1599/1588
f 1678/1677/1665 1636/1636/1624 1597/1597/1586
f 1560/1559/1549 1676/1675/1663 1528/1527/1517
f 1597/1597/1586 1602/1602/1591 1678/1677/1665
f 1638/1637/1625 1639/1638/1626 1600/1600/1589
f 1528/1527/1517 1676/1675/1663 1680/1678/1666
f 1562/1561/1551 1639/1638/1626 1681/1679/1667
f 1641/1640/1628 1638/1637/1625 1452/1448/1443
f 1603/1603/1592 1528/1527/1517 1680/1678/1666
f 1409/1408/1403 1682/1680/1668 1456/1452/1447
f 1530/1529/1519 1562/1561/1551 1683/1681/1669
f 1602/1602/1591 1530/1529/1519 1684/1682/1670
f 1685/1683/1671 1603/1603/1592 1680/1678/1666
f 1454/1450/1445 1455/1451/1446 1686/1684/1672
f 1604/1604/1593 1640/1639/1627 1563/1562/1552
f 1455/1451/1446 1533/1532/1522 1686/1684/1672
f 1642/1641/1629 1603/1603/1592 1685/1683/1671
f 1644/1643/1631 1532/1531/1521 1499/1495/1489
f 1604/1604/1593 1532/1531/1521 1644/1643/1631
f 1456/1452/1447 1687/1685/1673 1647/1646/1634
f 1565/1564/1554 1688/1686/1674 1567/1566/1556
f 1565/1564/1554 1564/1563/1553 1688/1686/1674
f 1567/1566/1556 1646/1645/1633 1566/1565/1555
f 1644/1643/1631 1645/1644/1632 1689/1687/1675
f 1567/1566/1556 1688/1686/1674 1646/1645/1633
f 1690/1688/1676 1643/1642/1630 1568/1567/1557
f 1691/1689/1677 1568/1567/1557 1569/1568/1558
f 1606/1606/1595 1692/1690/1678 1503/1499/1493
f 1693/1691/1679 1570/1569/1559 1462/1458/1453
f 1503/1499/1493 1692/1690/1678 1607/1607/1596
f 1693/1691/1679 1462/1458/1453 1534/1533/1523
f 1572/1571/1561 1609/1609/1598 1694/1692/1680
f 1609/1609/1598 1573/1572/1562 1695/1693/1681
f 1573/1572/1562 1611/1611/1600 1695/1693/1681
f 1611/1611/1600 1574/1573/1563 1696/1694/1682
f 1696/1694/1682 1574/1573/1563 1697/1695/1683
f 1698/1696/1684 1697/1695/1683 1574/1573/1563
f 1574/1573/1563 1612/1612/1601 1698/1696/1684
f 1698/1696/1684 1612/1612/1601 1649/1648/1636
f 1699/1697/1685 1698/1696/1684 1649/1648/1636
f 1699/1697/1685 1649/1648/1636 1651/1650/1638
f 1536/1535/1525 1650/1649/1637 1614/1614/1603
f 1699/1697/1685 1651/1650/1638 1652/1651/1639
f 1699/1697/1685 1652/1651/1639 1700/1698/1686
f 1575/1574/1564 1701/1699/1687 1506/1502/1496
f 1702/1700/1688 1700/1698/1686 1652/1651/1639
f 1702/1700/1688 1652/1651/1639 1653/1652/1640
f 1657/1656/1644 1655/1654/1642 1470/1466/1461
f 1471/1467/1462 1656/1655/1643 1703/1701/1689
f 1703/1701/1689 1580/1579/1569 1471/1467/1462
f 1704/1702/1690 1579/1578/1568 1580/1579/1569
f 1419/1418/1413 1616/1616/1605 1578/1577/1567
f 1705/1703/1691 1658/1657/1645 1507/1503/1497
f 1706/1704/1692 1616/1616/1605 1617/1617/1606
f 1617/1617/1606 1707/1705/1693 1706/1704/1692
f 1422/1421/1416 1659/1658/1646 1508/1504/1498
f 1707/1705/1693 1617/1617/1606 1423/1422/1417
f 1423/1422/1417 1472/1468/1463 1707/1705/1693
f 1541/1540/1530 1659/1658/1646 1708/1706/1694
f 1381/1379/1375 1541/1540/1530 1709/1707/1695
f 1509/1505/1499 1581/1580/1570 1618/1618/1607
f 1381/1379/1375 1709/1707/1695 1542/1541/1531
f 1510/1506/1500 1581/1580/1570 1509/1505/1499
f 1512/1508/1502 1474/1470/1465 1710/1708/1696
f 1619/1619/1608 1511/1507/1501 1661/1660/1648
f 1582/1581/1571 1512/1508/1502 1711/1709/1697
f 1477/1473/1468 1582/1581/1571 1543/1542/1532
f 1620/1620/1609 1661/1660/1648 1476/1472/1467
f 1480/1476/1471 1544/1543/1533 1662/1661/1649
f 1585/1584/1574 1663/1662/1650 1515/1512/1505
f 1666/1665/1653 1624/1624/1613 1712/1710/1698
f 1664/1663/1651 1586/1585/1575 1713/1711/1699
f 1586/1585/1575 1627/1626/1615 1713/1711/1699
f 1587/1586/1576 1714/1712/1700 1518/1517/1508
f 1518/1517/1508 1667/1666/1654 1519/1518/1509
f 1714/1712/1700 1667/1666/1654 1518/1517/1508
f 1588/1587/1577 1715/1713/1701 1589/1588/1578
f 1667/1666/1654 1670/1669/1657 1483/1479/1474
f 1668/1667/1655 1716/1714/1702 1627/1626/1615
f 1589/1588/1578 1715/1713/1701 1628/1627/1616
f 1521/1520/1511 1590/1589/1579 1669/1668/1656
f 1437/1434/1429 1484/1480/1475 1717/1715/1703
f 1670/1669/1657 1717/1715/1703 1484/1480/1475
f 1550/1549/1539 1718/1716/1704 1590/1589/1579
f 1485/1481/1476 1629/1628/1617 1486/1482/1477
f 1488/1484/1479 1631/1630/1619 1634/1633/1622
f 1594/1593/1583 1635/1634/1623 1719/1717/1705
f 1556/1555/1545 1720/1718/1706 1633/1632/1621
f 1674/1673/1661 1720/1718/1706 1556/1555/1545
f 1634/1633/1622 1675/1674/1662 1525/1525/1515
f 1673/1672/1660 1495/1491/1485 1448/1444/1439
f 1327/1324/1321 1673/1672/1660 1448/1444/1439
f 1635/1634/1623 1557/1556/1546 1721/1719/1707
f 1558/1557/1547 1721/1719/1707 1557/1556/1546
f 1558/1557/1547 1559/1558/1548 1722/1720/1708
f 1723/1721/1709 1599/1599/1588 1677/1676/1664
f 1722/1720/1708 1559/1558/1548 1598/1598/1587
f 1599/1599/1588 1723/1721/1709 1409/1408/1403
f 1682/1680/1668 1409/1408/1403 1723/1721/1709
f 1724/1722/1710 1680/1678/1666 1676/1675/1663
f 1562/1561/1551 1681/1679/1667 1683/1681/1669
f 1641/1640/1628 1454/1450/1445 1686/1684/1672
f 1683/1681/1669 1684/1682/1670 1530/1529/1519
f 1682/1680/1668 1687/1685/1673 1456/1452/1447
f 1641/1640/1628 1686/1684/1672 1725/1723/1711
f 1726/1724/1712 1602/1602/1591 1684/1682/1670
f 1533/1532/1522 1643/1642/1630 1727/1725/1713
f 1564/1563/1553 1642/1641/1629 1728/1726/1714
f 1564/1563/1553 1728/1726/1714 1729/1727/1715
f 1644/1643/1631 1689/1687/1675 1730/1728/1716
f 1647/1646/1634 1731/1729/1717 1605/1605/1594
f 1645/1644/1632 1646/1645/1633 1732/1730/1718
f 1733/1731/1719 1645/1644/1632 1732/1730/1718
f 1690/1688/1676 1568/1567/1557 1691/1689/1677
f 1605/1605/1594 1731/1729/1717 1648/1647/1635
f 1691/1689/1677 1569/1568/1558 1734/1732/1720
f 1693/1691/1679 1534/1533/1523 1735/1733/1721
f 1572/1571/1561 1735/1733/1721 1571/1570/1560
f 1609/1609/1598 1695/1693/1681 1694/1692/1680
f 1610/1610/1599 1736/1734/1722 1535/1534/1524
f 1697/1695/1683 1737/1735/1723 1738/1736/1724
f 1737/1735/1723 1697/1695/1683 1698/1696/1684
f 1535/1534/1524 1736/1734/1722 1613/1613/1602
f 1736/1734/1722 1739/1737/1725 1613/1613/1602
f 1740/1738/1726 1737/1735/1723 1741/1739/1727
f 1613/1613/1602 1739/1737/1725 1650/1649/1637
f 1741/1739/1727 1698/1696/1684 1699/1697/1685
f 1742/1740/1728 1743/1741/1729 1741/1739/1727
f 1741/1739/1727 1699/1697/1685 1700/1698/1686
f 1741/1739/1727 1700/1698/1686 1742/1740/1728
f 1744/1742/1730 1701/1699/1687 1575/1574/1564
f 1745/1743/1731 1743/1741/1729 1742/1740/1728
f 1746/1744/1732 1745/1743/1731 1742/1740/1728
f 1742/1740/1728 1700/1698/1686 1746/1744/1732
f 1746/1744/1732 1700/1698/1686 1702/1700/1688
f 1746/1744/1732 1702/1700/1688 1653/1652/1640
f 1747/1745/1733 1746/1744/1732 1653/1652/1640
f 1747/1745/1733 1653/1652/1640 1748/1746/1734
f 1653/1652/1640 1615/1615/1604 1748/1746/1734
f 1748/1746/1734 1615/1615/1604 1654/1653/1641
f 1655/1654/1642 1749/1747/1735 1654/1653/1641
f 1616/1616/1605 1750/1748/1736 1578/1577/1567
f 1705/1703/1691 1507/1503/1497 1579/1578/1568
f 1422/1421/1416 1658/1657/1645 1659/1658/1646
f 1708/1706/1694 1709/1707/1695 1541/1540/1530
f 1751/1749/1737 1618/1618/1607 1581/1580/1570
f 1542/1541/1531 1709/1707/1695 1660/1659/1647
f 1474/1470/1465 1660/1659/1647 1710/1708/1696
f 1711/1709/1697 1512/1508/1502 1710/1708/1696
f 1543/1542/1532 1582/1581/1571 1752/1750/1738
f 1513/1509/1503 1753/1751/1739 1621/1621/1610
f 1544/1543/1533 1545/1544/1534 1754/1752/1740
f 1662/1661/1649 1755/1753/1741 1583/1582/1572
f 1545/1544/1534 1584/1583/1573 1756/1754/1742
f 1624/1624/1613 1623/1623/1612 1757/1755/1743
f 1514/1510/1504 1546/1545/1535 1623/1623/1612
f 1585/1584/1574 1664/1663/1651 1663/1662/1650
f 1624/1624/1613 1757/1755/1743 1712/1710/1698
f 1432/1430/1425 1625/1756/1614 1587/1586/1576
f 1665/1664/1652 1715/1713/1701 1588/1587/1577
f 1713/1711/1699 1627/1626/1615 1716/1714/1702
f 1715/1713/1701 1758/1757/1744 1628/1627/1616
f 1590/1589/1579 1759/1758/1745 1669/1668/1656
f 1437/1434/1429 1717/1715/1703 1591/1590/1580
f 1760/1759/1746 1668/1667/1655 1549/1548/1538
f 1549/1548/1538 1551/1550/1540 1761/1760/1747
f 1631/1630/1619 1628/1627/1616 1762/1761/1748
f 1523/1522/1513 1763/1762/1749 1550/1549/1539
f 1671/1670/1658 1486/1482/1477 1629/1628/1617
f 1551/1550/1540 1764/1763/1750 1761/1760/1747
f 1632/1631/1620 1765/1764/1751 1592/1591/1581
f 1630/1629/1618 1764/1763/1750 1551/1550/1540
f 1630/1629/1618 1766/1765/1752 1764/1763/1750
f 1554/1553/1543 1671/1670/1658 1672/1671/1659
f 1633/1632/1621 1766/1765/1752 1630/1629/1618
f 1593/1592/1582 1594/1593/1583 1767/1766/1753
f 1595/1594/1584 1399/1398/1393 1672/1671/1659
f 1767/1766/1753 1594/1593/1583 1719/1717/1705
f 1634/1633/1622 1768/1767/1754 1675/1674/1662
f 1769/1768/1755 1635/1634/1623 1721/1719/1707
f 1721/1719/1707 1558/1557/1547 1770/1769/1756
f 1675/1674/1662 1771/1770/1757 1676/1675/1663
f 1598/1598/1587 1640/1639/1627 1772/1771/1758
f 1598/1598/1587 1772/1771/1758 1773/1772/1759
f 1774/1773/1760 1639/1638/1626 1638/1637/1625
f 1638/1637/1625 1641/1640/1628 1725/1723/1711
f 1774/1773/1760 1638/1637/1625 1725/1723/1711
f 1681/1679/1667 1775/1774/1761 1683/1681/1669
f 1678/1677/1665 1602/1602/1591 1726/1724/1712
f 1776/1775/1762 1678/1677/1665 1726/1724/1712
f 1686/1684/1672 1533/1532/1522 1727/1725/1713
f 1604/1604/1593 1777/1776/1763 1640/1639/1627
f 1644/1643/1631 1777/1776/1763 1604/1604/1593
f 1726/1724/1712 1684/1682/1670 1778/1777/1764
f 1690/1688/1676 1727/1725/1713 1643/1642/1630
f 1685/1683/1671 1728/1726/1714 1642/1641/1629
f 1688/1686/1674 1564/1563/1553 1729/1727/1715
f 1646/1645/1633 1688/1686/1674 1779/1778/1765
f 1734/1732/1720 1569/1568/1558 1780/1779/1766
f 1569/1568/1558 1501/1497/1491 1780/1779/1766
f 1606/1606/1595 1648/1647/1635 1781/1780/1767
f 1502/1498/1492 1782/1781/1768 1501/1497/1491
f 1782/1781/1768 1502/1498/1492 1783/1782/1769
f 1783/1782/1769 1502/1498/1492 1570/1569/1559
f 1783/1782/1769 1570/1569/1559 1693/1691/1679
f 1534/1533/1523 1571/1570/1560 1735/1733/1721
f 1735/1733/1721 1572/1571/1561 1784/1783/1770
f 1607/1607/1596 1785/1784/1771 1608/1608/1597
f 1694/1692/1680 1695/1693/1681 1786/1785/1772
f 1608/1608/1597 1785/1784/1771 1610/1610/1599
f 1611/1611/1600 1696/1694/1682 1695/1693/1681
f 1696/1694/1682 1697/1695/1683 1738/1736/1724
f 1787/1786/1773 1788/1787/1774 1738/1736/1724
f 1787/1786/1773 1738/1736/1724 1737/1735/1723
f 1741/1739/1727 1737/1735/1723 1698/1696/1684
f 1789/1788/1775 1787/1786/1773 1737/1735/1723
f 1789/1788/1775 1737/1735/1723 1740/1738/1726
f 1789/1788/1775 1790/1789/1776 1791/1790/1777
f 1791/1790/1777 1790/1789/1776 1792/1791/1778
f 1789/1788/1775 1740/1738/1726 1743/1741/1729
f 1740/1738/1726 1741/1739/1727 1743/1741/1729
f 1790/1789/1776 1789/1788/1775 1743/1741/1729
f 1650/1649/1637 1744/1742/1730 1614/1614/1603
f 1790/1789/1776 1743/1741/1729 1793/1792/1779
f 1614/1614/1603 1744/1742/1730 1575/1574/1564
f 1794/1793/1780 1790/1789/1776 1793/1792/1779
f 1793/1792/1779 1795/1794/1781 1794/1793/1780
f 1793/1792/1779 1743/1741/1729 1745/1743/1731
f 1796/1795/1782 1795/1794/1781 1793/1792/1779
f 1539/1538/1528 1506/1502/1496 1701/1699/1687
f 1793/1792/1779 1745/1743/1731 1796/1795/1782
f 1797/1796/1783 1796/1795/1782 1745/1743/1731
f 1745/1743/1731 1746/1744/1732 1797/1796/1783
f 1797/1796/1783 1746/1744/1732 1747/1745/1733
f 1749/1747/1735 1798/1797/1784 1748/1746/1734
f 1654/1653/1641 1749/1747/1735 1748/1746/1734
f 1657/1656/1644 1578/1577/1567 1750/1748/1736
f 1703/1701/1689 1704/1702/1690 1580/1579/1569
f 1799/1798/1785 1616/1616/1605 1706/1704/1692
f 1707/1705/1693 1472/1468/1463 1618/1618/1607
f 1620/1620/1609 1800/1799/1786 1661/1660/1648
f 1582/1581/1571 1711/1709/1697 1752/1750/1738
f 1513/1509/1503 1543/1542/1532 1752/1750/1738
f 1513/1509/1503 1752/1750/1738 1753/1751/1739
f 1621/1621/1610 1753/1751/1739 1801/1800/1787
f 1620/1620/1609 1621/1621/1610 1801/1800/1787
f 1622/1622/1611 1583/1582/1572 1802/1801/1788
f 1545/1544/1534 1756/1754/1742 1754/1752/1740
f 1664/1663/1651 1803/1802/1789 1663/1662/1650
f 1713/1711/1699 1804/1803/1790 1664/1663/1651
f 1713/1711/1699 1805/1804/1791 1804/1803/1790
f 1715/1713/1701 1665/1664/1652 1806/1805/1792
f 1547/1546/1536 1807/1806/1793 1584/1583/1573
f 1713/1711/1699 1716/1714/1702 1805/1804/1791
f 1716/1714/1702 1758/1757/1744 1806/1805/1792
f 1758/1757/1744 1715/1713/1701 1806/1805/1792
f 1669/1668/1656 1807/1806/1793 1547/1546/1536
f 1669/1668/1656 1759/1758/1745 1807/1806/1793
f 1758/1757/1744 1716/1714/1702 1668/1667/1655
f 1718/1716/1704 1759/1758/1745 1590/1589/1579
f 1760/1759/1746 1808/1807/1794 1668/1667/1655
f 1758/1757/1744 1668/1667/1655 1808/1807/1794
f 1758/1757/1744 1808/1807/1794 1762/1761/1748
f 1758/1757/1744 1762/1761/1748 1628/1627/1616
f 1761/1760/1747 1760/1759/1746 1549/1548/1538
f 1718/1716/1704 1550/1549/1539 1809/1808/1795
f 1550/1549/1539 1763/1762/1749 1809/1808/1795
f 1762/1761/1748 1808/1807/1794 1810/1809/1796
f 1763/1762/1749 1523/1522/1513 1592/1591/1581
f 1592/1591/1581 1765/1764/1751 1811/1810/1797
f 1631/1630/1619 1762/1761/1748 1634/1633/1622
f 1767/1766/1753 1812/1811/1798 1593/1592/1582
f 1769/1768/1755 1719/1717/1705 1635/1634/1623
f 1768/1767/1754 1771/1770/1757 1675/1674/1662
f 1813/1812/1799 1721/1719/1707 1770/1769/1756
f 1674/1673/1661 1596/1595/1585 1637/1635/1624
f 1771/1770/1757 1724/1722/1710 1676/1675/1663
f 1770/1769/1756 1558/1557/1547 1722/1720/1708
f 1637/1635/1624 1679/1813/1665 1814/1814/1800
f 1814/1814/1800 1679/1813/1665 1816/1815/1801
f 1722/1720/1708 1598/1598/1587 1773/1772/1759
f 1680/1678/1666 1724/1722/1710 1817/1816/1802
f 1681/1679/1667 1639/1638/1626 1774/1773/1760
f 1678/1677/1665 1776/1775/1762 1815/1817/1801
f 1775/1774/1761 1681/1679/1667 1774/1773/1760
f 1774/1773/1760 1725/1723/1711 1818/1818/1803
f 1680/1678/1666 1819/1819/1804 1685/1683/1671
f 1725/1723/1711 1820/1820/1805 1818/1818/1803
f 1683/1681/1669 1775/1774/1761 1821/1821/1806
f 1822/1822/1807 1726/1724/1712 1778/1777/1764
f 1684/1682/1670 1683/1681/1669 1821/1821/1806
f 1778/1777/1764 1684/1682/1670 1821/1821/1806
f 1685/1683/1671 1819/1819/1804 1728/1726/1714
f 1644/1643/1631 1730/1728/1716 1777/1776/1763
f 1689/1687/1675 1645/1644/1632 1733/1731/1719
f 1731/1729/1717 1781/1780/1767 1648/1647/1635
f 1501/1497/1491 1782/1781/1768 1780/1779/1766
f 1692/1690/1678 1606/1606/1595 1781/1780/1767
f 1735/1733/1721 1823/1823/1808 1824/1824/1809
f 1607/1607/1596 1825/1825/1810 1826/1826/1811
f 1823/1823/1808 1735/1733/1721 1784/1783/1770
f 1572/1571/1561 1694/1692/1680 1784/1783/1770
f 1827/1827/1812 1696/1694/1682 1738/1736/1724
f 1828/1828/1813 1788/1787/1774 1787/1786/1773
f 1788/1787/1774 1827/1827/1812 1738/1736/1724
f 1829/1829/1814 1828/1828/1813 1791/1790/1777
f 1791/1790/1777 1828/1828/1813 1787/1786/1773
f 1791/1790/1777 1787/1786/1773 1789/1788/1775
f 1830/1830/1815 1791/1790/1777 1792/1791/1778
f 1831/1831/1816 1830/1830/1815 1792/1791/1778
f 1832/1832/1817 1831/1831/1816 1792/1791/1778
f 1832/1832/1817 1792/1791/1778 1794/1793/1780
f 1792/1791/1778 1790/1789/1776 1794/1793/1780
f 1739/1737/1725 1744/1742/1730 1650/1649/1637
f 1832/1832/1817 1794/1793/1780 1833/1833/1818
f 1833/1833/1818 1794/1793/1780 1795/1794/1781
f 1834/1834/1819 1795/1794/1781 1796/1795/1782
f 1835/1835/1820 1797/1796/1783 1747/1745/1733
f 1835/1835/1820 1747/1745/1733 1836/1836/1821
f 1747/1745/1733 1798/1797/1784 1836/1836/1821
f 1748/1746/1734 1798/1797/1784 1747/1745/1733
f 1655/1654/1642 1657/1656/1644 1837/1837/1822
f 1749/1747/1735 1655/1654/1642 1837/1837/1822
f 1657/1656/1644 1750/1748/1736 1838/1838/1823
f 1839/1839/1824 1579/1578/1568 1704/1702/1690
f 1840/1840/1825 1616/1616/1605 1799/1798/1785
f 1579/1578/1568 1839/1839/1824 1705/1703/1691
f 1841/1841/1826 1707/1705/1693 1618/1618/1607
f 1618/1618/1607 1751/1749/1737 1841/1841/1826
f 1709/1707/1695 1842/1842/1827 1843/1843/1828
f 1709/1707/1695 1843/1843/1828 1660/1659/1647
f 1661/1660/1648 1800/1799/1786 1844/1844/1829
f 1662/1661/1649 1845/1845/1830 1755/1753/1741
f 1544/1543/1533 1845/1845/1830 1662/1661/1649
f 1546/1545/1535 1846/1846/1831 1623/1623/1612
f 1663/1662/1650 1847/1847/1832 1516/1513/1506
f 1664/1663/1651 1804/1803/1790 1803/1802/1789
f 1848/1848/1833 1665/1664/1652 1666/1665/1653
f 1587/1586/1576 1625/1756/1614 1849/1849/1834
f 1806/1805/1792 1805/1804/1791 1716/1714/1702
f 1591/1590/1580 1850/1850/1835 1629/1628/1617
f 1591/1590/1580 1717/1715/1703 1850/1850/1835
f 1808/1807/1794 1851/1851/1836 1810/1809/1796
f 1811/1810/1797 1763/1762/1749 1592/1591/1581
f 1629/1628/1617 1852/1852/1837 1671/1670/1658
f 1808/1807/1794 1760/1759/1746 1851/1851/1836
f 1760/1759/1746 1761/1760/1747 1764/1763/1750
f 1764/1763/1750 1851/1851/1836 1760/1759/1746
f 1853/1853/1838 1762/1761/1748 1810/1809/1796
f 1853/1853/1838 1854/1854/1839 1762/1761/1748
f 1593/1592/1582 1812/1811/1798 1632/1631/1620
f 1632/1631/1620 1812/1811/1798 1855/1855/1840
f 1672/1671/1659 1671/1670/1658 1856/1856/1841
f 1854/1854/1839 1634/1633/1622 1762/1761/1748
f 1812/1811/1798 1767/1766/1753 1857/1857/1842
f 1672/1671/1659 1858/1858/1843 1595/1594/1584
f 1859/1859/1844 1766/1765/1752 1633/1632/1621
f 1633/1632/1621 1720/1718/1706 1859/1859/1844
f 1769/1768/1755 1860/1860/1845 1719/1717/1705
f 1813/1812/1799 1769/1768/1755 1721/1719/1707
f 1674/1673/1661 1637/1635/1624 1861/1861/1846
f 1814/1814/1800 1861/1861/1846 1637/1635/1624
f 1682/1680/1668 1723/1721/1709 1862/1862/1847
f 1814/1814/1800 1816/1815/1801 1863/1863/1848
f 1817/1816/1802 1819/1819/1804 1680/1678/1666
f 1682/1680/1668 1862/1862/1847 1687/1685/1673
f 1774/1773/1760 1818/1818/1803 1864/1864/1849
f 1686/1684/1672 1727/1725/1713 1725/1723/1711
f 1640/1639/1627 1777/1776/1763 1772/1771/1758
f 1647/1646/1634 1687/1685/1673 1865/1865/1850
f 1725/1723/1711 1727/1725/1713 1820/1820/1805
f 1775/1774/1761 1774/1773/1760 1864/1864/1849
f 1866/1866/1851 1864/1864/1849 1818/1818/1803
f 1775/1774/1761 1864/1864/1849 1867/1867/1852
f 1821/1821/1806 1775/1774/1761 1867/1867/1852
f 1868/1868/1853 1820/1820/1805 1727/1725/1713
f 1822/1822/1807 1776/1775/1762 1726/1724/1712
f 1820/1820/1805 1866/1866/1851 1818/1818/1803
f 1727/1725/1713 1690/1688/1676 1868/1868/1853
f 1778/1777/1764 1821/1821/1806 1869/1869/1854
f 1870/1870/1855 1819/1819/1804 1871/1871/1856
f 1819/1819/1804 1870/1870/1855 1728/1726/1714
f 1647/1646/1634 1872/1872/1857 1731/1729/1717
f 1873/1873/1858 1820/1820/1805 1868/1868/1853
f 1691/1689/1677 1868/1868/1853 1690/1688/1676
f 1729/1727/1715 1779/1778/1765 1688/1686/1674
f 1874/1874/1859 1868/1868/1853 1691/1689/1677
f 1734/1732/1720 1874/1874/1859 1691/1689/1677
f 1732/1730/1718 1646/1645/1633 1779/1778/1765
f 1734/1732/1720 1780/1779/1766 1874/1874/1859
f 1731/1729/1717 1872/1872/1857 1781/1780/1767
f 1875/1875/1860 1780/1779/1766 1782/1781/1768
f 1693/1691/1679 1735/1733/1721 1824/1824/1809
f 1692/1690/1678 1825/1825/1810 1607/1607/1596
f 1826/1826/1811 1785/1784/1771 1607/1607/1596
f 1784/1783/1770 1694/1692/1680 1876/1876/1861
f 1696/1694/1682 1786/1785/1772 1695/1693/1681
f 1610/1610/1599 1785/1784/1771 1877/1877/1862
f 1827/1827/1812 1788/1787/1774 1878/1878/1863
f 1829/1829/1814 1791/1790/1777 1879/1879/1864
f 1880/1880/1865 1879/1879/1864 1791/1790/1777
f 1880/1880/1865 1791/1790/1777 1830/1830/1815
f 1881/1881/1866 1880/1880/1865 1830/1830/1815
f 1736/1734/1722 1882/1882/1867 1739/1737/1725
f 1883/1883/1868 1881/1881/1866 1830/1830/1815
f 1831/1831/1816 1883/1883/1868 1830/1830/1815
f 1831/1831/1816 1832/1832/1817 1883/1883/1868
f 1883/1883/1868 1832/1832/1817 1884/1884/1869
f 1884/1884/1869 1832/1832/1817 1833/1833/1818
f 1833/1833/1818 1795/1794/1781 1834/1834/1819
f 1885/1885/1870 1833/1833/1818 1834/1834/1819
f 1796/1795/1782 1886/1886/1871 1834/1834/1819
f 1796/1795/1782 1887/1887/1872 1886/1886/1871
f 1888/1888/1873 1886/1886/1871 1887/1887/1872
f 1701/1699/1687 1889/1889/1874 1539/1538/1528
f 1796/1795/1782 1835/1835/1820 1887/1887/1872
f 1887/1887/1872 1835/1835/1820 1890/1890/1875
f 1796/1795/1782 1797/1796/1783 1835/1835/1820
f 1889/1889/1874 1540/1539/1529 1539/1538/1528
f 1889/1889/1874 1656/1655/1643 1540/1539/1529
f 1749/1747/1735 1837/1837/1822 1798/1797/1784
f 1891/1891/1876 1703/1701/1689 1656/1655/1643
f 1837/1837/1822 1657/1656/1644 1838/1838/1823
f 1616/1616/1605 1840/1840/1825 1750/1748/1736
f 1658/1657/1645 1705/1703/1691 1892/1892/1877
f 1658/1657/1645 1892/1892/1877 1659/1658/1646
f 1707/1705/1693 1841/1841/1826 1706/1704/1692
f 1709/1707/1695 1708/1706/1694 1842/1842/1827
f 1751/1749/1737 1581/1580/1570 1619/1619/1608
f 1710/1708/1696 1660/1659/1647 1843/1843/1828
f 1843/1843/1828 1893/1893/1878 1710/1708/1696
f 1619/1619/1608 1661/1660/1648 1844/1844/1829
f 1894/1894/1879 1895/1895/1880 1752/1750/1738
f 1800/1799/1786 1620/1620/1609 1896/1896/1881
f 1620/1620/1609 1801/1800/1787 1896/1896/1881
f 1753/1751/1739 1752/1750/1738 1895/1895/1880
f 1544/1543/1533 1754/1752/1740 1845/1845/1830
f 1846/1846/1831 1546/1545/1535 1622/1622/1611
f 1623/1623/1612 1897/1897/1882 1757/1755/1743
f 1846/1846/1831 1897/1897/1882 1623/1623/1612
f 1584/1583/1573 1898/1898/1883 1756/1754/1742
f 1847/1847/1832 1900/1899/1884 1516/1513/1506
f 1803/1802/1789 1804/1803/1790 1901/1900/1885
f 1804/1803/1790 1902/1901/1886 1901/1900/1885
f 1903/1902/1887 1806/1805/1792 1848/1848/1833
f 1806/1805/1792 1665/1664/1652 1848/1848/1833
f 1900/1899/1884 1626/1625/1614 1516/1513/1506
f 1805/1804/1791 1902/1901/1886 1804/1803/1790
f 1902/1901/1886 1806/1805/1792 1903/1902/1887
f 1902/1901/1886 1805/1804/1791 1806/1805/1792
f 1587/1586/1576 1849/1849/1834 1714/1712/1700
f 1904/1903/1888 1905/1904/1889 1670/1669/1657
f 1905/1904/1889 1717/1715/1703 1670/1669/1657
f 1763/1762/1749 1906/1905/1890 1809/1808/1795
f 1632/1631/1620 1855/1855/1840 1765/1764/1751
f 1764/1763/1750 1907/1906/1891 1851/1851/1836
f 1908/1907/1892 1672/1671/1659 1856/1856/1841
f 1907/1906/1891 1764/1763/1750 1766/1765/1752
f 1851/1851/1836 1907/1906/1891 1909/1908/1893
f 1810/1809/1796 1851/1851/1836 1909/1908/1893
f 1853/1853/1838 1810/1809/1796 1909/1908/1893
f 1857/1857/1842 1910/1909/1894 1812/1811/1798
f 1595/1594/1584 1858/1858/1843 1673/1672/1660
f 1857/1857/1842 1767/1766/1753 1911/1910/1895
f 1911/1910/1895 1912/1911/1896 1857/1857/1842
f 1854/1854/1839 1768/1767/1754 1634/1633/1622
f 1767/1766/1753 1719/1717/1705 1911/1910/1895
f 1719/1717/1705 1860/1860/1845 1911/1910/1895
f 1720/1718/1706 1674/1673/1661 1913/1912/1897
f 1913/1912/1897 1674/1673/1661 1861/1861/1846
f 1771/1770/1757 1914/1913/1898 1724/1722/1710
f 1817/1816/1802 1724/1722/1710 1914/1913/1898
f 1915/1914/1899 1863/1863/1848 1816/1815/1801
f 1865/1865/1850 1687/1685/1673 1862/1862/1847
f 1815/1817/1801 1776/1775/1762 1916/1915/1900
f 1917/1916/1900 1915/1914/1899 1816/1815/1801
f 1918/1917/1901 1772/1771/1758 1777/1776/1763
f 1867/1867/1852 1864/1864/1849 1866/1866/1851
f 1867/1867/1852 1869/1869/1854 1821/1821/1806
f 1916/1915/1900 1776/1775/1762 1822/1822/1807
f 1866/1866/1851 1820/1820/1805 1873/1873/1858
f 1919/1918/1902 1866/1866/1851 1873/1873/1858
f 1867/1867/1852 1866/1866/1851 1919/1918/1902
f 1869/1869/1854 1920/1919/1903 1778/1777/1764
f 1874/1874/1859 1873/1873/1858 1868/1868/1853
f 1921/1920/1904 1777/1776/1763 1730/1728/1716
f 1922/1921/1905 1867/1867/1852 1919/1918/1902
f 1728/1726/1714 1870/1870/1855 1923/1922/1906
f 1729/1727/1715 1728/1726/1714 1923/1922/1906
f 1689/1687/1675 1733/1731/1719 1924/1923/1907
f 1780/1779/1766 1925/1924/1908 1874/1874/1859
f 1779/1778/1765 1729/1727/1715 1926/1925/1909
f 1875/1875/1860 1925/1924/1908 1780/1779/1766
f 1782/1781/1768 1783/1782/1769 1875/1875/1860
f 1783/1782/1769 1927/1926/1910 1875/1875/1860
f 1693/1691/1679 1927/1926/1910 1783/1782/1769
f 1693/1691/1679 1824/1824/1809 1927/1926/1910
f 1781/1780/1767 1825/1825/1810 1692/1690/1678
f 1786/1785/1772 1876/1876/1861 1694/1692/1680
f 1786/1785/1772 1696/1694/1682 1827/1827/1812
f 1878/1878/1863 1788/1787/1774 1928/1927/1911
f 1828/1828/1813 1928/1927/1911 1788/1787/1774
f 1881/1881/1866 1929/1928/1912 1880/1880/1865
f 1884/1884/1869 1833/1833/1818 1930/1929/1913
f 1833/1833/1818 1885/1885/1870 1930/1929/1913
f 1744/1742/1730 1931/1930/1914 1701/1699/1687
f 1932/1931/1915 1885/1885/1870 1834/1834/1819
f 1886/1886/1871 1932/1931/1915 1834/1834/1819
f 1931/1930/1914 1933/1932/1916 1701/1699/1687
f 1933/1932/1916 1889/1889/1874 1701/1699/1687
f 1890/1890/1875 1888/1888/1873 1887/1887/1872
f 1835/1835/1820 1836/1836/1821 1934/1933/1917
f 1836/1836/1821 1798/1797/1784 1935/1934/1918
f 1936/1935/1919 1935/1934/1918 1798/1797/1784
f 1798/1797/1784 1837/1837/1822 1936/1935/1919
f 1937/1936/1920 1891/1891/1876 1656/1655/1643
f 1938/1937/1921 1704/1702/1690 1703/1701/1689
f 1938/1937/1921 1939/1938/1922 1704/1702/1690
f 1750/1748/1736 1840/1840/1825 1838/1838/1823
f 1704/1702/1690 1939/1938/1922 1839/1839/1824
f 1799/1798/1785 1706/1704/1692 1940/1939/1923
f 1706/1704/1692 1841/1841/1826 1940/1939/1923
f 1841/1841/1826 1751/1749/1737 1941/1940/1924
f 1708/1706/1694 1942/1941/1925 1842/1842/1827
f 1751/1749/1737 1619/1619/1608 1941/1940/1924
f 1619/1619/1608 1844/1844/1829 1941/1940/1924
f 1942/1941/1925 1893/1893/1878 1843/1843/1828
f 1893/1893/1878 1943/1942/1926 1710/1708/1696
f 1711/1709/1697 1710/1708/1696 1943/1942/1926
f 1711/1709/1697 1943/1942/1926 1894/1894/1879
f 1944/1943/1927 1800/1799/1786 1896/1896/1881
f 1752/1750/1738 1711/1709/1697 1894/1894/1879
f 1945/1944/1928 1896/1896/1881 1801/1800/1787
f 1801/1800/1787 1753/1751/1739 1946/1945/1929
f 1945/1944/1928 1801/1800/1787 1946/1945/1929
f 1847/1847/1832 1663/1662/1650 1947/1946/1930
f 1803/1802/1789 1947/1946/1930 1663/1662/1650
f 1712/1710/1698 1948/1947/1931 1666/1665/1653
f 1583/1582/1572 1949/1948/1932 1802/1801/1788
f 1902/1901/1886 1950/1949/1933 1901/1900/1885
f 1902/1901/1886 1903/1902/1887 1950/1949/1933
f 1948/1947/1931 1848/1848/1833 1666/1665/1653
f 1807/1806/1793 1898/1898/1883 1584/1583/1573
f 1807/1806/1793 1759/1758/1745 1951/1950/1934
f 1670/1669/1657 1667/1666/1654 1904/1903/1888
f 1952/1951/1935 1850/1850/1835 1717/1715/1703
f 1809/1808/1795 1906/1905/1890 1953/1952/1936
f 1763/1762/1749 1954/1953/1937 1906/1905/1890
f 1811/1810/1797 1954/1953/1937 1763/1762/1749
f 1852/1852/1837 1856/1856/1841 1671/1670/1658
f 1908/1907/1892 1858/1858/1843 1672/1671/1659
f 1907/1906/1891 1766/1765/1752 1955/1954/1938
f 1955/1954/1938 1956/1955/1939 1907/1906/1891
f 1859/1859/1844 1955/1954/1938 1766/1765/1752
f 1957/1956/1940 1768/1767/1754 1854/1854/1839
f 1958/1957/1941 1911/1910/1895 1860/1860/1845
f 1859/1859/1844 1720/1718/1706 1959/1958/1942
f 1860/1860/1845 1769/1768/1755 1960/1959/1943
f 1913/1912/1897 1959/1958/1942 1720/1718/1706
f 1771/1770/1757 1768/1767/1754 1961/1960/1944
f 1769/1768/1755 1813/1812/1799 1962/1961/1945
f 1961/1960/1944 1914/1913/1898 1771/1770/1757
f 1913/1912/1897 1861/1861/1846 1963/1962/1946
f 1861/1861/1846 1814/1814/1800 1863/1863/1848
f 1964/1963/1947 1817/1816/1802 1914/1913/1898
f 1722/1720/1708 1773/1772/1759 1770/1769/1756
f 1772/1771/1758 1965/1964/1948 1773/1772/1759
f 1819/1819/1804 1817/1816/1802 1966/1965/1949
f 1918/1917/1901 1965/1964/1948 1772/1771/1758
f 1817/1816/1802 1967/1966/1950 1966/1965/1949
f 1819/1819/1804 1966/1965/1949 1871/1871/1856
f 1647/1646/1634 1865/1865/1850 1872/1872/1857
f 1918/1917/1901 1777/1776/1763 1921/1920/1904
f 1922/1921/1905 1869/1869/1854 1867/1867/1852
f 1822/1822/1807 1778/1777/1764 1920/1919/1903
f 1873/1873/1858 1874/1874/1859 1968/1967/1951
f 1873/1873/1858 1968/1967/1951 1919/1918/1902
f 1968/1967/1951 1922/1921/1905 1919/1918/1902
f 1869/1869/1854 1922/1921/1905 1969/1968/1952
f 1970/1969/1953 1922/1921/1905 1968/1967/1951
f 1968/1967/1951 1874/1874/1859 1925/1924/1908
f 1969/1968/1952 1922/1921/1905 1970/1969/1953
f 1920/1919/1903 1869/1869/1854 1969/1968/1952
f 1923/1922/1906 1870/1870/1855 1971/1970/1954
f 1732/1730/1718 1924/1923/1907 1733/1731/1719
f 1730/1728/1716 1689/1687/1675 1924/1923/1907
f 1926/1925/1909 1729/1727/1715 1923/1922/1906
f 1972/1971/1955 1732/1730/1718 1779/1778/1765
f 1973/1972/1956 1968/1967/1951 1925/1924/1908
f 1925/1924/1908 1875/1875/1860 1973/1972/1956
f 1973/1972/1956 1875/1875/1860 1974/1973/1957
f 1875/1875/1860 1927/1926/1910 1974/1973/1957
f 1824/1824/1809 1975/1974/1958 1927/1926/1910
f 1784/1783/1770 1976/1975/1959 1823/1823/1808
f 1976/1975/1959 1784/1783/1770 1876/1876/1861
f 1826/1826/1811 1877/1877/1862 1785/1784/1771
f 1977/1976/1960 1827/1827/1812 1878/1878/1863
f 1978/1977/1961 1928/1927/1911 1829/1829/1814
f 1829/1829/1814 1928/1927/1911 1828/1828/1813
f 1610/1610/1599 1877/1877/1862 1736/1734/1722
f 1829/1829/1814 1979/1978/1962 1978/1977/1961
f 1879/1879/1864 1979/1978/1962 1829/1829/1814
f 1881/1881/1866 1883/1883/1868 1980/1979/1963
f 1981/1980/1964 1980/1979/1963 1883/1883/1868
f 1883/1883/1868 1884/1884/1869 1981/1980/1964
f 1982/1981/1965 1981/1980/1964 1884/1884/1869
f 1884/1884/1869 1930/1929/1913 1982/1981/1965
f 1930/1929/1913 1983/1982/1966 1982/1981/1965
f 1984/1983/1967 1744/1742/1730 1739/1737/1725
f 1983/1982/1966 1930/1929/1913 1885/1885/1870
f 1932/1931/1915 1983/1982/1966 1885/1885/1870
f 1985/1984/1968 1932/1931/1915 1886/1886/1871
f 1890/1890/1875 1986/1985/1969 1888/1888/1873
f 1889/1889/1874 1937/1936/1920 1656/1655/1643
f 1836/1836/1821 1935/1934/1918 1934/1933/1917
f 1799/1798/1785 1987/1986/1970 1840/1840/1825
f 1799/1798/1785 1940/1939/1923 1987/1986/1970
f 1659/1658/1646 1892/1892/1877 1988/1987/1971
f 1659/1658/1646 1988/1987/1971 1708/1706/1694
f 1841/1841/1826 1941/1940/1924 1989/1988/1972
f 1708/1706/1694 1988/1987/1971 1942/1941/1925
f 1942/1941/1925 1843/1843/1828 1842/1842/1827
f 1990/1989/1973 1844/1844/1829 1800/1799/1786
f 1991/1990/1974 1990/1989/1973 1944/1943/1927
f 1800/1799/1786 1944/1943/1927 1990/1989/1973
f 1894/1894/1879 1992/1991/1975 1895/1895/1880
f 1946/1945/1929 1753/1751/1739 1895/1895/1880
f 1754/1752/1740 1993/1992/1976 1845/1845/1830
f 1712/1710/1698 1897/1897/1882 1994/1993/1977
f 1757/1755/1743 1897/1897/1882 1712/1710/1698
f 1622/1622/1611 1802/1801/1788 1846/1846/1831
f 1803/1802/1789 1901/1900/1885 1947/1946/1930
f 1901/1900/1885 1950/1949/1933 1947/1946/1930
f 1848/1848/1833 1948/1947/1931 1903/1902/1887
f 1712/1710/1698 1994/1993/1977 1948/1947/1931
f 1755/1753/1741 1949/1948/1932 1583/1582/1572
f 1899/1994/1884 1849/1849/1834 1625/1756/1614
f 1714/1712/1700 1849/1849/1834 1995/1995/1978
f 1807/1806/1793 1951/1950/1934 1898/1898/1883
f 1905/1904/1889 1952/1951/1935 1717/1715/1703
f 1759/1758/1745 1718/1716/1704 1996/1996/1979
f 1952/1951/1935 1997/1997/1980 1850/1850/1835
f 1809/1808/1795 1953/1952/1936 1998/1998/1981
f 1852/1852/1837 1629/1628/1617 1850/1850/1835
f 1765/1764/1751 1999/1999/1982 1811/1810/1797
f 1765/1764/1751 2000/2000/1983 1999/1999/1982
f 1855/1855/1840 2000/2000/1983 1765/1764/1751
f 1812/1811/1798 1910/1909/1894 1855/1855/1840
f 2001/2001/1984 1853/1853/1838 1909/1908/1893
f 1854/1854/1839 1853/1853/1838 1957/1956/1940
f 2002/2002/1985 1495/1491/1485 1673/1672/1660
f 2002/2002/1985 1677/1676/1664 1495/1491/1485
f 1958/1957/1941 1912/1911/1896 1911/1910/1895
f 1860/1860/1845 1960/1959/1943 1958/1957/1941
f 1677/1676/1664 2003/2003/1986 1723/1721/1709
f 1957/1956/1940 1961/1960/1944 1768/1767/1754
f 1813/1812/1799 1770/1769/1756 2004/2004/1987
f 1863/1863/1848 1963/1962/1946 1861/1861/1846
f 1963/1962/1946 1863/1863/1848 2005/2005/1988
f 1863/1863/1848 1915/1914/1899 2006/2006/1989
f 2007/2007/1990 1921/1920/1904 1730/1728/1716
f 1870/1870/1855 1871/1871/1856 1971/1970/1954
f 1969/1968/1952 2008/2008/1991 1920/1919/1903
f 1970/1969/1953 1968/1967/1951 1973/1972/1956
f 2009/2009/1992 1970/1969/1953 1973/1972/1956
f 1969/1968/1952 1970/1969/1953 2009/2009/1992
f 1822/1822/1807 1920/1919/1903 2010/2010/1993
f 1920/1919/1903 2008/2008/1991 2011/2011/1994
f 1926/1925/1909 1923/1922/1906 2012/2012/1995
f 1969/1968/1952 2009/2009/1992 2008/2008/1991
f 1923/1922/1906 1971/1970/1954 2012/2012/1995
f 1972/1971/1955 1779/1778/1765 2013/2013/1996
f 2011/2011/1994 2008/2008/1991 2014/2014/1997
f 1926/1925/1909 2012/2012/1995 2015/2015/1998
f 1973/1972/1956 1974/1973/1957 2009/2009/1992
f 2014/2014/1997 2008/2008/1991 2009/2009/1992
f 2016/2016/1999 2011/2011/1994 2014/2014/1997
f 2014/2014/1997 2017/2017/2000 2016/2016/1999
f 1974/1973/1957 2014/2014/1997 2009/2009/1992
f 2017/2017/2000 2014/2014/1997 1974/1973/1957
f 1975/1974/1958 2017/2017/2000 1974/1973/1957
f 2016/2016/1999 2017/2017/2000 1975/1974/1958
f 1975/1974/1958 1974/1973/1957 1927/1926/1910
f 2018/2018/2001 1975/1974/1958 1824/1824/1809
f 1786/1785/1772 2019/2019/2002 1876/1876/1861
f 2019/2019/2002 1786/1785/1772 1827/1827/1812
f 1928/1927/1911 1977/1976/1960 1878/1878/1863
f 1879/1879/1864 1880/1880/1865 2020/2020/2003
f 1880/1880/1865 1929/1928/1912 2020/2020/2003
f 1877/1877/1862 1882/1882/1867 1736/1734/1722
f 1881/1881/1866 2021/2021/2004 1929/1928/1912
f 1881/1881/1866 1980/1979/1963 2021/2021/2004
f 2022/2022/2005 1982/1981/1965 1983/1982/1966
f 2023/2023/2006 1983/1982/1966 1932/1931/1915
f 2024/2024/2007 1983/1982/1966 2023/2023/2006
f 1985/1984/1968 2023/2023/2006 1932/1931/1915
f 1985/1984/1968 1886/1886/1871 1888/1888/1873
f 1835/1835/1820 1934/1933/1917 1890/1890/1875
f 2025/2025/2008 1934/1933/1917 1935/1934/1918
f 1837/1837/1822 2026/2026/2009 1936/1935/1919
f 1891/1891/1876 1938/1937/1921 1703/1701/1689
f 1838/1838/1823 1840/1840/1825 2027/2027/2010
f 1939/1938/1922 2028/2028/2011 1839/1839/1824
f 1705/1703/1691 2028/2028/2011 1892/1892/1877
f 1705/1703/1691 1839/1839/1824 2028/2028/2011
f 1940/1939/1923 1841/1841/1826 2029/2029/2012
f 1892/1892/1877 2030/2030/2013 1988/1987/1971
f 2031/2031/2014 1942/1941/1925 1988/1987/1971
f 1844/1844/1829 1990/1989/1973 1941/1940/1924
f 1992/1991/1975 1894/1894/1879 1943/1942/1926
f 1944/1943/1927 1896/1896/1881 1991/1990/1974
f 2032/2032/2015 1946/1945/1929 1895/1895/1880
f 2033/2033/2016 1945/1944/1928 1946/1945/1929
f 1991/1990/1974 1896/1896/1881 1945/1944/1928
f 1802/1801/1788 2034/2034/2017 1846/1846/1831
f 1756/1754/1742 1993/1992/1976 1754/1752/1740
f 1898/1898/1883 1993/1992/1976 1756/1754/1742
f 1947/1946/1930 2035/2035/2018 1847/1847/1832
f 1755/1753/1741 2036/2036/2019 1949/1948/1932
f 2035/2035/2018 1900/1899/1884 1847/1847/1832
f 1951/1950/1934 2037/2037/2020 1898/1898/1883
f 1714/1712/1700 1995/1995/1978 1667/1666/1654
f 1996/1996/1979 1951/1950/1934 1759/1758/1745
f 1809/1808/1795 1998/1998/1981 1996/1996/1979
f 1809/1808/1795 1996/1996/1979 1718/1716/1704
f 1906/1905/1890 1954/1953/1937 1953/1952/1936
f 1852/1852/1837 2038/2038/2021 1856/1856/1841
f 1811/1810/1797 2039/2039/2022 1954/1953/1937
f 2000/2000/1983 1855/1855/1840 2040/2040/2023
f 2041/2041/2024 1858/1858/1843 1908/1907/1892
f 1855/1855/1840 1910/1909/1894 2040/2040/2023
f 1858/1858/1843 2041/2041/2024 2042/2042/2025
f 1857/1857/1842 2043/2043/2026 1910/1909/1894
f 2043/2043/2026 1857/1857/1842 1912/1911/1896
f 1858/1858/1843 2042/2042/2025 1673/1672/1660
f 2042/2042/2025 2002/2002/1985 1673/1672/1660
f 1907/1906/1891 1956/1955/1939 2044/2044/2027
f 1909/1908/1893 1907/1906/1891 2044/2044/2027
f 1853/1853/1838 2001/2001/1984 1957/1956/1940
f 2044/2044/2027 2001/2001/1984 1909/1908/1893
f 1957/1956/1940 2001/2001/1984 2045/2045/2028
f 1959/1958/1942 1955/1954/1938 1859/1859/1844
f 1957/1956/1940 2045/2045/2028 1961/1960/1944
f 1960/1959/1943 1769/1768/1755 2046/2046/2029
f 1959/1958/1942 1913/1912/1897 1963/1962/1946
f 1769/1768/1755 1962/1961/1945 2047/2047/2030
f 2045/2045/2028 1914/1913/1898 1961/1960/1944
f 1723/1721/1709 2048/2048/2031 1862/1862/1847
f 1914/1913/1898 2049/2049/2032 1964/1963/1947
f 1770/1769/1756 1773/1772/1759 2004/2004/1987
f 1862/1862/1847 2050/2050/2033 1865/1865/1850
f 2005/2005/1988 1863/1863/1848 2006/2006/1989
f 1967/1966/1950 1817/1816/1802 1964/1963/1947
f 2006/2006/1989 1915/1914/1899 2051/2051/2034
f 1865/1865/1850 2052/2052/2035 1872/1872/1857
f 1915/1914/1899 1917/1916/1900 2051/2051/2034
f 2052/2052/2035 2053/2053/2036 1872/1872/1857
f 1966/1965/1949 1967/1966/1950 2054/2054/2037
f 1918/1917/1901 1921/1920/1904 2055/2055/2038
f 1871/1871/1856 1966/1965/1949 2056/2056/2039
f 1924/1923/1907 2007/2007/1990 1730/1728/1716
f 1822/1822/1807 2010/2010/1993 1916/1915/1900
f 2056/2056/2039 1971/1970/1954 1871/1871/1856
f 1732/1730/1718 1972/1971/1955 1924/1923/1907
f 1920/1919/1903 2057/2057/2040 2010/2010/1993
f 2058/2058/2041 2012/2012/1995 1971/1970/1954
f 1781/1780/1767 1872/1872/1857 2059/2059/2042
f 2011/2011/1994 2057/2057/2040 1920/1919/1903
f 2013/2013/1996 1779/1778/1765 1926/1925/1909
f 2059/2059/2042 1825/1825/1810 1781/1780/1767
f 1975/1974/1958 2060/2060/2043 2016/2016/1999
f 2018/2018/2001 2060/2060/2043 1975/1974/1958
f 1823/1823/1808 2018/2018/2001 1824/1824/1809
f 1825/1825/1810 2061/2061/2044 1826/1826/1811
f 1976/1975/1959 1876/1876/1861 2062/2062/2045
f 1826/1826/1811 2061/2061/2044 1877/1877/1862
f 1977/1976/1960 2019/2019/2002 1827/1827/1812
f 1977/1976/1960 1928/1927/1911 2063/2063/2046
f 2064/2064/2047 1928/1927/1911 1978/1977/1961
f 1879/1879/1864 2065/2065/2048 1979/1978/1962
f 1879/1879/1864 2020/2020/2003 2065/2065/2048
f 1929/1928/1912 2021/2021/2004 2066/2066/2049
f 2067/2067/2050 1980/1979/1963 1981/1980/1964
f 2067/2067/2050 1981/1980/1964 2068/2068/2051
f 2069/2069/2052 1981/1980/1964 1982/1981/1965
f 2069/2069/2052 1982/1981/1965 2022/2022/2005
f 1890/1890/1875 1934/1933/1917 2070/2070/2053
f 1935/1934/1918 2071/2071/2054 2025/2025/2008
f 1838/1838/1823 2026/2026/2009 1837/1837/1822
f 1838/1838/1823 2027/2027/2010 2026/2026/2009
f 1892/1892/1877 2028/2028/2011 2030/2030/2013
f 2029/2029/2012 1841/1841/1826 1989/1988/1972
f 1989/1988/1972 1941/1940/1924 2072/2072/2055
f 1941/1940/1924 1990/1989/1973 2072/2072/2055
f 1942/1941/1925 2031/2031/2014 2073/2073/2056
f 1893/1893/1878 1942/1941/1925 2073/2073/2056
f 2073/2073/2056 1943/1942/1926 1893/1893/1878
f 2074/2074/2057 1990/1989/1973 1991/1990/1974
f 2075/2075/2058 1992/1991/1975 1943/1942/1926
f 1991/1990/1974 1945/1944/1928 2033/2033/2016
f 2033/2033/2016 1946/1945/1929 2032/2032/2015
f 1845/1845/1830 2036/2036/2019 1755/1753/1741
f 1993/1992/1976 2076/2076/2059 1845/1845/1830
f 1947/1946/1930 2077/2077/2060 2035/2035/2018
f 1950/1949/1933 2077/2077/2060 1947/1946/1930
f 1903/1902/1887 2077/2077/2060 1950/1949/1933
f 1903/1902/1887 1948/1947/1931 2077/2077/2060
f 2034/2034/2017 1897/1897/1882 1846/1846/1831
f 1898/1898/1883 2078/2078/2061 1993/1992/1976
f 1802/1801/1788 2079/2079/2062 2034/2034/2017
f 1667/1666/1654 1995/1995/1978 1904/1903/1888
f 2080/2080/2063 1905/1904/1889 1904/1903/1888
f 1905/1904/1889 2080/2080/2063 1952/1951/1935
f 1997/1997/1980 2081/2081/2064 1850/1850/1835
f 2081/2081/2064 1852/1852/1837 1850/1850/1835
f 2081/2081/2064 2038/2038/2021 1852/1852/1837
f 1954/1953/1937 2039/2039/2022 1953/1952/1936
f 2082/2082/2065 1856/1856/1841 2038/2038/2021
f 2039/2039/2022 1811/1810/1797 1999/1999/1982
f 1908/1907/1892 2082/2082/2065 2083/2083/2066
f 2082/2082/2065 1908/1907/1892 1856/1856/1841
f 2000/2000/1983 2084/2084/2067 1999/1999/1982
f 1908/1907/1892 2083/2083/2066 2041/2041/2024
f 2000/2000/1983 2040/2040/2023 2084/2084/2067
f 2085/2085/2068 2042/2042/2025 2041/2041/2024
f 1910/1909/1894 2043/2043/2026 2086/2086/2069
f 2042/2042/2025 2087/2087/2070 2002/2002/1985
f 2044/2044/2027 2088/2088/2071 2001/2001/1984
f 2043/2043/2026 1912/1911/1896 2089/2089/2072
f 2044/2044/2027 1956/1955/1939 2088/2088/2071
f 1958/1957/1941 2089/2089/2072 1912/1911/1896
f 2090/2090/2073 1956/1955/1939 1955/1954/1938
f 1955/1954/1938 1959/1958/1942 2090/2090/2073
f 2091/2091/2074 1958/1957/1941 1960/1959/1943
f 1769/1768/1755 2047/2047/2030 2046/2046/2029
f 1723/1721/1709 2003/2003/1986 2048/2048/2031
f 1963/1962/1946 2090/2090/2073 1959/1958/1942
f 2092/2092/2075 2090/2090/2073 1963/1962/1946
f 2004/2004/1987 1962/1961/1945 1813/1812/1799
f 2048/2048/2031 2093/2093/2076 1862/1862/1847
f 2092/2092/2075 1963/1962/1946 2005/2005/1988
f 1773/1772/1759 2094/2094/2077 2004/2004/1987
f 2095/2095/2078 2094/2094/2077 1773/1772/1759
f 1865/1865/1850 2050/2050/2033 2052/2052/2035
f 2096/2096/2079 2005/2005/1988 2006/2006/1989
f 1965/1964/1948 2095/2095/2078 1773/1772/1759
f 2097/2097/2080 2096/2096/2079 2006/2006/1989
f 2051/2051/2034 2097/2097/2080 2006/2006/1989
f 2098/2098/2081 1965/1964/1948 1918/1917/1901
f 2051/2051/2034 1917/1916/1900 2099/2099/2082
f 2100/2100/2083 1918/1917/1901 2055/2055/2038
f 1966/1965/1949 2054/2054/2037 2056/2056/2039
f 2053/2053/2036 2101/2101/2084 1872/1872/1857
f 2010/2010/1993 2102/2102/2085 1916/1915/1900
f 1924/1923/1907 2104/2103/2086 2007/2007/1990
f 1971/1970/1954 2056/2056/2039 2105/2104/2087
f 1971/1970/1954 2105/2104/2087 2058/2058/2041
f 1926/1925/1909 2015/2015/1998 2013/2013/1996
f 2058/2058/2041 2106/2105/2088 2012/2012/1995
f 2015/2015/1998 2012/2012/1995 2106/2105/2088
f 2107/2106/2089 2057/2057/2040 2011/2011/1994
f 2011/2011/1994 2016/2016/1999 2107/2106/2089
f 2107/2106/2089 2016/2016/1999 2060/2060/2043
f 1825/1825/1810 2108/2107/2090 2061/2061/2044
f 2018/2018/2001 1823/1823/1808 2109/2108/2091
f 1823/1823/1808 1976/1975/1959 2109/2108/2091
f 2019/2019/2002 2062/2062/2045 1876/1876/1861
f 2063/2063/2046 2019/2019/2002 1977/1976/1960
f 2061/2061/2044 2110/2109/2092 1877/1877/1862
f 2063/2063/2046 1928/1927/1911 2111/2110/2093
f 2064/2064/2047 2111/2110/2093 1928/1927/1911
f 2112/2111/2094 1978/1977/1961 1979/1978/1962
f 1979/1978/1962 2065/2065/2048 2112/2111/2094
f 2066/2066/2049 2021/2021/2004 2113/2112/2095
f 2113/2112/2095 2021/2021/2004 2114/2113/2096
f 1929/1928/1912 2066/2066/2049 2020/2020/2003
f 1980/1979/1963 2114/2113/2096 2021/2021/2004
f 1980/1979/1963 2067/2067/2050 2114/2113/2096
f 2114/2113/2096 2067/2067/2050 2115/2114/2097
f 1981/1980/1964 2069/2069/2052 2068/2068/2051
f 1882/1882/1867 1984/1983/1967 1739/1737/1725
f 2116/2115/2098 2069/2069/2052 2022/2022/2005
f 1983/1982/1966 2024/2024/2007 2117/2116/2099
f 1984/1983/1967 1931/1930/1914 1744/1742/1730
f 2024/2024/2007 2023/2023/2006 2118/2117/2100
f 2023/2023/2006 2119/2118/2101 2118/2117/2100
f 2023/2023/2006 1985/1984/1968 2119/2118/2101
f 2120/2119/2102 1985/1984/1968 1888/1888/1873
f 2120/2119/2102 1888/1888/1873 1986/1985/1969
f 1890/1890/1875 2121/2120/2103 1986/1985/1969
f 1890/1890/1875 2070/2070/2053 2121/2120/2103
f 2070/2070/2053 1934/1933/1917 2025/2025/2008
f 1937/1936/1920 2122/2121/2104 1891/1891/1876
f 2071/2071/2054 1935/1934/1918 1936/1935/1919
f 1938/1937/1921 2123/2122/2105 1939/1938/1922
f 2030/2030/2013 2124/2123/2106 1988/1987/1971
f 2073/2073/2056 2125/2124/2107 2075/2075/2058
f 1990/1989/1973 2074/2074/2057 2126/2125/2108
f 1943/1942/1926 2073/2073/2056 2075/2075/2058
f 1992/1991/1975 2075/2075/2058 2127/2126/2109
f 2032/2032/2015 1992/1991/1975 2127/2126/2109
f 1895/1895/1880 1992/1991/1975 2032/2032/2015
f 2036/2036/2019 1845/1845/1830 2076/2076/2059
f 1948/1947/1931 1994/1993/1977 2077/2077/2060
f 1897/1897/1882 2128/2127/2110 1994/1993/1977
f 1897/1897/1882 2034/2034/2017 2128/2127/2110
f 1949/1948/1932 2079/2079/2062 1802/1801/1788
f 2037/2037/2020 2078/2078/2061 1898/1898/1883
f 1899/1994/1884 2129/2128/2111 1849/1849/1834
f 2035/2035/2018 2130/2129/2111 1900/1899/1884
f 1849/1849/1834 2131/2130/2112 1995/1995/1978
f 2080/2080/2063 1904/1903/1888 1995/1995/1978
f 2080/2080/2063 2132/2131/2113 1952/1951/1935
f 2039/2039/2022 2133/2132/2114 1953/1952/1936
f 1910/1909/1894 2086/2086/2069 2040/2040/2023
f 1958/1957/1941 2134/2133/2115 2089/2089/2072
f 1956/1955/1939 2090/2090/2073 2135/2134/2116
f 2001/2001/1984 2088/2088/2071 2136/2135/2117
f 2001/2001/1984 2136/2135/2117 2045/2045/2028
f 1958/1957/1941 2091/2091/2074 2134/2133/2115
f 2091/2091/2074 1960/1959/1943 2046/2046/2029
f 2137/2136/2118 2091/2091/2074 2046/2046/2029
f 1914/1913/1898 2045/2045/2028 2138/2137/2119
f 2138/2137/2119 2049/2049/2032 1914/1913/1898
f 2047/2047/2030 1962/1961/1945 2139/2138/2120
f 2140/2139/2121 1962/1961/1945 2004/2004/1987
f 1862/1862/1847 2093/2093/2076 2050/2050/2033
f 2094/2094/2077 2140/2139/2121 2004/2004/1987
f 2096/2096/2079 2092/2092/2075 2005/2005/1988
f 2094/2094/2077 2095/2095/2078 2141/2140/2122
f 1967/1966/1950 1964/1963/1947 2142/2141/2123
f 1965/1964/1948 2098/2098/2081 2095/2095/2078
f 2143/2142/2124 1967/1966/1950 2142/2141/2123
f 2097/2097/2080 2051/2051/2034 2144/2143/2125
f 2100/2100/2083 2098/2098/2081 1918/1917/1901
f 1967/1966/1950 2143/2142/2124 2054/2054/2037
f 2055/2055/2038 1921/1920/1904 2007/2007/1990
f 2099/2099/2082 1917/1916/1900 2103/2144/2085
f 1872/1872/1857 2145/2145/2126 2059/2059/2042
f 2105/2104/2087 2146/2146/2127 2058/2058/2041
f 2104/2103/2086 1924/1923/1907 1972/1971/1955
f 2147/2147/2128 1972/1971/1955 2013/2013/1996
f 2057/2057/2040 2102/2102/2085 2010/2010/1993
f 2147/2147/2128 2013/2013/1996 2015/2015/1998
f 2107/2106/2089 2148/2148/2129 2057/2057/2040
f 2148/2148/2129 2107/2106/2089 2149/2149/2130
f 2059/2059/2042 2108/2107/2090 1825/1825/1810
f 2149/2149/2130 2107/2106/2089 2060/2060/2043
f 2060/2060/2043 2018/2018/2001 2109/2108/2091
f 2062/2062/2045 2109/2108/2091 1976/1975/1959
f 2062/2062/2045 2019/2019/2002 2063/2063/2046
f 2064/2064/2047 1978/1977/1961 2150/2150/2131
f 1978/1977/1961 2112/2111/2094 2150/2150/2131
f 2112/2111/2094 2065/2065/2048 2151/2151/2132
f 2152/2152/2133 2115/2114/2097 2068/2068/2051
f 2068/2068/2051 2115/2114/2097 2067/2067/2050
f 2152/2152/2133 2068/2068/2051 2069/2069/2052
f 2116/2115/2098 2152/2152/2133 2069/2069/2052
f 2117/2116/2099 2022/2022/2005 1983/1982/1966
f 1984/1983/1967 2153/2153/2134 1931/1930/1914
f 1931/1930/1914 2153/2153/2134 1933/1932/1916
f 1985/1984/1968 2120/2119/2102 2154/2154/2135
f 1985/1984/1968 2154/2154/2135 2119/2118/2101
f 2070/2070/2053 2155/2155/2136 2156/2156/2137
f 2025/2025/2008 2071/2071/2054 2157/2157/2138
f 1936/1935/1919 2158/2158/2139 2071/2071/2054
f 2159/2159/2140 2158/2158/2139 1936/1935/1919
f 2159/2159/2140 1936/1935/1919 2026/2026/2009
f 2026/2026/2009 2160/2160/2141 2159/2159/2140
f 2027/2027/2010 2160/2160/2141 2026/2026/2009
f 1840/1840/1825 1987/1986/1970 2027/2027/2010
f 2028/2028/2011 2161/2161/2142 2030/2030/2013
f 1940/1939/1923 2029/2029/2012 2162/2162/2143
f 2124/2123/2106 2031/2031/2014 1988/1987/1971
f 2163/2163/2144 2073/2073/2056 2031/2031/2014
f 2073/2073/2056 2163/2163/2144 2164/2164/2145
f 2164/2164/2145 2125/2124/2107 2073/2073/2056
f 2072/2072/2055 1990/1989/1973 2126/2125/2108
f 2032/2032/2015 2165/2165/2146 2033/2033/2016
f 1991/1990/1974 2033/2033/2016 2166/2166/2147
f 2074/2074/2057 1991/1990/1974 2166/2166/2147
f 2077/2077/2060 1994/1993/1977 2167/2167/2148
f 2167/2167/2148 1994/1993/1977 2128/2127/2110
f 2077/2077/2060 2168/2168/2149 2035/2035/2018
f 2167/2167/2148 2168/2168/2149 2077/2077/2060
f 2079/2079/2062 2169/2169/2150 2034/2034/2017
f 2037/2037/2020 2170/2170/2151 2078/2078/2061
f 1849/1849/1834 2129/2128/2111 2131/2130/2112
f 2132/2131/2113 1997/1997/1980 1952/1951/1935
f 1996/1996/1979 2171/2171/2152 1951/1950/1934
f 1996/1996/1979 1998/1998/1981 2171/2171/2152
f 2133/2132/2114 1998/1998/1981 1953/1952/1936
f 2081/2081/2064 2172/2172/2153 2038/2038/2021
f 2173/2173/2154 2083/2083/2066 2082/2082/2065
f 2084/2084/2067 2174/2174/2155 1999/1999/1982
f 2041/2041/2024 2083/2083/2066 2175/2175/2156
f 2040/2040/2023 2176/2176/2157 2084/2084/2067
f 2087/2087/2070 2042/2042/2025 2085/2085/2068
f 2177/2177/2158 2086/2086/2069 2043/2043/2026
f 2177/2177/2158 2043/2043/2026 2089/2089/2072
f 2088/2088/2071 1956/1955/1939 2135/2134/2116
f 2136/2135/2117 2138/2137/2119 2045/2045/2028
f 2090/2090/2073 2178/2178/2159 2135/2134/2116
f 2090/2090/2073 2092/2092/2075 2178/2178/2159
f 2179/2179/2160 2049/2049/2032 2138/2137/2119
f 2180/2180/2161 2046/2046/2029 2047/2047/2030
f 2048/2048/2031 2181/2181/2162 2093/2093/2076
f 2049/2049/2032 2179/2179/2160 2142/2141/2123
f 2049/2049/2032 2142/2141/2123 1964/1963/1947
f 2096/2096/2079 2182/2182/2163 2092/2092/2075
f 2097/2097/2080 2183/2183/2164 2096/2096/2079
f 2095/2095/2078 2098/2098/2081 2184/2184/2165
f 2185/2185/2166 2097/2097/2080 2144/2143/2125
f 2097/2097/2080 2185/2185/2166 2183/2183/2164
f 2051/2051/2034 2099/2099/2082 2186/2186/2167
f 2144/2143/2125 2051/2051/2034 2186/2186/2167
f 2056/2056/2039 2054/2054/2037 2105/2104/2087
f 1872/1872/1857 2101/2101/2084 2145/2145/2126
f 2186/2186/2167 2099/2099/2082 2187/2187/2168
f 2187/2187/2168 2099/2099/2082 2103/2144/2085
f 2058/2058/2041 2146/2146/2127 2106/2105/2088
f 2188/2188/2169 2189/2189/2170 2015/2015/1998
f 2147/2147/2128 2015/2015/1998 2189/2189/2170
f 2015/2015/1998 2106/2105/2088 2188/2188/2169
f 2148/2148/2129 2102/2102/2085 2057/2057/2040
f 2109/2108/2091 2149/2149/2130 2060/2060/2043
f 2190/2190/2171 2149/2149/2130 2109/2108/2091
f 2062/2062/2045 2190/2190/2171 2109/2108/2091
f 2191/2191/2172 2190/2190/2171 2062/2062/2045
f 2063/2063/2046 2191/2191/2172 2062/2062/2045
f 2192/2192/2173 2191/2191/2172 2063/2063/2046
f 2193/2193/2174 2192/2192/2173 2111/2110/2093
f 2111/2110/2093 2192/2192/2173 2063/2063/2046
f 2111/2110/2093 2064/2064/2047 2194/2194/2175
f 2195/2195/2176 2113/2112/2095 2114/2113/2096
f 2066/2066/2049 2113/2112/2095 2196/2196/2177
f 2197/2197/2178 2114/2113/2096 2115/2114/2097
f 2066/2066/2049 2196/2196/2177 2020/2020/2003
f 2152/2152/2133 2197/2197/2178 2115/2114/2097
f 2198/2198/2179 2197/2197/2178 2152/2152/2133
f 2116/2115/2098 2198/2198/2179 2152/2152/2133
f 2199/2199/2180 2200/2200/2181 2116/2115/2098
f 2022/2022/2005 2199/2199/2180 2116/2115/2098
f 1882/1882/1867 2201/2201/2182 1984/1983/1967
f 2201/2201/2182 2202/2202/2183 1984/1983/1967
f 2203/2203/2184 2117/2116/2099 2024/2024/2007
f 1984/1983/1967 2202/2202/2183 2153/2153/2134
f 2204/2204/2185 2119/2118/2101 2154/2154/2135
f 2120/2119/2102 1986/1985/1969 2121/2120/2103
f 2120/2119/2102 2121/2120/2103 2205/2205/2186
f 2070/2070/2053 2156/2156/2137 2206/2206/2187
f 2070/2070/2053 2206/2206/2187 2121/2120/2103
f 2025/2025/2008 2155/2155/2136 2070/2070/2053
f 2157/2157/2138 2155/2155/2136 2025/2025/2008
f 1937/1936/1920 2207/2207/2188 2122/2121/2104
f 2071/2071/2054 2158/2158/2139 2157/2157/2138
f 2208/2208/2189 1938/1937/1921 1891/1891/1876
f 2160/2160/2141 2027/2027/2010 1987/1986/1970
f 1987/1986/1970 2162/2162/2143 2209/2209/2190
f 1987/1986/1970 1940/1939/1923 2162/2162/2143
f 2031/2031/2014 2210/2210/2191 2163/2163/2144
f 1989/1988/1972 2072/2072/2055 2211/2211/2192
f 2126/2125/2108 2211/2211/2192 2072/2072/2055
f 2125/2124/2107 2212/2212/2193 2075/2075/2058
f 2212/2212/2193 2127/2126/2109 2075/2075/2058
f 2165/2165/2146 2032/2032/2015 2127/2126/2109
f 2166/2166/2147 2033/2033/2016 2165/2165/2146
f 1993/1992/1976 2078/2078/2061 2213/2213/2194
f 2169/2169/2150 2128/2127/2110 2034/2034/2017
f 2036/2036/2019 2214/2214/2195 1949/1948/1932
f 2130/2129/2111 2035/2035/2018 2215/2215/2196
f 2080/2080/2063 1995/1995/1978 2131/2130/2112
f 2080/2080/2063 2131/2130/2112 2216/2216/2197
f 2216/2216/2197 2132/2131/2113 2080/2080/2063
f 2037/2037/2020 1951/1950/1934 2170/2170/2151
f 2170/2170/2151 1951/1950/1934 2217/2217/2198
f 1951/1950/1934 2171/2171/2152 2217/2217/2198
f 2218/2218/2199 2081/2081/2064 1997/1997/1980
f 1998/1998/1981 2133/2132/2114 2171/2171/2152
f 2218/2218/2199 2172/2172/2153 2081/2081/2064
f 2038/2038/2021 2172/2172/2153 2082/2082/2065
f 2039/2039/2022 2174/2174/2155 2133/2132/2114
f 1999/1999/1982 2174/2174/2155 2039/2039/2022
f 2175/2175/2156 2085/2085/2068 2041/2041/2024
f 2176/2176/2157 2174/2174/2155 2084/2084/2067
f 2040/2040/2023 2086/2086/2069 2176/2176/2157
f 2219/2219/2200 2086/2086/2069 2177/2177/2158
f 2089/2089/2072 2134/2133/2115 2220/2220/2201
f 2221/2221/2202 2220/2220/2201 2134/2133/2115
f 2091/2091/2074 2221/2221/2202 2134/2133/2115
f 2135/2134/2116 2222/2222/2203 2088/2088/2071
f 2222/2222/2203 2135/2134/2116 2178/2178/2159
f 2181/2181/2162 2048/2048/2031 2003/2003/1986
f 2136/2135/2117 2088/2088/2071 2222/2222/2203
f 2046/2046/2029 2180/2180/2161 2137/2136/2118
f 2138/2137/2119 2136/2135/2117 2222/2222/2203
f 2138/2137/2119 2222/2222/2203 2179/2179/2160
f 2180/2180/2161 2047/2047/2030 2223/2223/2204
f 2092/2092/2075 2224/2224/2205 2178/2178/2159
f 2182/2182/2163 2224/2224/2205 2092/2092/2075
f 2225/2225/2206 2142/2141/2123 2179/2179/2160
f 2223/2223/2204 2047/2047/2030 2139/2138/2120
f 2140/2139/2121 2139/2138/2120 1962/1961/1945
f 2140/2139/2121 2226/2226/2207 2139/2138/2120
f 2093/2093/2076 2227/2227/2208 2050/2050/2033
f 2228/2228/2209 2140/2139/2121 2094/2094/2077
f 2141/2140/2122 2228/2228/2209 2094/2094/2077
f 2050/2050/2033 2227/2227/2208 2052/2052/2035
f 2096/2096/2079 2183/2183/2164 2182/2182/2163
f 2229/2229/2210 2182/2182/2163 2183/2183/2164
f 2142/2141/2123 2230/2230/2211 2143/2142/2124
f 2095/2095/2078 2184/2184/2165 2231/2231/2212
f 2095/2095/2078 2231/2231/2212 2141/2140/2122
f 2231/2231/2212 2228/2228/2209 2141/2140/2122
f 2053/2053/2036 2052/2052/2035 2232/2232/2213
f 2143/2142/2124 2230/2230/2211 2233/2233/2214
f 2143/2142/2124 2233/2233/2214 2054/2054/2037
f 2234/2234/2215 2184/2184/2165 2098/2098/2081
f 2054/2054/2037 2233/2233/2214 2235/2235/2216
f 2186/2186/2167 2185/2185/2166 2144/2143/2125
f 2054/2054/2037 2235/2235/2216 2105/2104/2087
f 2100/2100/2083 2055/2055/2038 2236/2236/2217
f 2105/2104/2087 2235/2235/2216 2237/2237/2218
f 2105/2104/2087 2237/2237/2218 2146/2146/2127
f 2186/2186/2167 2187/2187/2168 2238/2238/2219
f 1972/1971/1955 2239/2239/2220 2104/2103/2086
f 2239/2239/2220 1972/1971/1955 2147/2147/2128
f 2240/2240/2221 2106/2105/2088 2146/2146/2127
f 2241/2241/2222 2147/2147/2128 2189/2189/2170
f 2145/2145/2126 2108/2107/2090 2059/2059/2042
f 2187/2187/2168 2103/2144/2085 2243/2242/2223
f 2238/2238/2219 2187/2187/2168 2243/2242/2223
f 2102/2102/2085 2148/2148/2129 2244/2243/2224
f 2149/2149/2130 2190/2190/2171 2148/2148/2129
f 2148/2148/2129 2190/2190/2171 2245/2244/2225
f 2244/2243/2224 2148/2148/2129 2245/2244/2225
f 2191/2191/2172 2192/2192/2173 2246/2245/2226
f 2245/2244/2225 2190/2190/2171 2191/2191/2172
f 2191/2191/2172 2246/2245/2226 2245/2244/2225
f 2193/2193/2174 2247/2246/2227 2192/2192/2173
f 2248/2247/2228 2110/2109/2092 2061/2061/2044
f 2194/2194/2175 2193/2193/2174 2111/2110/2093
f 2064/2064/2047 2150/2150/2131 2249/2248/2229
f 2150/2150/2131 2112/2111/2094 2249/2248/2229
f 2195/2195/2176 2114/2113/2096 2250/2249/2230
f 2113/2112/2095 2195/2195/2176 2196/2196/2177
f 2114/2113/2096 2197/2197/2178 2250/2249/2230
f 2020/2020/2003 2251/2250/2231 2065/2065/2048
f 2251/2250/2231 2020/2020/2003 2196/2196/2177
f 1877/1877/1862 2252/2251/2232 1882/1882/1867
f 2116/2115/2098 2253/2252/2233 2198/2198/2179
f 2116/2115/2098 2200/2200/2181 2253/2252/2233
f 2117/2116/2099 2199/2199/2180 2022/2022/2005
f 2117/2116/2099 2203/2203/2184 2254/2253/2234
f 2202/2202/2183 2255/2254/2235 2153/2153/2134
f 2024/2024/2007 2118/2117/2100 2203/2203/2184
f 2153/2153/2134 2256/2255/2236 1933/1932/1916
f 2119/2118/2101 2204/2204/2185 2118/2117/2100
f 1933/1932/1916 2256/2255/2236 1889/1889/1874
f 2257/2256/2237 2121/2120/2103 2206/2206/2187
f 1889/1889/1874 2258/2257/2238 1937/1936/1920
f 2122/2121/2104 2208/2208/2189 1891/1891/1876
f 2160/2160/2141 1987/1986/1970 2209/2209/2190
f 2028/2028/2011 1939/1938/1922 2259/2258/2239
f 2259/2258/2239 2161/2161/2142 2028/2028/2011
f 2030/2030/2013 2161/2161/2142 2124/2123/2106
f 1989/1988/1972 2162/2162/2143 2029/2029/2012
f 2031/2031/2014 2124/2123/2106 2210/2210/2191
f 2211/2211/2192 2126/2125/2108 2260/2259/2240
f 2074/2074/2057 2261/2260/2241 2126/2125/2108
f 2261/2260/2241 2260/2259/2240 2126/2125/2108
f 2212/2212/2193 2125/2124/2107 2262/2261/2242
f 2074/2074/2057 2166/2166/2147 2263/2262/2243
f 1993/1992/1976 2213/2213/2194 2264/2263/2244
f 2167/2167/2148 2128/2127/2110 2265/2264/2245
f 2167/2167/2148 2265/2264/2245 2168/2168/2149
f 2169/2169/2150 2266/2265/2246 2128/2127/2110
f 2079/2079/2062 2267/2266/2247 2169/2169/2150
f 1949/1948/1932 2267/2266/2247 2079/2079/2062
f 2268/2267/2248 2218/2218/2199 1997/1997/1980
f 2268/2267/2248 1997/1997/1980 2132/2131/2113
f 2172/2172/2153 2173/2173/2154 2082/2082/2065
f 2083/2083/2066 2269/2268/2249 2270/2269/2250
f 2271/2270/2251 2219/2219/2200 2177/2177/2158
f 2087/2087/2070 2272/2271/2252 2002/2002/1985
f 2002/2002/1985 2003/2003/1986 1677/1676/1664
f 2221/2221/2202 2091/2091/2074 2137/2136/2118
f 2221/2221/2202 2137/2136/2118 2273/2272/2253
f 2093/2093/2076 2181/2181/2162 2274/2273/2254
f 2178/2178/2159 2224/2224/2205 2222/2222/2203
f 2222/2222/2203 2224/2224/2205 2179/2179/2160
f 2275/2274/2255 2180/2180/2161 2223/2223/2204
f 2276/2275/2256 2224/2224/2205 2182/2182/2163
f 2179/2179/2160 2224/2224/2205 2225/2225/2206
f 2224/2224/2205 2276/2275/2256 2225/2225/2206
f 2093/2093/2076 2277/2276/2257 2227/2227/2208
f 2182/2182/2163 2229/2229/2210 2276/2275/2256
f 2142/2141/2123 2225/2225/2206 2230/2230/2211
f 2230/2230/2211 2225/2225/2206 2276/2275/2256
f 2230/2230/2211 2276/2275/2256 2278/2277/2258
f 2233/2233/2214 2230/2230/2211 2278/2277/2258
f 2052/2052/2035 2227/2227/2208 2232/2232/2213
f 2276/2275/2256 2229/2229/2210 2279/2278/2259
f 2276/2275/2256 2279/2278/2259 2278/2277/2258
f 2279/2278/2259 2229/2229/2210 2183/2183/2164
f 2100/2100/2083 2234/2234/2215 2098/2098/2081
f 2278/2277/2258 2279/2278/2259 2280/2279/2260
f 2053/2053/2036 2232/2232/2213 2101/2101/2084
f 2280/2279/2260 2183/2183/2164 2185/2185/2166
f 2280/2279/2260 2279/2278/2259 2183/2183/2164
f 2278/2277/2258 2280/2279/2260 2233/2233/2214
f 2281/2280/2261 2234/2234/2215 2100/2100/2083
f 2282/2281/2262 2280/2279/2260 2185/2185/2166
f 2235/2235/2216 2233/2233/2214 2283/2282/2263
f 2284/2283/2264 2185/2185/2166 2186/2186/2167
f 2055/2055/2038 2007/2007/1990 2236/2236/2217
f 2238/2238/2219 2284/2283/2264 2186/2186/2167
f 2236/2236/2217 2007/2007/1990 2285/2284/2265
f 2104/2103/2086 2239/2239/2220 2286/2285/2266
f 2007/2007/1990 2104/2103/2086 2285/2284/2265
f 2146/2146/2127 2287/2286/2267 2240/2240/2221
f 2239/2239/2220 2147/2147/2128 2241/2241/2222
f 2238/2238/2219 2288/2287/2268 2289/2288/2269
f 2284/2283/2264 2238/2238/2219 2289/2288/2269
f 2106/2105/2088 2290/2289/2270 2188/2188/2169
f 2242/2290/2271 2288/2287/2268 2238/2238/2219
f 2289/2288/2269 2288/2287/2268 2291/2291/2272
f 2244/2243/2224 2242/2290/2271 2102/2102/2085
f 2291/2291/2272 2288/2287/2268 2242/2290/2271
f 2242/2290/2271 2244/2243/2224 2246/2245/2226
f 2246/2245/2226 2244/2243/2224 2245/2244/2225
f 2291/2291/2272 2242/2290/2271 2246/2245/2226
f 2248/2247/2228 2061/2061/2044 2108/2107/2090
f 2192/2192/2173 2291/2291/2272 2246/2245/2226
f 2192/2192/2173 2247/2246/2227 2291/2291/2272
f 2194/2194/2175 2292/2292/2273 2193/2193/2174
f 2194/2194/2175 2064/2064/2047 2293/2293/2274
f 2112/2111/2094 2294/2294/2275 2249/2248/2229
f 2294/2294/2275 2112/2111/2094 2151/2151/2132
f 2295/2295/2276 2195/2195/2176 2250/2249/2230
f 2065/2065/2048 2296/2296/2277 2151/2151/2132
f 2196/2196/2177 2297/2297/2278 2251/2250/2231
f 2065/2065/2048 2251/2250/2231 2296/2296/2277
f 2197/2197/2178 2198/2198/2179 2298/2298/2279
f 2252/2251/2232 2201/2201/2182 1882/1882/1867
f 2199/2199/2180 2299/2299/2280 2200/2200/2181
f 2199/2199/2180 2117/2116/2099 2299/2299/2280
f 2118/2117/2100 2300/2300/2281 2203/2203/2184
f 2300/2300/2281 2118/2117/2100 2204/2204/2185
f 2301/2301/2282 2154/2154/2135 2120/2119/2102
f 2120/2119/2102 2205/2205/2186 2301/2301/2282
f 2121/2120/2103 2257/2256/2237 2205/2205/2186
f 2207/2207/2188 1937/1936/1920 2258/2257/2238
f 2302/2302/2283 2303/2303/2284 2155/2155/2136
f 2304/2304/2285 2157/2157/2138 2158/2158/2139
f 2305/2305/2286 2159/2159/2140 2160/2160/2141
f 2208/2208/2189 2123/2122/2105 1938/1937/1921
f 2305/2305/2286 2160/2160/2141 2209/2209/2190
f 1939/1938/1922 2123/2122/2105 2259/2258/2239
f 2161/2161/2142 2306/2306/2287 2124/2123/2106
f 2162/2162/2143 1989/1988/1972 2307/2307/2288
f 2124/2123/2106 2306/2306/2287 2210/2210/2191
f 2307/2307/2288 1989/1988/1972 2211/2211/2192
f 2163/2163/2144 2210/2210/2191 2308/2308/2289
f 2164/2164/2145 2163/2163/2144 2262/2261/2242
f 2125/2124/2107 2164/2164/2145 2262/2261/2242
f 2261/2260/2241 2074/2074/2057 2263/2262/2243
f 2309/2309/2290 2310/2310/2291 2127/2126/2109
f 2127/2126/2109 2310/2310/2291 2165/2165/2146
f 2311/2311/2292 2263/2262/2243 2166/2166/2147
f 2166/2166/2147 2165/2165/2146 2311/2311/2292
f 2264/2263/2244 2076/2076/2059 1993/1992/1976
f 2035/2035/2018 2168/2168/2149 2215/2215/2196
f 2215/2215/2196 2168/2168/2149 2312/2312/2293
f 2168/2168/2149 2265/2264/2245 2312/2312/2293
f 2313/2313/2294 2130/2129/2111 2215/2215/2196
f 2128/2127/2110 2266/2265/2246 2265/2264/2245
f 2078/2078/2061 2170/2170/2151 2213/2213/2194
f 2129/2128/2111 2314/2314/2295 2131/2130/2112
f 2129/2128/2111 2315/2315/2296 2314/2314/2295
f 2317/2316/2297 2216/2216/2197 2131/2130/2112
f 2217/2217/2198 2171/2171/2152 2318/2317/2298
f 2171/2171/2152 2133/2132/2114 2319/2318/2299
f 2318/2317/2298 2171/2171/2152 2319/2318/2299
f 2320/2319/2300 2172/2172/2153 2218/2218/2199
f 2174/2174/2155 2321/2320/2301 2133/2132/2114
f 2175/2175/2156 2083/2083/2066 2270/2269/2250
f 2086/2086/2069 2219/2219/2200 2176/2176/2157
f 2085/2085/2068 2322/2321/2302 2087/2087/2070
f 2220/2220/2201 2177/2177/2158 2089/2089/2072
f 2003/2003/1986 2002/2002/1985 2323/2322/2303
f 2221/2221/2202 2324/2323/2304 2220/2220/2201
f 2324/2323/2304 2221/2221/2202 2325/2324/2305
f 2003/2003/1986 2323/2322/2303 2181/2181/2162
f 2273/2272/2253 2137/2136/2118 2326/2325/2306
f 2137/2136/2118 2180/2180/2161 2326/2325/2306
f 2277/2276/2257 2093/2093/2076 2274/2273/2254
f 2275/2274/2255 2326/2325/2306 2180/2180/2161
f 2139/2138/2120 2327/2326/2307 2223/2223/2204
f 2275/2274/2255 2223/2223/2204 2327/2326/2307
f 2328/2327/2308 2140/2139/2121 2228/2228/2209
f 2231/2231/2212 2328/2327/2308 2228/2228/2209
f 2328/2327/2308 2231/2231/2212 2329/2328/2309
f 2277/2276/2257 2232/2232/2213 2227/2227/2208
f 2277/2276/2257 2330/2329/2310 2232/2232/2213
f 2231/2231/2212 2184/2184/2165 2329/2328/2309
f 2184/2184/2165 2234/2234/2215 2331/2330/2311
f 2101/2101/2084 2232/2232/2213 2332/2331/2312
f 2280/2279/2260 2283/2282/2263 2233/2233/2214
f 2236/2236/2217 2281/2280/2261 2100/2100/2083
f 2280/2279/2260 2282/2281/2262 2283/2282/2263
f 2332/2331/2312 2333/2332/2313 2101/2101/2084
f 2235/2235/2216 2283/2282/2263 2334/2333/2314
f 2237/2237/2218 2235/2235/2216 2334/2333/2314
f 2335/2334/2315 2283/2282/2263 2282/2281/2262
f 2334/2333/2314 2283/2282/2263 2335/2334/2315
f 2282/2281/2262 2185/2185/2166 2284/2283/2264
f 2284/2283/2264 2336/2335/2316 2282/2281/2262
f 2335/2334/2315 2282/2281/2262 2336/2335/2316
f 2337/2336/2317 2236/2236/2217 2285/2284/2265
f 2285/2284/2265 2104/2103/2086 2286/2285/2266
f 2145/2145/2126 2333/2332/2313 2248/2247/2228
f 2108/2107/2090 2145/2145/2126 2248/2247/2228
f 2338/2337/2318 2284/2283/2264 2289/2288/2269
f 2240/2240/2221 2339/2338/2319 2106/2105/2088
f 2106/2105/2088 2339/2338/2319 2290/2289/2270
f 2289/2288/2269 2291/2291/2272 2247/2246/2227
f 2340/2339/2320 2338/2337/2318 2289/2288/2269
f 2340/2339/2320 2289/2288/2269 2247/2246/2227
f 2340/2339/2320 2247/2246/2227 2292/2292/2273
f 2247/2246/2227 2193/2193/2174 2292/2292/2273
f 2194/2194/2175 2341/2340/2321 2292/2292/2273
f 2064/2064/2047 2249/2248/2229 2293/2293/2274
f 1877/1877/1862 2110/2109/2092 2252/2251/2232
f 2151/2151/2132 2342/2341/2322 2294/2294/2275
f 2195/2195/2176 2297/2297/2278 2196/2196/2177
f 2297/2297/2278 2195/2195/2176 2295/2295/2276
f 2298/2298/2279 2250/2249/2230 2197/2197/2178
f 2198/2198/2179 2343/2342/2323 2298/2298/2279
f 2343/2342/2323 2198/2198/2179 2253/2252/2233
f 2253/2252/2233 2200/2200/2181 2344/2343/2324
f 2299/2299/2280 2117/2116/2099 2254/2253/2234
f 2254/2253/2234 2203/2203/2184 2345/2344/2325
f 2255/2254/2235 2256/2255/2236 2153/2153/2134
f 2203/2203/2184 2300/2300/2281 2345/2344/2325
f 2256/2255/2236 2258/2257/2238 1889/1889/1874
f 2156/2156/2137 2346/2345/2326 2206/2206/2187
f 2303/2303/2284 2156/2156/2137 2155/2155/2136
f 2157/2157/2138 2302/2302/2283 2155/2155/2136
f 2157/2157/2138 2304/2304/2285 2302/2302/2283
f 2158/2158/2139 2347/2346/2327 2304/2304/2285
f 2158/2158/2139 2159/2159/2140 2347/2346/2327
f 2208/2208/2189 2348/2347/2328 2123/2122/2105
f 2348/2347/2328 2259/2258/2239 2123/2122/2105
f 2209/2209/2190 2162/2162/2143 2349/2348/2329
f 2161/2161/2142 2350/2349/2330 2306/2306/2287
f 2349/2348/2329 2162/2162/2143 2307/2307/2288
f 2163/2163/2144 2308/2308/2289 2262/2261/2242
f 2212/2212/2193 2309/2309/2290 2127/2126/2109
f 2351/2350/2331 2214/2214/2195 2036/2036/2019
f 2076/2076/2059 2351/2350/2331 2036/2036/2019
f 2214/2214/2195 2351/2350/2331 2352/2351/2332
f 2076/2076/2059 2264/2263/2244 2353/2352/2333
f 2267/2266/2247 2354/2353/2334 2169/2169/2150
f 2316/2354/2296 2130/2129/2111 2313/2313/2294
f 2314/2314/2295 2317/2316/2297 2131/2130/2112
f 2132/2131/2113 2355/2355/2335 2268/2267/2248
f 2216/2216/2197 2355/2355/2335 2132/2131/2113
f 2133/2132/2114 2321/2320/2301 2319/2318/2299
f 2083/2083/2066 2173/2173/2154 2269/2268/2249
f 2175/2175/2156 2356/2356/2336 2085/2085/2068
f 2322/2321/2302 2272/2271/2252 2087/2087/2070
f 2219/2219/2200 2271/2270/2251 2357/2357/2337
f 2358/2358/2338 2177/2177/2158 2220/2220/2201
f 2272/2271/2252 2323/2322/2303 2002/2002/1985
f 2273/2272/2253 2325/2324/2305 2221/2221/2202
f 2139/2138/2120 2226/2226/2207 2359/2359/2339
f 2275/2274/2255 2327/2326/2307 2360/2360/2340
f 2327/2326/2307 2139/2138/2120 2359/2359/2339
f 2328/2327/2308 2226/2226/2207 2140/2139/2121
f 2184/2184/2165 2331/2330/2311 2329/2328/2309
f 2232/2232/2213 2330/2329/2310 2332/2331/2312
f 2281/2280/2261 2361/2361/2341 2234/2234/2215
f 2332/2331/2312 2362/2362/2342 2333/2332/2313
f 2101/2101/2084 2333/2332/2313 2145/2145/2126
f 2363/2363/2343 2334/2333/2314 2335/2334/2315
f 2237/2237/2218 2334/2333/2314 2364/2364/2344
f 2237/2237/2218 2364/2364/2344 2287/2286/2267
f 2287/2286/2267 2146/2146/2127 2237/2237/2218
f 2337/2336/2317 2281/2280/2261 2236/2236/2217
f 2363/2363/2343 2335/2334/2315 2365/2365/2345
f 2284/2283/2264 2338/2337/2318 2336/2335/2316
f 2240/2240/2221 2366/2366/2346 2339/2338/2319
f 2241/2241/2222 2189/2189/2170 2367/2367/2347
f 2368/2368/2348 2188/2188/2169 2290/2289/2270
f 2338/2337/2318 2369/2369/2349 2336/2335/2316
f 2370/2370/2350 2338/2337/2318 2340/2339/2320
f 2292/2292/2273 2370/2370/2350 2340/2339/2320
f 2371/2371/2351 2370/2370/2350 2292/2292/2273
f 2371/2371/2351 2292/2292/2273 2341/2340/2321
f 2341/2340/2321 2194/2194/2175 2293/2293/2274
f 2293/2293/2274 2249/2248/2229 2372/2372/2352
f 2372/2372/2352 2249/2248/2229 2373/2373/2353
f 2110/2109/2092 2374/2374/2354 2252/2251/2232
f 2151/2151/2132 2296/2296/2277 2342/2341/2322
f 2297/2297/2278 2375/2375/2355 2251/2250/2231
f 2376/2376/2356 2377/2377/2357 2250/2249/2230
f 2298/2298/2279 2376/2376/2356 2250/2249/2230
f 2344/2343/2324 2200/2200/2181 2299/2299/2280
f 2378/2378/2358 2258/2257/2238 2256/2255/2236
f 2346/2345/2326 2379/2379/2359 2206/2206/2187
f 2380/2380/2360 2346/2345/2326 2156/2156/2137
f 2380/2380/2360 2156/2156/2137 2303/2303/2284
f 2159/2159/2140 2305/2305/2286 2347/2346/2327
f 2305/2305/2286 2381/2381/2361 2347/2346/2327
f 2305/2305/2286 2209/2209/2190 2381/2381/2361
f 2381/2381/2361 2209/2209/2190 2382/2382/2362
f 2209/2209/2190 2349/2348/2329 2382/2382/2362
f 2259/2258/2239 2383/2383/2363 2161/2161/2142
f 2384/2384/2364 2307/2307/2288 2211/2211/2192
f 2384/2384/2364 2211/2211/2192 2260/2259/2240
f 2308/2308/2289 2385/2385/2365 2262/2261/2242
f 2260/2259/2240 2261/2260/2241 2386/2386/2366
f 2212/2212/2193 2262/2261/2242 2385/2385/2365
f 2387/2387/2367 2311/2311/2292 2310/2310/2291
f 2311/2311/2292 2165/2165/2146 2310/2310/2291
f 2351/2350/2331 2076/2076/2059 2353/2352/2333
f 2388/2388/2368 2266/2265/2246 2169/2169/2150
f 2354/2353/2334 2388/2388/2368 2169/2169/2150
f 2268/2267/2248 2355/2355/2335 2389/2389/2369
f 2389/2389/2369 2218/2218/2199 2268/2267/2248
f 2176/2176/2157 2390/2390/2370 2174/2174/2155
f 2357/2357/2337 2176/2176/2157 2219/2219/2200
f 2272/2271/2252 2391/2391/2371 2323/2322/2303
f 2177/2177/2158 2358/2358/2338 2271/2270/2251
f 2358/2358/2338 2220/2220/2201 2324/2323/2304
f 2273/2272/2253 2392/2392/2372 2325/2324/2305
f 2277/2276/2257 2274/2273/2254 2393/2393/2373
f 2273/2272/2253 2326/2325/2306 2394/2394/2374
f 2275/2274/2255 2395/2395/2375 2326/2325/2306
f 2394/2394/2374 2326/2325/2306 2395/2395/2375
f 2226/2226/2207 2396/2396/2376 2359/2359/2339
f 2328/2327/2308 2396/2396/2376 2226/2226/2207
f 2277/2276/2257 2397/2397/2377 2330/2329/2310
f 2329/2328/2309 2398/2398/2378 2328/2327/2308
f 2362/2362/2342 2330/2329/2310 2399/2399/2379
f 2362/2362/2342 2332/2331/2312 2330/2329/2310
f 2361/2361/2341 2331/2330/2311 2234/2234/2215
f 2400/2400/2380 2361/2361/2341 2281/2280/2261
f 2363/2363/2343 2364/2364/2344 2334/2333/2314
f 2364/2364/2344 2401/2401/2381 2287/2286/2267
f 2287/2286/2267 2401/2401/2381 2402/2402/2382
f 2287/2286/2267 2402/2402/2382 2240/2240/2221
f 2336/2335/2316 2365/2365/2345 2335/2334/2315
f 2239/2239/2220 2403/2403/2383 2286/2285/2266
f 2239/2239/2220 2241/2241/2222 2404/2404/2384
f 2368/2368/2348 2367/2367/2347 2189/2189/2170
f 2188/2188/2169 2368/2368/2348 2189/2189/2170
f 2370/2370/2350 2371/2371/2351 2338/2337/2318
f 2371/2371/2351 2369/2369/2349 2338/2337/2318
f 2341/2340/2321 2405/2405/2385 2371/2371/2351
f 2249/2248/2229 2294/2294/2275 2373/2373/2353
f 2297/2297/2278 2295/2295/2276 2375/2375/2355
f 2295/2295/2276 2250/2249/2230 2377/2377/2357
f 2375/2375/2355 2295/2295/2276 2377/2377/2357
f 2406/2406/2386 2296/2296/2277 2251/2250/2231
f 2298/2298/2279 2343/2342/2323 2407/2407/2387
f 2407/2407/2387 2376/2376/2356 2298/2298/2279
f 2343/2342/2323 2408/2408/2388 2407/2407/2387
f 2343/2342/2323 2253/2252/2233 2408/2408/2388
f 2252/2251/2232 2409/2409/2389 2201/2201/2182
f 2344/2343/2324 2408/2408/2388 2253/2252/2233
f 2409/2409/2389 2202/2202/2183 2201/2201/2182
f 2344/2343/2324 2299/2299/2280 2410/2410/2390
f 2410/2410/2390 2299/2299/2280 2411/2411/2391
f 2299/2299/2280 2254/2253/2234 2411/2411/2391
f 2255/2254/2235 2378/2378/2358 2256/2255/2236
f 2300/2300/2281 2412/2412/2392 2345/2344/2325
f 2204/2204/2185 2413/2413/2393 2300/2300/2281
f 2204/2204/2185 2154/2154/2135 2413/2413/2393
f 2301/2301/2282 2205/2205/2186 2414/2414/2394
f 2258/2257/2238 2415/2415/2395 2207/2207/2188
f 2346/2345/2326 2380/2380/2360 2416/2416/2396
f 2417/2417/2397 2303/2303/2284 2302/2302/2283
f 2415/2415/2395 2122/2121/2104 2207/2207/2188
f 2417/2417/2397 2302/2302/2283 2304/2304/2285
f 2418/2418/2398 2122/2121/2104 2415/2415/2395
f 2419/2419/2399 2122/2121/2104 2418/2418/2398
f 2122/2121/2104 2419/2419/2399 2208/2208/2189
f 2304/2304/2285 2347/2346/2327 2420/2420/2400
f 2259/2258/2239 2348/2347/2328 2383/2383/2363
f 2161/2161/2142 2383/2383/2363 2350/2349/2330
f 2349/2348/2329 2307/2307/2288 2421/2421/2401
f 2422/2422/2402 2210/2210/2191 2306/2306/2287
f 2423/2423/2403 2210/2210/2191 2422/2422/2402
f 2308/2308/2289 2210/2210/2191 2423/2423/2403
f 2307/2307/2288 2384/2384/2364 2421/2421/2401
f 2260/2259/2240 2386/2386/2366 2384/2384/2364
f 2386/2386/2366 2261/2260/2241 2263/2262/2243
f 2212/2212/2193 2385/2385/2365 2309/2309/2290
f 2310/2310/2291 2424/2424/2404 2387/2387/2367
f 2425/2425/2405 2263/2262/2243 2311/2311/2292
f 1949/1948/1932 2426/2426/2406 2267/2266/2247
f 2426/2426/2406 1949/1948/1932 2214/2214/2195
f 2427/2427/2407 2312/2312/2293 2265/2264/2245
f 2265/2264/2245 2266/2265/2246 2428/2428/2408
f 2313/2313/2294 2215/2215/2196 2312/2312/2293
f 2428/2428/2408 2427/2427/2407 2265/2264/2245
f 2429/2429/2409 2213/2213/2194 2170/2170/2151
f 2313/2313/2294 2430/2430/2410 2316/2354/2296
f 2216/2216/2197 2431/2431/2411 2355/2355/2335
f 2317/2316/2297 2431/2431/2411 2216/2216/2197
f 2389/2389/2369 2320/2319/2300 2218/2218/2199
f 2173/2173/2154 2172/2172/2153 2432/2432/2412
f 2175/2175/2156 2270/2269/2250 2433/2433/2413
f 2174/2174/2155 2390/2390/2370 2434/2434/2414
f 2356/2356/2336 2322/2321/2302 2085/2085/2068
f 2176/2176/2157 2357/2357/2337 2435/2435/2415
f 2322/2321/2302 2436/2436/2416 2272/2271/2252
f 2271/2270/2251 2437/2437/2417 2357/2357/2337
f 2271/2270/2251 2358/2358/2338 2437/2437/2417
f 2392/2392/2372 2273/2272/2253 2394/2394/2374
f 2397/2397/2377 2277/2276/2257 2393/2393/2373
f 2395/2395/2375 2438/2438/2418 2394/2394/2374
f 2438/2438/2418 2395/2395/2375 2439/2439/2419
f 2275/2274/2255 2360/2360/2340 2395/2395/2375
f 2360/2360/2340 2439/2439/2419 2395/2395/2375
f 2327/2326/2307 2440/2440/2420 2360/2360/2340
f 2360/2360/2340 2440/2440/2420 2441/2441/2421
f 2330/2329/2310 2397/2397/2377 2442/2442/2422
f 2359/2359/2339 2396/2396/2376 2443/2443/2423
f 2328/2327/2308 2398/2398/2378 2396/2396/2376
f 2442/2442/2422 2399/2399/2379 2330/2329/2310
f 2331/2330/2311 2444/2444/2424 2329/2328/2309
f 2331/2330/2311 2361/2361/2341 2445/2445/2425
f 2362/2362/2342 2446/2446/2426 2333/2332/2313
f 2363/2363/2343 2447/2447/2427 2364/2364/2344
f 2447/2447/2427 2401/2401/2381 2364/2364/2344
f 2402/2402/2382 2448/2448/2428 2240/2240/2221
f 2366/2366/2346 2240/2240/2221 2448/2448/2428
f 2365/2365/2345 2336/2335/2316 2369/2369/2349
f 2241/2241/2222 2367/2367/2347 2404/2404/2384
f 2449/2449/2429 2239/2239/2220 2404/2404/2384
f 2403/2403/2383 2239/2239/2220 2449/2449/2429
f 2366/2366/2346 2450/2450/2430 2339/2338/2319
f 2339/2338/2319 2451/2451/2431 2290/2289/2270
f 2451/2451/2431 2368/2368/2348 2290/2289/2270
f 2452/2452/2432 2453/2453/2433 2248/2247/2228
f 2248/2247/2228 2453/2453/2433 2110/2109/2092
f 2341/2340/2321 2293/2293/2274 2372/2372/2352
f 2341/2340/2321 2372/2372/2352 2405/2405/2385
f 2294/2294/2275 2342/2341/2322 2373/2373/2353
f 2296/2296/2277 2454/2454/2434 2342/2341/2322
f 2342/2341/2322 2454/2454/2434 2455/2455/2435
f 2296/2296/2277 2406/2406/2386 2454/2454/2434
f 2406/2406/2386 2251/2250/2231 2375/2375/2355
f 2377/2377/2357 2456/2456/2436 2375/2375/2355
f 2252/2251/2232 2457/2457/2437 2409/2409/2389
f 2374/2374/2354 2457/2457/2437 2252/2251/2232
f 2458/2458/2438 2377/2377/2357 2376/2376/2356
f 2376/2376/2356 2407/2407/2387 2458/2458/2438
f 2409/2409/2389 2459/2459/2439 2202/2202/2183
f 2202/2202/2183 2459/2459/2439 2255/2254/2235
f 2254/2253/2234 2345/2344/2325 2411/2411/2391
f 2378/2378/2358 2255/2254/2235 2459/2459/2439
f 2412/2412/2392 2300/2300/2281 2413/2413/2393
f 2205/2205/2186 2257/2256/2237 2414/2414/2394
f 2257/2256/2237 2206/2206/2187 2379/2379/2359
f 2417/2417/2397 2380/2380/2360 2303/2303/2284
f 2304/2304/2285 2460/2460/2440 2417/2417/2397
f 2304/2304/2285 2420/2420/2400 2460/2460/2440
f 2208/2208/2189 2419/2419/2399 2348/2347/2328
f 2381/2381/2361 2461/2461/2441 2347/2346/2327
f 2349/2348/2329 2421/2421/2401 2462/2462/2442
f 2308/2308/2289 2463/2463/2443 2385/2385/2365
f 2309/2309/2290 2385/2385/2365 2464/2464/2444
f 2386/2386/2366 2263/2262/2243 2425/2425/2405
f 2310/2310/2291 2309/2309/2290 2424/2424/2404
f 2425/2425/2405 2311/2311/2292 2387/2387/2367
f 2353/2352/2333 2465/2465/2445 2351/2350/2331
f 2267/2266/2247 2426/2426/2406 2466/2466/2446
f 2267/2266/2247 2467/2467/2447 2354/2353/2334
f 2267/2266/2247 2466/2466/2446 2467/2467/2447
f 2213/2213/2194 2468/2468/2448 2264/2263/2244
f 2266/2265/2246 2388/2388/2368 2428/2428/2408
f 2317/2316/2297 2314/2314/2295 2469/2469/2449
f 2315/2315/2296 2470/2470/2450 2314/2314/2295
f 2314/2314/2295 2470/2470/2450 2469/2469/2449
f 2355/2355/2335 2472/2471/2451 2389/2389/2369
f 2432/2432/2412 2172/2172/2153 2320/2319/2300
f 2473/2472/2452 2318/2317/2298 2319/2318/2299
f 2321/2320/2301 2473/2472/2452 2319/2318/2299
f 2432/2432/2412 2269/2268/2249 2173/2173/2154
f 2433/2433/2413 2356/2356/2336 2175/2175/2156
f 2436/2436/2416 2391/2391/2371 2272/2271/2252
f 2474/2473/2453 2358/2358/2338 2324/2323/2304
f 2324/2323/2304 2475/2474/2454 2474/2473/2453
f 2475/2474/2454 2324/2323/2304 2325/2324/2305
f 2323/2322/2303 2476/2475/2455 2181/2181/2162
f 2325/2324/2305 2392/2392/2372 2475/2474/2454
f 2274/2273/2254 2181/2181/2162 2477/2476/2456
f 2392/2392/2372 2394/2394/2374 2478/2477/2457
f 2478/2477/2457 2479/2478/2458 2392/2392/2372
f 2394/2394/2374 2438/2438/2418 2478/2477/2457
f 2439/2439/2419 2360/2360/2340 2441/2441/2421
f 2440/2440/2420 2327/2326/2307 2359/2359/2339
f 2441/2441/2421 2440/2440/2420 2480/2479/2459
f 2359/2359/2339 2443/2443/2423 2481/2480/2460
f 2329/2328/2309 2444/2444/2424 2398/2398/2378
f 2443/2443/2423 2396/2396/2376 2398/2398/2378
f 2398/2398/2378 2444/2444/2424 2482/2481/2461
f 2399/2399/2379 2483/2482/2462 2362/2362/2342
f 2444/2444/2424 2331/2330/2311 2445/2445/2425
f 2445/2445/2425 2361/2361/2341 2400/2400/2380
f 2401/2401/2381 2447/2447/2427 2484/2483/2463
f 2446/2446/2426 2485/2484/2464 2333/2332/2313
f 2363/2363/2343 2365/2365/2345 2486/2485/2465
f 2486/2485/2465 2447/2447/2427 2363/2363/2343
f 2281/2280/2261 2337/2336/2317 2400/2400/2380
f 2369/2369/2349 2487/2486/2466 2365/2365/2345
f 2285/2284/2265 2488/2487/2467 2337/2336/2317
f 2489/2488/2468 2487/2486/2466 2369/2369/2349
f 2286/2285/2266 2403/2403/2383 2285/2284/2265
f 2451/2451/2431 2490/2489/2469 2368/2368/2348
f 2369/2369/2349 2371/2371/2351 2491/2490/2470
f 2492/2491/2471 2491/2490/2470 2371/2371/2351
f 2405/2405/2385 2492/2491/2471 2371/2371/2351
f 2453/2453/2433 2374/2374/2354 2110/2109/2092
f 2374/2374/2354 2493/2492/2472 2457/2457/2437
f 2454/2454/2434 2494/2493/2473 2455/2455/2435
f 2375/2375/2355 2456/2456/2436 2406/2406/2386
f 2377/2377/2357 2458/2458/2438 2456/2456/2436
f 2408/2408/2388 2495/2494/2474 2496/2495/2475
f 2408/2408/2388 2344/2343/2324 2495/2494/2474
f 2459/2459/2439 2409/2409/2389 2457/2457/2437
f 2497/2496/2476 2345/2344/2325 2412/2412/2392
f 2415/2415/2395 2258/2257/2238 2498/2497/2477
f 2413/2413/2393 2154/2154/2135 2301/2301/2282
f 2420/2420/2400 2347/2346/2327 2499/2498/2478
f 2348/2347/2328 2500/2499/2479 2383/2383/2363
f 2461/2461/2441 2381/2381/2361 2382/2382/2362
f 2350/2349/2330 2383/2383/2363 2500/2499/2479
f 2462/2462/2442 2501/2500/2480 2349/2348/2329
f 2382/2382/2362 2349/2348/2329 2501/2500/2480
f 2306/2306/2287 2350/2349/2330 2502/2501/2481
f 2502/2501/2481 2422/2422/2402 2306/2306/2287
f 2503/2502/2482 2462/2462/2442 2421/2421/2401
f 2503/2502/2482 2421/2421/2401 2384/2384/2364
f 2384/2384/2364 2386/2386/2366 2504/2503/2483
f 2385/2385/2365 2463/2463/2443 2464/2464/2444
f 2309/2309/2290 2464/2464/2444 2505/2504/2484
f 2505/2504/2484 2424/2424/2404 2309/2309/2290
f 2506/2505/2485 2425/2425/2405 2387/2387/2367
f 2387/2387/2367 2424/2424/2404 2506/2505/2485
f 2351/2350/2331 2507/2506/2486 2352/2351/2332
f 2351/2350/2331 2465/2465/2445 2507/2506/2486
f 2352/2351/2332 2426/2426/2406 2214/2214/2195
f 2353/2352/2333 2508/2507/2487 2465/2465/2445
f 2508/2507/2487 2353/2352/2333 2264/2263/2244
f 2264/2263/2244 2468/2468/2448 2508/2507/2487
f 2468/2468/2448 2213/2213/2194 2509/2508/2488
f 2312/2312/2293 2427/2427/2407 2510/2509/2489
f 2312/2312/2293 2510/2509/2489 2313/2313/2294
f 2510/2509/2489 2430/2430/2410 2313/2313/2294
f 2511/2510/2490 2431/2431/2411 2317/2316/2297
f 2430/2430/2410 2471/2511/2450 2316/2354/2296
f 2472/2471/2451 2512/2512/2491 2389/2389/2369
f 2512/2512/2491 2320/2319/2300 2389/2389/2369
f 2513/2513/2492 2269/2268/2249 2432/2432/2412
f 2321/2320/2301 2434/2434/2414 2514/2514/2493
f 2269/2268/2249 2515/2515/2494 2270/2269/2250
f 2321/2320/2301 2174/2174/2155 2434/2434/2414
f 2390/2390/2370 2176/2176/2157 2435/2435/2415
f 2435/2435/2415 2357/2357/2337 2437/2437/2417
f 2323/2322/2303 2391/2391/2371 2476/2475/2455
f 2476/2475/2455 2516/2516/2495 2181/2181/2162
f 2477/2476/2456 2181/2181/2162 2516/2516/2495
f 2517/2517/2496 2475/2474/2454 2392/2392/2372
f 2274/2273/2254 2477/2476/2456 2393/2393/2373
f 2393/2393/2373 2518/2518/2497 2397/2397/2377
f 2438/2438/2418 2519/2519/2498 2478/2477/2457
f 2519/2519/2498 2438/2438/2418 2520/2520/2499
f 2518/2518/2497 2442/2442/2422 2397/2397/2377
f 2439/2439/2419 2521/2521/2500 2438/2438/2418
f 2521/2521/2500 2520/2520/2499 2438/2438/2418
f 2441/2441/2421 2521/2521/2500 2439/2439/2419
f 2521/2521/2500 2441/2441/2421 2522/2522/2501
f 2523/2523/2502 2399/2399/2379 2442/2442/2422
f 2524/2524/2503 2521/2521/2500 2522/2522/2501
f 2359/2359/2339 2525/2525/2504 2440/2440/2420
f 2359/2359/2339 2481/2480/2460 2525/2525/2504
f 2440/2440/2420 2525/2525/2504 2480/2479/2459
f 2522/2522/2501 2441/2441/2421 2526/2526/2505
f 2526/2526/2505 2441/2441/2421 2480/2479/2459
f 2443/2443/2423 2398/2398/2378 2482/2481/2461
f 2527/2527/2506 2443/2443/2423 2482/2481/2461
f 2528/2528/2507 2526/2526/2505 2480/2479/2459
f 2445/2445/2425 2482/2481/2461 2444/2444/2424
f 2529/2529/2508 2401/2401/2381 2484/2483/2463
f 2333/2332/2313 2485/2484/2464 2530/2530/2509
f 2365/2365/2345 2487/2486/2466 2486/2485/2465
f 2333/2332/2313 2530/2530/2509 2248/2247/2228
f 2248/2247/2228 2530/2530/2509 2452/2452/2432
f 2337/2336/2317 2488/2487/2467 2531/2531/2510
f 2368/2368/2348 2532/2532/2511 2367/2367/2347
f 2533/2533/2512 2285/2284/2265 2403/2403/2383
f 2491/2490/2470 2489/2488/2468 2369/2369/2349
f 2339/2338/2319 2450/2450/2430 2534/2534/2513
f 2339/2338/2319 2534/2534/2513 2451/2451/2431
f 2453/2453/2433 2493/2492/2472 2374/2374/2354
f 2535/2535/2514 2492/2491/2471 2405/2405/2385
f 2372/2372/2352 2535/2535/2514 2405/2405/2385
f 2373/2373/2353 2535/2535/2514 2372/2372/2352
f 2536/2536/2515 2342/2341/2322 2455/2455/2435
f 2455/2455/2435 2494/2493/2473 2537/2537/2516
f 2454/2454/2434 2406/2406/2386 2494/2493/2473
f 2456/2456/2436 2538/2538/2517 2406/2406/2386
f 2456/2456/2436 2458/2458/2438 2538/2538/2517
f 2344/2343/2324 2410/2410/2390 2539/2539/2518
f 2457/2457/2437 2540/2540/2519 2459/2459/2439
f 2459/2459/2439 2540/2540/2519 2378/2378/2358
f 2378/2378/2358 2498/2497/2477 2258/2257/2238
f 2412/2412/2392 2413/2413/2393 2541/2541/2520
f 2542/2542/2521 2413/2413/2393 2301/2301/2282
f 2346/2345/2326 2543/2543/2522 2379/2379/2359
f 2544/2544/2523 2257/2256/2237 2379/2379/2359
f 2414/2414/2394 2257/2256/2237 2544/2544/2523
f 2498/2497/2477 2418/2418/2398 2415/2415/2395
f 2380/2380/2360 2417/2417/2397 2545/2545/2524
f 2460/2460/2440 2420/2420/2400 2546/2546/2525
f 2347/2346/2327 2461/2461/2441 2499/2498/2478
f 2461/2461/2441 2382/2382/2362 2547/2547/2526
f 2547/2547/2526 2382/2382/2362 2501/2500/2480
f 2502/2501/2481 2350/2349/2330 2500/2499/2479
f 2422/2422/2402 2502/2501/2481 2548/2548/2527
f 2384/2384/2364 2549/2549/2528 2503/2502/2482
f 2423/2423/2403 2548/2548/2527 2550/2550/2529
f 2308/2308/2289 2423/2423/2403 2550/2550/2529
f 2308/2308/2289 2550/2550/2529 2463/2463/2443
f 2425/2425/2405 2551/2551/2530 2504/2503/2483
f 2552/2552/2531 2551/2551/2530 2506/2505/2485
f 2386/2386/2366 2425/2425/2405 2504/2503/2483
f 2552/2552/2531 2506/2505/2485 2553/2553/2532
f 2553/2553/2532 2506/2505/2485 2505/2504/2484
f 2551/2551/2530 2425/2425/2405 2506/2505/2485
f 2506/2505/2485 2424/2424/2404 2505/2504/2484
f 2352/2351/2332 2507/2506/2486 2426/2426/2406
f 2354/2353/2334 2554/2554/2533 2388/2388/2368
f 2467/2467/2447 2554/2554/2533 2354/2353/2334
f 2509/2508/2488 2213/2213/2194 2429/2429/2409
f 2217/2217/2198 2429/2429/2409 2170/2170/2151
f 2511/2510/2490 2317/2316/2297 2469/2469/2449
f 2355/2355/2335 2431/2431/2411 2555/2555/2534
f 2556/2556/2535 2555/2555/2534 2431/2431/2411
f 2555/2555/2534 2472/2471/2451 2355/2355/2335
f 2320/2319/2300 2557/2557/2536 2432/2432/2412
f 2321/2320/2301 2514/2514/2493 2473/2472/2452
f 2515/2515/2494 2269/2268/2249 2513/2513/2492
f 2515/2515/2494 2433/2433/2413 2270/2269/2250
f 2558/2558/2537 2436/2436/2416 2322/2321/2302
f 2437/2437/2417 2559/2559/2538 2435/2435/2415
f 2560/2560/2539 2559/2559/2538 2437/2437/2417
f 2437/2437/2417 2474/2473/2453 2560/2560/2539
f 2358/2358/2338 2474/2473/2453 2437/2437/2417
f 2475/2474/2454 2561/2561/2540 2474/2473/2453
f 2475/2474/2454 2562/2562/2541 2561/2561/2540
f 2475/2474/2454 2517/2517/2496 2562/2562/2541
f 2392/2392/2372 2479/2478/2458 2517/2517/2496
f 2477/2476/2456 2563/2563/2542 2393/2393/2373
f 2519/2519/2498 2479/2478/2458 2478/2477/2457
f 2442/2442/2422 2518/2518/2497 2523/2523/2502
f 2520/2520/2499 2521/2521/2500 2564/2564/2543
f 2523/2523/2502 2483/2482/2462 2399/2399/2379
f 2564/2564/2543 2521/2521/2500 2524/2524/2503
f 2527/2527/2506 2481/2480/2460 2443/2443/2423
f 2525/2525/2504 2528/2528/2507 2480/2479/2459
f 2524/2524/2503 2522/2522/2501 2565/2565/2544
f 2522/2522/2501 2526/2526/2505 2566/2566/2545
f 2565/2565/2544 2522/2522/2501 2567/2567/2546
f 2567/2567/2546 2522/2522/2501 2566/2566/2545
f 2362/2362/2342 2483/2482/2462 2446/2446/2426
f 2568/2568/2547 2525/2525/2504 2481/2480/2460
f 2528/2528/2507 2525/2525/2504 2568/2568/2547
f 2527/2527/2506 2482/2481/2461 2445/2445/2425
f 2569/2569/2548 2485/2484/2464 2446/2446/2426
f 2484/2483/2463 2570/2570/2549 2571/2571/2550
f 2447/2447/2427 2570/2570/2549 2484/2483/2463
f 2571/2571/2550 2529/2529/2508 2484/2483/2463
f 2447/2447/2427 2486/2485/2465 2570/2570/2549
f 2402/2402/2382 2401/2401/2381 2529/2529/2508
f 2445/2445/2425 2400/2400/2380 2572/2572/2551
f 2448/2448/2428 2402/2402/2382 2573/2573/2552
f 2448/2448/2428 2573/2573/2552 2574/2574/2553
f 2400/2400/2380 2337/2336/2317 2531/2531/2510
f 2448/2448/2428 2574/2574/2553 2450/2450/2430
f 2448/2448/2428 2450/2450/2430 2366/2366/2346
f 2404/2404/2384 2575/2575/2554 2449/2449/2429
f 2449/2449/2429 2576/2576/2555 2403/2403/2383
f 2488/2487/2467 2285/2284/2265 2533/2533/2512
f 2490/2489/2469 2532/2532/2511 2368/2368/2348
f 2534/2534/2513 2577/2577/2556 2451/2451/2431
f 2453/2453/2433 2578/2578/2557 2493/2492/2472
f 2492/2491/2471 2579/2579/2558 2491/2490/2470
f 2492/2491/2471 2535/2535/2514 2579/2579/2558
f 2535/2535/2514 2373/2373/2353 2536/2536/2515
f 2373/2373/2353 2342/2341/2322 2536/2536/2515
f 2536/2536/2515 2455/2455/2435 2537/2537/2516
f 2406/2406/2386 2538/2538/2517 2494/2493/2473
f 2407/2407/2387 2580/2580/2559 2458/2458/2438
f 2408/2408/2388 2580/2580/2559 2407/2407/2387
f 2496/2495/2475 2580/2580/2559 2408/2408/2388
f 2539/2539/2518 2495/2494/2474 2344/2343/2324
f 2540/2540/2519 2457/2457/2437 2581/2581/2560
f 2345/2344/2325 2497/2496/2476 2411/2411/2391
f 2540/2540/2519 2498/2497/2477 2378/2378/2358
f 2301/2301/2282 2414/2414/2394 2542/2542/2521
f 2416/2416/2396 2582/2582/2561 2346/2345/2326
f 2346/2345/2326 2582/2582/2561 2543/2543/2522
f 2418/2418/2398 2498/2497/2477 2583/2583/2562
f 2417/2417/2397 2460/2460/2440 2545/2545/2524
f 2418/2418/2398 2584/2584/2563 2419/2419/2399
f 2419/2419/2399 2585/2585/2564 2348/2347/2328
f 2585/2585/2564 2500/2499/2479 2348/2347/2328
f 2501/2500/2480 2462/2462/2442 2586/2586/2565
f 2587/2587/2566 2462/2462/2442 2503/2502/2482
f 2423/2423/2403 2422/2422/2402 2548/2548/2527
f 2504/2503/2483 2588/2588/2567 2549/2549/2528
f 2504/2503/2483 2551/2551/2530 2588/2588/2567
f 2384/2384/2364 2504/2503/2483 2549/2549/2528
f 2589/2589/2568 2466/2466/2446 2426/2426/2406
f 2507/2506/2486 2589/2589/2568 2426/2426/2406
f 2429/2429/2409 2217/2217/2198 2590/2590/2569
f 2556/2556/2535 2431/2431/2411 2511/2510/2490
f 2555/2555/2534 2591/2591/2570 2472/2471/2451
f 2557/2557/2536 2320/2319/2300 2512/2512/2491
f 2513/2513/2492 2432/2432/2412 2557/2557/2536
f 2390/2390/2370 2592/2592/2571 2434/2434/2414
f 2593/2593/2572 2592/2592/2571 2390/2390/2370
f 2356/2356/2336 2558/2558/2537 2322/2321/2302
f 2390/2390/2370 2559/2559/2538 2593/2593/2572
f 2390/2390/2370 2435/2435/2415 2559/2559/2538
f 2391/2391/2371 2594/2594/2573 2476/2475/2455
f 2595/2595/2574 2477/2476/2456 2516/2516/2495
f 2517/2517/2496 2596/2596/2575 2562/2562/2541
f 2596/2596/2575 2517/2517/2496 2479/2478/2458
f 2595/2595/2574 2563/2563/2542 2477/2476/2456
f 2518/2518/2497 2393/2393/2373 2563/2563/2542
f 2597/2597/2576 2479/2478/2458 2519/2519/2498
f 2520/2520/2499 2598/2598/2577 2519/2519/2498
f 2564/2564/2543 2598/2598/2577 2520/2520/2499
f 2564/2564/2543 2599/2599/2578 2598/2598/2577
f 2564/2564/2543 2524/2524/2503 2600/2600/2579
f 2600/2600/2579 2599/2599/2578 2564/2564/2543
f 2600/2600/2579 2524/2524/2503 2565/2565/2544
f 2600/2600/2579 2565/2565/2544 2601/2601/2580
f 2481/2480/2460 2527/2527/2506 2602/2602/2581
f 2565/2565/2544 2567/2567/2546 2603/2603/2582
f 2446/2446/2426 2483/2482/2462 2569/2569/2548
f 2568/2568/2547 2481/2480/2460 2602/2602/2581
f 2567/2567/2546 2566/2566/2545 2604/2604/2583
f 2603/2603/2582 2601/2601/2580 2565/2565/2544
f 2605/2605/2584 2528/2528/2507 2568/2568/2547
f 2604/2604/2583 2603/2603/2582 2567/2567/2546
f 2527/2527/2506 2445/2445/2425 2572/2572/2551
f 2526/2526/2505 2528/2528/2507 2605/2605/2584
f 2603/2603/2582 2604/2604/2583 2606/2606/2585
f 2566/2566/2545 2526/2526/2505 2607/2607/2586
f 2604/2604/2583 2566/2566/2545 2607/2607/2586
f 2571/2571/2550 2608/2608/2587 2529/2529/2508
f 2486/2485/2465 2487/2486/2466 2570/2570/2549
f 2400/2400/2380 2609/2609/2588 2572/2572/2551
f 2608/2608/2587 2487/2486/2466 2529/2529/2508
f 2529/2529/2508 2573/2573/2552 2402/2402/2382
f 2609/2609/2588 2400/2400/2380 2531/2531/2510
f 2489/2488/2468 2529/2529/2508 2487/2486/2466
f 2532/2532/2511 2575/2575/2554 2367/2367/2347
f 2367/2367/2347 2575/2575/2554 2404/2404/2384
f 2403/2403/2383 2576/2576/2555 2533/2533/2512
f 2610/2610/2589 2489/2488/2468 2491/2490/2470
f 2611/2611/2590 2575/2575/2554 2532/2532/2511
f 2453/2453/2433 2452/2452/2432 2578/2578/2557
f 2532/2532/2511 2490/2489/2469 2612/2612/2591
f 2490/2489/2469 2451/2451/2431 2577/2577/2556
f 2579/2579/2558 2610/2610/2589 2491/2490/2470
f 2613/2613/2592 2579/2579/2558 2535/2535/2514
f 2536/2536/2515 2613/2613/2592 2535/2535/2514
f 2614/2614/2593 2457/2457/2437 2493/2492/2472
f 2615/2615/2594 2537/2537/2516 2494/2493/2473
f 2494/2493/2473 2538/2538/2517 2615/2615/2594
f 2538/2538/2517 2616/2616/2595 2615/2615/2594
f 2458/2458/2438 2617/2617/2596 2538/2538/2517
f 2541/2541/2520 2413/2413/2393 2542/2542/2521
f 2379/2379/2359 2543/2543/2522 2618/2618/2597
f 2380/2380/2360 2545/2545/2524 2619/2619/2598
f 2546/2546/2525 2420/2420/2400 2620/2620/2599
f 2620/2620/2599 2420/2420/2400 2499/2498/2478
f 2547/2547/2526 2501/2500/2480 2586/2586/2565
f 2621/2621/2600 2502/2501/2481 2500/2499/2479
f 2462/2462/2442 2587/2587/2566 2586/2586/2565
f 2502/2501/2481 2622/2622/2601 2548/2548/2527
f 2463/2463/2443 2505/2504/2484 2464/2464/2444
f 2553/2553/2532 2505/2504/2484 2623/2623/2602
f 2467/2467/2447 2466/2466/2446 2589/2589/2568
f 2388/2388/2368 2624/2624/2603 2625/2625/2604
f 2388/2388/2368 2625/2625/2604 2428/2428/2408
f 2510/2509/2489 2427/2427/2407 2626/2626/2605
f 2627/2627/2606 2469/2469/2449 2470/2470/2450
f 2430/2430/2410 2629/2628/2607 2471/2511/2450
f 2630/2629/2608 2590/2590/2569 2318/2317/2298
f 2318/2317/2298 2473/2472/2452 2630/2629/2608
f 2473/2472/2452 2631/2630/2609 2630/2629/2608
f 2592/2592/2571 2514/2514/2493 2434/2434/2414
f 2433/2433/2413 2632/2631/2610 2356/2356/2336
f 2632/2631/2610 2558/2558/2537 2356/2356/2336
f 2436/2436/2416 2633/2632/2611 2391/2391/2371
f 2474/2473/2453 2634/2633/2612 2560/2560/2539
f 2476/2475/2455 2594/2594/2573 2516/2516/2495
f 2474/2473/2453 2561/2561/2540 2634/2633/2612
f 2596/2596/2575 2479/2478/2458 2597/2597/2576
f 2597/2597/2576 2519/2519/2498 2598/2598/2577
f 2518/2518/2497 2635/2634/2613 2523/2523/2502
f 2636/2635/2614 2598/2598/2577 2599/2599/2578
f 2635/2634/2613 2637/2636/2615 2523/2523/2502
f 2523/2523/2502 2637/2636/2615 2483/2482/2462
f 2599/2599/2578 2600/2600/2579 2638/2637/2616
f 2602/2602/2581 2527/2527/2506 2639/2638/2617
f 2570/2570/2549 2608/2608/2587 2571/2571/2550
f 2601/2601/2580 2603/2603/2582 2640/2639/2618
f 2608/2608/2587 2570/2570/2549 2487/2486/2466
f 2607/2607/2586 2526/2526/2505 2605/2605/2584
f 2607/2607/2586 2606/2606/2585 2604/2604/2583
f 2641/2640/2619 2573/2573/2552 2529/2529/2508
f 2641/2640/2619 2529/2529/2508 2489/2488/2468
f 2574/2574/2553 2573/2573/2552 2642/2641/2620
f 2609/2609/2588 2531/2531/2510 2643/2642/2621
f 2612/2612/2591 2611/2611/2590 2532/2532/2511
f 2644/2643/2622 2576/2576/2555 2449/2449/2429
f 2575/2575/2554 2611/2611/2590 2645/2644/2623
f 2449/2449/2429 2575/2575/2554 2645/2644/2623
f 2644/2643/2622 2449/2449/2429 2645/2644/2623
f 2490/2489/2469 2577/2577/2556 2646/2645/2624
f 2578/2578/2557 2647/2646/2625 2493/2492/2472
f 2614/2614/2593 2493/2492/2472 2647/2646/2625
f 2648/2647/2626 2613/2613/2592 2536/2536/2515
f 2648/2647/2626 2536/2536/2515 2537/2537/2516
f 2615/2615/2594 2648/2647/2626 2537/2537/2516
f 2617/2617/2596 2616/2616/2595 2538/2538/2517
f 2616/2616/2595 2617/2617/2596 2649/2648/2627
f 2617/2617/2596 2458/2458/2438 2580/2580/2559
f 2614/2614/2593 2581/2581/2560 2457/2457/2437
f 2495/2494/2474 2539/2539/2518 2650/2649/2628
f 2650/2649/2628 2539/2539/2518 2410/2410/2390
f 2410/2410/2390 2411/2411/2391 2651/2650/2629
f 2652/2651/2630 2540/2540/2519 2653/2652/2631
f 2411/2411/2391 2497/2496/2476 2651/2650/2629
f 2540/2540/2519 2652/2651/2630 2498/2497/2477
f 2654/2653/2632 2542/2542/2521 2414/2414/2394
f 2414/2414/2394 2544/2544/2523 2654/2653/2632
f 2416/2416/2396 2619/2619/2598 2582/2582/2561
f 2618/2618/2597 2543/2543/2522 2655/2654/2633
f 2619/2619/2598 2416/2416/2396 2380/2380/2360
f 2619/2619/2598 2545/2545/2524 2656/2655/2634
f 2460/2460/2440 2546/2546/2525 2545/2545/2524
f 2418/2418/2398 2583/2583/2562 2584/2584/2563
f 2585/2585/2564 2419/2419/2399 2584/2584/2563
f 2657/2656/2635 2658/2657/2636 2620/2620/2599
f 2620/2620/2599 2499/2498/2478 2657/2656/2635
f 2659/2658/2637 2657/2656/2635 2499/2498/2478
f 2499/2498/2478 2461/2461/2441 2659/2658/2637
f 2660/2659/2638 2548/2548/2527 2622/2622/2601
f 2550/2550/2529 2548/2548/2527 2660/2659/2638
f 2661/2660/2639 2588/2588/2567 2551/2551/2530
f 2463/2463/2443 2662/2661/2640 2505/2504/2484
f 2661/2660/2639 2551/2551/2530 2552/2552/2531
f 2623/2623/2602 2505/2504/2484 2662/2661/2640
f 2663/2662/2641 2552/2552/2531 2553/2553/2532
f 2663/2662/2641 2553/2553/2532 2623/2623/2602
f 2554/2554/2533 2467/2467/2447 2664/2663/2642
f 2589/2589/2568 2664/2663/2642 2467/2467/2447
f 2388/2388/2368 2554/2554/2533 2624/2624/2603
f 2664/2663/2642 2624/2624/2603 2554/2554/2533
f 2468/2468/2448 2665/2664/2643 2508/2507/2487
f 2625/2625/2604 2427/2427/2407 2428/2428/2408
f 2666/2665/2644 2509/2508/2488 2429/2429/2409
f 2510/2509/2489 2667/2666/2645 2430/2430/2410
f 2429/2429/2409 2590/2590/2569 2666/2665/2644
f 2629/2628/2607 2628/2667/2606 2471/2511/2450
f 2668/2668/2646 2555/2555/2534 2556/2556/2535
f 2472/2471/2451 2591/2591/2570 2512/2512/2491
f 2217/2217/2198 2318/2317/2298 2590/2590/2569
f 2557/2557/2536 2512/2512/2491 2669/2669/2647
f 2514/2514/2493 2631/2630/2609 2473/2472/2452
f 2670/2670/2648 2631/2630/2609 2514/2514/2493
f 2671/2671/2649 2515/2515/2494 2513/2513/2492
f 2672/2672/2650 2433/2433/2413 2515/2515/2494
f 2672/2672/2650 2632/2631/2610 2433/2433/2413
f 2633/2632/2611 2436/2436/2416 2558/2558/2537
f 2391/2391/2371 2633/2632/2611 2673/2673/2651
f 2594/2594/2573 2391/2391/2371 2673/2673/2651
f 2516/2516/2495 2594/2594/2573 2674/2674/2652
f 2516/2516/2495 2674/2674/2652 2595/2595/2574
f 2674/2674/2652 2563/2563/2542 2595/2595/2574
f 2675/2675/2653 2597/2597/2576 2598/2598/2577
f 2483/2482/2462 2637/2636/2615 2569/2569/2548
f 2638/2637/2616 2601/2601/2580 2676/2676/2654
f 2600/2600/2579 2601/2601/2580 2638/2637/2616
f 2601/2601/2580 2677/2677/2655 2676/2676/2654
f 2677/2677/2655 2601/2601/2580 2640/2639/2618
f 2527/2527/2506 2572/2572/2551 2639/2638/2617
f 2678/2678/2656 2602/2602/2581 2639/2638/2617
f 2568/2568/2547 2602/2602/2581 2678/2678/2656
f 2679/2679/2657 2677/2677/2655 2640/2639/2618
f 2603/2603/2582 2606/2606/2585 2640/2639/2618
f 2680/2680/2658 2568/2568/2547 2678/2678/2656
f 2679/2679/2657 2640/2639/2618 2681/2681/2659
f 2572/2572/2551 2682/2682/2660 2639/2638/2617
f 2605/2605/2584 2568/2568/2547 2680/2680/2658
f 2606/2606/2585 2681/2681/2659 2640/2639/2618
f 2572/2572/2551 2609/2609/2588 2683/2683/2661
f 2684/2684/2662 2680/2680/2658 2678/2678/2656
f 2607/2607/2586 2605/2605/2584 2685/2685/2663
f 2682/2682/2660 2572/2572/2551 2683/2683/2661
f 2573/2573/2552 2641/2640/2619 2642/2641/2620
f 2606/2606/2585 2607/2607/2586 2685/2685/2663
f 2685/2685/2663 2605/2605/2584 2680/2680/2658
f 2606/2606/2585 2685/2685/2663 2681/2681/2659
f 2642/2641/2620 2641/2640/2619 2686/2686/2664
f 2687/2687/2665 2685/2685/2663 2680/2680/2658
f 2688/2688/2666 2641/2640/2619 2489/2488/2468
f 2488/2487/2467 2689/2689/2667 2531/2531/2510
f 2687/2687/2665 2680/2680/2658 2690/2690/2668
f 2681/2681/2659 2685/2685/2663 2687/2687/2665
f 2610/2610/2589 2688/2688/2666 2489/2488/2468
f 2643/2642/2621 2531/2531/2510 2689/2689/2667
f 2450/2450/2430 2574/2574/2553 2534/2534/2513
f 2576/2576/2555 2691/2691/2669 2533/2533/2512
f 2645/2644/2623 2611/2611/2590 2692/2692/2670
f 2576/2576/2555 2644/2643/2622 2693/2693/2671
f 2612/2612/2591 2490/2489/2469 2646/2645/2624
f 2694/2694/2672 2610/2610/2589 2579/2579/2558
f 2615/2615/2594 2695/2695/2673 2648/2647/2626
f 2616/2616/2595 2695/2695/2673 2615/2615/2594
f 2649/2648/2627 2617/2617/2596 2580/2580/2559
f 2650/2649/2628 2696/2696/2674 2495/2494/2474
f 2540/2540/2519 2581/2581/2560 2653/2652/2631
f 2650/2649/2628 2410/2410/2390 2697/2697/2675
f 2410/2410/2390 2651/2650/2629 2697/2697/2675
f 2497/2496/2476 2412/2412/2392 2698/2698/2676
f 2699/2699/2677 2412/2412/2392 2541/2541/2520
f 2542/2542/2521 2699/2699/2677 2541/2541/2520
f 2582/2582/2561 2655/2654/2633 2543/2543/2522
f 2544/2544/2523 2379/2379/2359 2618/2618/2597
f 2656/2655/2634 2545/2545/2524 2546/2546/2525
f 2546/2546/2525 2620/2620/2599 2700/2700/2678
f 2547/2547/2526 2659/2658/2637 2461/2461/2441
f 2701/2701/2679 2547/2547/2526 2586/2586/2565
f 2622/2622/2601 2502/2501/2481 2621/2621/2600
f 2702/2702/2680 2586/2586/2565 2587/2587/2566
f 2703/2703/2681 2550/2550/2529 2660/2659/2638
f 2704/2704/2682 2550/2550/2529 2703/2703/2681
f 2705/2705/2683 2706/2706/2684 2549/2549/2528
f 2704/2704/2682 2463/2463/2443 2550/2550/2529
f 2661/2660/2639 2705/2705/2683 2588/2588/2567
f 2463/2463/2443 2704/2704/2682 2662/2661/2640
f 2549/2549/2528 2588/2588/2567 2705/2705/2683
f 2707/2707/2685 2663/2662/2641 2623/2623/2602
f 2661/2660/2639 2552/2552/2531 2663/2662/2641
f 2708/2708/2686 2589/2589/2568 2507/2506/2486
f 2508/2507/2487 2708/2708/2686 2465/2465/2445
f 2709/2709/2687 2427/2427/2407 2625/2625/2604
f 2590/2590/2569 2710/2710/2688 2666/2665/2644
f 2556/2556/2535 2511/2510/2490 2711/2711/2689
f 2511/2510/2490 2469/2469/2449 2711/2711/2689
f 2668/2668/2646 2591/2591/2570 2555/2555/2534
f 2590/2590/2569 2630/2629/2608 2712/2712/2690
f 2671/2671/2649 2672/2672/2650 2515/2515/2494
f 2713/2713/2691 2632/2631/2610 2672/2672/2650
f 2514/2514/2493 2592/2592/2571 2714/2714/2692
f 2559/2559/2538 2560/2560/2539 2715/2715/2693
f 2560/2560/2539 2634/2633/2612 2715/2715/2693
f 2562/2562/2541 2716/2716/2694 2561/2561/2540
f 2562/2562/2541 2596/2596/2575 2716/2716/2694
f 2563/2563/2542 2674/2674/2652 2717/2717/2695
f 2596/2596/2575 2718/2718/2696 2716/2716/2694
f 2597/2597/2576 2718/2718/2696 2596/2596/2575
f 2563/2563/2542 2717/2717/2695 2518/2518/2497
f 2597/2597/2576 2675/2675/2653 2718/2718/2696
f 2598/2598/2577 2636/2635/2614 2675/2675/2653
f 2518/2518/2497 2717/2717/2695 2635/2634/2613
f 2599/2599/2578 2638/2637/2616 2719/2719/2697
f 2569/2569/2548 2637/2636/2615 2720/2720/2698
f 2569/2569/2548 2720/2720/2698 2485/2484/2464
f 2639/2638/2617 2721/2721/2699 2678/2678/2656
f 2678/2678/2656 2721/2721/2699 2684/2684/2662
f 2485/2484/2464 2722/2722/2700 2530/2530/2509
f 2721/2721/2699 2639/2638/2617 2723/2723/2701
f 2723/2723/2701 2639/2638/2617 2682/2682/2660
f 2530/2530/2509 2722/2722/2700 2452/2452/2432
f 2680/2680/2658 2684/2684/2662 2690/2690/2668
f 2681/2681/2659 2724/2724/2702 2679/2679/2657
f 2684/2684/2662 2721/2721/2699 2725/2725/2703
f 2609/2609/2588 2643/2642/2621 2683/2683/2661
f 2690/2690/2668 2684/2684/2662 2725/2725/2703
f 2724/2724/2702 2726/2726/2704 2679/2679/2657
f 2724/2724/2702 2681/2681/2659 2687/2687/2665
f 2641/2640/2619 2688/2688/2666 2686/2686/2664
f 2642/2641/2620 2686/2686/2664 2727/2727/2705
f 2574/2574/2553 2642/2641/2620 2727/2727/2705
f 2728/2728/2706 2690/2690/2668 2725/2725/2703
f 2687/2687/2665 2690/2690/2668 2728/2728/2706
f 2612/2612/2591 2692/2692/2670 2611/2611/2590
f 2533/2533/2512 2729/2729/2707 2488/2487/2467
f 2488/2487/2467 2729/2729/2707 2689/2689/2667
f 2725/2725/2703 2730/2730/2708 2728/2728/2706
f 2724/2724/2702 2687/2687/2665 2731/2731/2709
f 2534/2534/2513 2574/2574/2553 2727/2727/2705
f 2534/2534/2513 2727/2727/2705 2732/2732/2710
f 2733/2733/2711 2645/2644/2623 2692/2692/2670
f 2734/2734/2712 2644/2643/2622 2645/2644/2623
f 2729/2729/2707 2533/2533/2512 2691/2691/2669
f 2534/2534/2513 2732/2732/2710 2577/2577/2556
f 2735/2735/2713 2646/2645/2624 2577/2577/2556
f 2724/2724/2702 2731/2731/2709 2736/2736/2714
f 2577/2577/2556 2732/2732/2710 2735/2735/2713
f 2687/2687/2665 2728/2728/2706 2731/2731/2709
f 2737/2737/2715 2728/2728/2706 2738/2738/2716
f 2731/2731/2709 2728/2728/2706 2737/2737/2715
f 2694/2694/2672 2579/2579/2558 2613/2613/2592
f 2731/2731/2709 2737/2737/2715 2739/2739/2717
f 2695/2695/2673 2616/2616/2595 2740/2740/2718
f 2649/2648/2627 2740/2740/2718 2616/2616/2595
f 2580/2580/2559 2496/2495/2475 2741/2741/2719
f 2495/2494/2474 2696/2696/2674 2496/2495/2475
f 2742/2742/2720 2696/2696/2674 2650/2649/2628
f 2497/2496/2476 2698/2698/2676 2651/2650/2629
f 2498/2497/2477 2652/2651/2630 2743/2743/2721
f 2412/2412/2392 2699/2699/2677 2698/2698/2676
f 2498/2497/2477 2743/2743/2721 2583/2583/2562
f 2699/2699/2677 2542/2542/2521 2654/2653/2632
f 2744/2744/2722 2544/2544/2523 2618/2618/2597
f 2656/2655/2634 2546/2546/2525 2700/2700/2678
f 2745/2745/2723 2584/2584/2563 2583/2583/2562
f 2658/2657/2636 2700/2700/2678 2620/2620/2599
f 2746/2746/2724 2585/2585/2564 2584/2584/2563
f 2500/2499/2479 2585/2585/2564 2621/2621/2600
f 2587/2587/2566 2503/2502/2482 2747/2747/2725
f 2706/2706/2684 2503/2502/2482 2549/2549/2528
f 2747/2747/2725 2503/2502/2482 2706/2706/2684
f 2748/2748/2726 2623/2623/2602 2662/2661/2640
f 2708/2708/2686 2507/2506/2486 2465/2465/2445
f 2665/2664/2643 2468/2468/2448 2509/2508/2488
f 2667/2666/2645 2629/2628/2607 2430/2430/2410
f 2710/2710/2688 2590/2590/2569 2712/2712/2690
f 2671/2671/2649 2557/2557/2536 2669/2669/2647
f 2671/2671/2649 2513/2513/2492 2557/2557/2536
f 2749/2749/2727 2672/2672/2650 2671/2671/2649
f 2670/2670/2648 2514/2514/2493 2714/2714/2692
f 2593/2593/2572 2714/2714/2692 2592/2592/2571
f 2632/2631/2610 2750/2750/2728 2558/2558/2537
f 2558/2558/2537 2750/2750/2728 2633/2632/2611
f 2593/2593/2572 2559/2559/2538 2751/2751/2729
f 2559/2559/2538 2715/2715/2693 2751/2751/2729
f 2673/2673/2651 2633/2632/2611 2752/2752/2730
f 2561/2561/2540 2716/2716/2694 2634/2633/2612
f 2753/2753/2731 2634/2633/2612 2716/2716/2694
f 2716/2716/2694 2718/2718/2696 2753/2753/2731
f 2754/2754/2732 2753/2753/2731 2718/2718/2696
f 2718/2718/2696 2675/2675/2653 2754/2754/2732
f 2675/2675/2653 2636/2635/2614 2754/2754/2732
f 2637/2636/2615 2635/2634/2613 2755/2755/2733
f 2636/2635/2614 2599/2599/2578 2719/2719/2697
f 2719/2719/2697 2638/2637/2616 2676/2676/2654
f 2719/2719/2697 2676/2676/2654 2756/2756/2734
f 2676/2676/2654 2677/2677/2655 2756/2756/2734
f 2485/2484/2464 2720/2720/2698 2722/2722/2700
f 2756/2756/2734 2677/2677/2655 2757/2757/2735
f 2679/2679/2657 2757/2757/2735 2677/2677/2655
f 2723/2723/2701 2758/2758/2736 2721/2721/2699
f 2722/2722/2700 2578/2578/2557 2452/2452/2432
f 2723/2723/2701 2682/2682/2660 2759/2759/2737
f 2726/2726/2704 2757/2757/2735 2679/2679/2657
f 2760/2760/2738 2721/2721/2699 2758/2758/2736
f 2721/2721/2699 2760/2760/2738 2725/2725/2703
f 2726/2726/2704 2724/2724/2702 2761/2761/2739
f 2762/2762/2740 2726/2726/2704 2761/2761/2739
f 2578/2578/2557 2763/2763/2741 2647/2646/2625
f 2734/2734/2712 2693/2693/2671 2644/2643/2622
f 2725/2725/2703 2760/2760/2738 2730/2730/2708
f 2764/2764/2742 2686/2686/2664 2688/2688/2666
f 2764/2764/2742 2727/2727/2705 2686/2686/2664
f 2612/2612/2591 2646/2645/2624 2765/2765/2743
f 2691/2691/2669 2576/2576/2555 2693/2693/2671
f 2730/2730/2708 2738/2738/2716 2728/2728/2706
f 2610/2610/2589 2766/2766/2744 2688/2688/2666
f 2724/2724/2702 2736/2736/2714 2761/2761/2739
f 2766/2766/2744 2610/2610/2589 2694/2694/2672
f 2761/2761/2739 2736/2736/2714 2767/2767/2745
f 2613/2613/2592 2648/2647/2626 2694/2694/2672
f 2768/2768/2746 2694/2694/2672 2648/2647/2626
f 2738/2738/2716 2730/2730/2708 2769/2769/2747
f 2737/2737/2715 2738/2738/2716 2739/2739/2717
f 2770/2770/2748 2767/2767/2745 2736/2736/2714
f 2771/2771/2749 2738/2738/2716 2769/2769/2747
f 2739/2739/2717 2738/2738/2716 2771/2771/2749
f 2736/2736/2714 2731/2731/2709 2772/2772/2750
f 2770/2770/2748 2736/2736/2714 2772/2772/2750
f 2731/2731/2709 2739/2739/2717 2772/2772/2750
f 2648/2647/2626 2695/2695/2673 2768/2768/2746
f 2695/2695/2673 2740/2740/2718 2773/2773/2751
f 2774/2774/2752 2771/2771/2749 2769/2769/2747
f 2772/2772/2750 2739/2739/2717 2771/2771/2749
f 2775/2775/2753 2771/2771/2749 2774/2774/2752
f 2772/2772/2750 2771/2771/2749 2776/2776/2754
f 2649/2648/2627 2580/2580/2559 2741/2741/2719
f 2777/2777/2755 2776/2776/2754 2771/2771/2749
f 2742/2742/2720 2650/2649/2628 2778/2778/2756
f 2650/2649/2628 2697/2697/2675 2778/2778/2756
f 2697/2697/2675 2651/2650/2629 2779/2779/2757
f 2652/2651/2630 2653/2652/2631 2780/2780/2758
f 2779/2779/2757 2651/2650/2629 2698/2698/2676
f 2699/2699/2677 2781/2781/2759 2698/2698/2676
f 2782/2782/2760 2699/2699/2677 2654/2653/2632
f 2544/2544/2523 2744/2744/2722 2654/2653/2632
f 2583/2583/2562 2743/2743/2721 2745/2745/2723
f 2582/2582/2561 2619/2619/2598 2783/2783/2761
f 2700/2700/2678 2784/2784/2762 2656/2655/2634
f 2584/2584/2563 2745/2745/2723 2746/2746/2724
f 2784/2784/2762 2700/2700/2678 2658/2657/2636
f 2658/2657/2636 2657/2656/2635 2785/2785/2763
f 2621/2621/2600 2585/2585/2564 2746/2746/2724
f 2785/2785/2763 2657/2656/2635 2659/2658/2637
f 2786/2786/2764 2621/2621/2600 2746/2746/2724
f 2659/2658/2637 2547/2547/2526 2701/2701/2679
f 2786/2786/2764 2622/2622/2601 2621/2621/2600
f 2702/2702/2680 2701/2701/2679 2586/2586/2565
f 2660/2659/2638 2622/2622/2601 2786/2786/2764
f 2587/2587/2566 2747/2747/2725 2702/2702/2680
f 2787/2787/2765 2788/2788/2766 2661/2660/2639
f 2623/2623/2602 2748/2748/2726 2707/2707/2685
f 2787/2787/2765 2661/2660/2639 2663/2662/2641
f 2708/2708/2686 2508/2507/2487 2665/2664/2643
f 2709/2709/2687 2626/2626/2605 2427/2427/2407
f 2626/2626/2605 2667/2666/2645 2510/2509/2489
f 2711/2711/2689 2469/2469/2449 2789/2789/2767
f 2627/2627/2606 2789/2789/2767 2469/2469/2449
f 2668/2668/2646 2556/2556/2535 2711/2711/2689
f 2790/2790/2768 2712/2712/2690 2630/2629/2608
f 2790/2790/2768 2630/2629/2608 2631/2630/2609
f 2791/2791/2769 2714/2714/2692 2593/2593/2572
f 2634/2633/2612 2792/2792/2770 2793/2793/2771
f 2634/2633/2612 2753/2753/2731 2792/2792/2770
f 2754/2754/2732 2636/2635/2614 2794/2794/2772
f 2636/2635/2614 2719/2719/2697 2794/2794/2772
f 2795/2795/2773 2720/2720/2698 2637/2636/2615
f 2796/2796/2774 2719/2719/2697 2756/2756/2734
f 2722/2722/2700 2797/2797/2775 2578/2578/2557
f 2578/2578/2557 2797/2797/2775 2763/2763/2741
f 2682/2682/2660 2683/2683/2661 2759/2759/2737
f 2723/2723/2701 2798/2798/2776 2758/2758/2736
f 2726/2726/2704 2762/2762/2740 2757/2757/2735
f 2645/2644/2623 2733/2733/2711 2734/2734/2712
f 2760/2760/2738 2758/2758/2736 2798/2798/2776
f 2761/2761/2739 2799/2799/2777 2762/2762/2740
f 2688/2688/2666 2766/2766/2744 2764/2764/2742
f 2732/2732/2710 2727/2727/2705 2764/2764/2742
f 2800/2800/2778 2732/2732/2710 2764/2764/2742
f 2691/2691/2669 2693/2693/2671 2801/2801/2779
f 2729/2729/2707 2691/2691/2669 2801/2801/2779
f 2802/2802/2780 2647/2646/2625 2763/2763/2741
f 2803/2803/2781 2766/2766/2744 2694/2694/2672
f 2767/2767/2745 2804/2804/2782 2761/2761/2739
f 2804/2804/2782 2799/2799/2777 2761/2761/2739
f 2803/2803/2781 2694/2694/2672 2768/2768/2746
f 2769/2769/2747 2730/2730/2708 2805/2805/2783
f 2770/2770/2748 2804/2804/2782 2767/2767/2745
f 2614/2614/2593 2647/2646/2625 2806/2806/2784
f 2772/2772/2750 2776/2776/2754 2770/2770/2748
f 2807/2807/2785 2740/2740/2718 2649/2648/2627
f 2741/2741/2719 2807/2807/2785 2649/2648/2627
f 2770/2770/2748 2776/2776/2754 2808/2808/2786
f 2809/2809/2787 2774/2774/2752 2810/2810/2788
f 2775/2775/2753 2774/2774/2752 2809/2809/2787
f 2808/2808/2786 2811/2811/2789 2770/2770/2748
f 2614/2614/2593 2806/2806/2784 2581/2581/2560
f 2812/2812/2790 2775/2775/2753 2809/2809/2787
f 2813/2813/2791 2741/2741/2719 2496/2495/2475
f 2775/2775/2753 2777/2777/2755 2771/2771/2749
f 2808/2808/2786 2776/2776/2754 2777/2777/2755
f 2813/2813/2791 2496/2495/2475 2696/2696/2674
f 2780/2780/2758 2581/2581/2560 2806/2806/2784
f 2777/2777/2755 2775/2775/2753 2812/2812/2790
f 2653/2652/2631 2581/2581/2560 2780/2780/2758
f 2697/2697/2675 2779/2779/2757 2814/2814/2792
f 2699/2699/2677 2782/2782/2760 2781/2781/2759
f 2743/2743/2721 2815/2815/2793 2745/2745/2723
f 2654/2653/2632 2744/2744/2722 2782/2782/2760
f 2816/2816/2794 2744/2744/2722 2618/2618/2597
f 2817/2817/2795 2619/2619/2598 2818/2818/2796
f 2819/2819/2797 2745/2745/2723 2820/2820/2798
f 2656/2655/2634 2818/2818/2796 2619/2619/2598
f 2819/2819/2797 2746/2746/2724 2745/2745/2723
f 2784/2784/2762 2658/2657/2636 2821/2821/2799
f 2786/2786/2764 2746/2746/2724 2822/2822/2800
f 2785/2785/2763 2659/2658/2637 2823/2823/2801
f 2659/2658/2637 2701/2701/2679 2823/2823/2801
f 2824/2824/2802 2704/2704/2682 2703/2703/2681
f 2747/2747/2725 2706/2706/2684 2825/2825/2803
f 2705/2705/2683 2825/2825/2803 2706/2706/2684
f 2662/2661/2640 2704/2704/2682 2824/2824/2802
f 2748/2748/2726 2662/2661/2640 2826/2826/2804
f 2827/2827/2805 2748/2748/2726 2826/2826/2804
f 2828/2828/2806 2707/2707/2685 2827/2827/2805
f 2748/2748/2726 2827/2827/2805 2707/2707/2685
f 2828/2828/2806 2663/2662/2641 2707/2707/2685
f 2787/2787/2765 2663/2662/2641 2828/2828/2806
f 2589/2589/2568 2708/2708/2686 2829/2829/2807
f 2589/2589/2568 2829/2829/2807 2664/2663/2642
f 2509/2508/2488 2830/2830/2808 2665/2664/2643
f 2666/2665/2644 2831/2831/2809 2509/2508/2488
f 2625/2625/2604 2832/2832/2810 2709/2709/2687
f 2833/2833/2811 2832/2832/2810 2625/2625/2604
f 2624/2624/2603 2833/2833/2811 2625/2625/2604
f 2709/2709/2687 2834/2834/2812 2626/2626/2605
f 2712/2712/2690 2835/2835/2813 2710/2710/2688
f 2836/2836/2814 2591/2591/2570 2668/2668/2646
f 2591/2591/2570 2669/2669/2647 2512/2512/2491
f 2669/2669/2647 2591/2591/2570 2837/2837/2815
f 2838/2838/2816 2749/2749/2727 2671/2671/2649
f 2672/2672/2650 2749/2749/2727 2713/2713/2691
f 2713/2713/2691 2750/2750/2728 2632/2631/2610
f 2715/2715/2693 2839/2839/2817 2751/2751/2729
f 2715/2715/2693 2634/2633/2612 2793/2793/2771
f 2753/2753/2731 2754/2754/2732 2840/2840/2818
f 2796/2796/2774 2841/2841/2819 2794/2794/2772
f 2794/2794/2772 2719/2719/2697 2796/2796/2774
f 2842/2842/2820 2722/2722/2700 2720/2720/2698
f 2756/2756/2734 2757/2757/2735 2843/2843/2821
f 2843/2843/2821 2757/2757/2735 2844/2844/2822
f 2757/2757/2735 2762/2762/2740 2844/2844/2822
f 2762/2762/2740 2799/2799/2777 2844/2844/2822
f 2798/2798/2776 2723/2723/2701 2759/2759/2737
f 2735/2735/2713 2765/2765/2743 2646/2645/2624
f 2845/2845/2823 2612/2612/2591 2765/2765/2743
f 2692/2692/2670 2612/2612/2591 2845/2845/2823
f 2733/2733/2711 2692/2692/2670 2845/2845/2823
f 2733/2733/2711 2846/2846/2824 2734/2734/2712
f 2683/2683/2661 2643/2642/2621 2847/2847/2825
f 2760/2760/2738 2798/2798/2776 2805/2805/2783
f 2732/2732/2710 2800/2800/2778 2735/2735/2713
f 2848/2848/2826 2765/2765/2743 2735/2735/2713
f 2693/2693/2671 2734/2734/2712 2849/2849/2827
f 2730/2730/2708 2760/2760/2738 2805/2805/2783
f 2850/2850/2828 2803/2803/2781 2768/2768/2746
f 2768/2768/2746 2695/2695/2673 2850/2850/2828
f 2647/2646/2625 2802/2802/2780 2806/2806/2784
f 2773/2773/2751 2850/2850/2828 2695/2695/2673
f 2769/2769/2747 2805/2805/2783 2810/2810/2788
f 2770/2770/2748 2851/2851/2829 2804/2804/2782
f 2851/2851/2829 2852/2852/2830 2804/2804/2782
f 2769/2769/2747 2810/2810/2788 2774/2774/2752
f 2811/2811/2789 2851/2851/2829 2770/2770/2748
f 2809/2809/2787 2810/2810/2788 2853/2853/2831
f 2809/2809/2787 2853/2853/2831 2854/2854/2832
f 2809/2809/2787 2854/2854/2832 2812/2812/2790
f 2777/2777/2755 2855/2855/2833 2808/2808/2786
f 2855/2855/2833 2811/2811/2789 2808/2808/2786
f 2856/2856/2834 2811/2811/2789 2855/2855/2833
f 2696/2696/2674 2742/2742/2720 2813/2813/2791
f 2812/2812/2790 2854/2854/2832 2857/2857/2835
f 2812/2812/2790 2857/2857/2835 2777/2777/2755
f 2777/2777/2755 2857/2857/2835 2858/2858/2836
f 2858/2858/2836 2855/2855/2833 2777/2777/2755
f 2857/2857/2835 2854/2854/2832 2859/2859/2837
f 2697/2697/2675 2814/2814/2792 2778/2778/2756
f 2743/2743/2721 2652/2651/2630 2860/2860/2838
f 2698/2698/2676 2781/2781/2759 2861/2861/2839
f 2655/2654/2633 2582/2582/2561 2783/2783/2761
f 2815/2815/2793 2820/2820/2798 2745/2745/2723
f 2783/2783/2761 2619/2619/2598 2817/2817/2795
f 2784/2784/2762 2821/2821/2799 2656/2655/2634
f 2658/2657/2636 2785/2785/2763 2862/2862/2840
f 2821/2821/2799 2658/2657/2636 2862/2862/2840
f 2819/2819/2797 2822/2822/2800 2746/2746/2724
f 2786/2786/2764 2863/2863/2841 2660/2659/2638
f 2701/2701/2679 2702/2702/2680 2864/2864/2842
f 2863/2863/2841 2703/2703/2681 2660/2659/2638
f 2702/2702/2680 2747/2747/2725 2865/2865/2843
f 2825/2825/2803 2865/2865/2843 2747/2747/2725
f 2866/2866/2844 2867/2867/2845 2788/2788/2766
f 2868/2868/2846 2866/2866/2844 2787/2787/2765
f 2787/2787/2765 2866/2866/2844 2788/2788/2766
f 2867/2867/2845 2705/2705/2683 2788/2788/2766
f 2826/2826/2804 2662/2661/2640 2824/2824/2802
f 2787/2787/2765 2828/2828/2806 2868/2868/2846
f 2705/2705/2683 2661/2660/2639 2788/2788/2766
f 2825/2825/2803 2705/2705/2683 2867/2867/2845
f 2708/2708/2686 2869/2869/2847 2829/2829/2807
f 2831/2831/2809 2830/2830/2808 2509/2508/2488
f 2870/2870/2848 2833/2833/2811 2624/2624/2603
f 2664/2663/2642 2870/2870/2848 2624/2624/2603
f 2629/2628/2607 2667/2666/2645 2871/2871/2849
f 2668/2668/2646 2711/2711/2689 2872/2872/2850
f 2668/2668/2646 2872/2872/2850 2836/2836/2814
f 2712/2712/2690 2790/2790/2768 2873/2873/2851
f 2836/2836/2814 2837/2837/2815 2591/2591/2570
f 2670/2670/2648 2874/2874/2852 2631/2630/2609
f 2670/2670/2648 2714/2714/2692 2791/2791/2769
f 2593/2593/2572 2839/2839/2817 2791/2791/2769
f 2593/2593/2572 2751/2751/2729 2839/2839/2817
f 2875/2875/2853 2715/2715/2693 2793/2793/2771
f 2674/2674/2652 2876/2876/2854 2717/2717/2695
f 2792/2792/2770 2753/2753/2731 2840/2840/2818
f 2635/2634/2613 2717/2717/2695 2755/2755/2733
f 2877/2877/2855 2840/2840/2818 2754/2754/2732
f 2637/2636/2615 2755/2755/2733 2795/2795/2773
f 2877/2877/2855 2754/2754/2732 2794/2794/2772
f 2720/2720/2698 2795/2795/2773 2842/2842/2820
f 2796/2796/2774 2756/2756/2734 2843/2843/2821
f 2842/2842/2820 2797/2797/2775 2722/2722/2700
f 2844/2844/2822 2799/2799/2777 2878/2878/2856
f 2733/2733/2711 2845/2845/2823 2879/2879/2857
f 2846/2846/2824 2733/2733/2711 2879/2879/2857
f 2846/2846/2824 2849/2849/2827 2734/2734/2712
f 2880/2880/2858 2800/2800/2778 2764/2764/2742
f 2693/2693/2671 2849/2849/2827 2881/2881/2859
f 2881/2881/2859 2801/2801/2779 2693/2693/2671
f 2847/2847/2825 2643/2642/2621 2882/2882/2860
f 2882/2882/2860 2643/2642/2621 2689/2689/2667
f 2759/2759/2737 2683/2683/2661 2847/2847/2825
f 2798/2798/2776 2883/2883/2861 2805/2805/2783
f 2764/2764/2742 2766/2766/2744 2880/2880/2858
f 2735/2735/2713 2800/2800/2778 2848/2848/2826
f 2883/2883/2861 2798/2798/2776 2759/2759/2737
f 2801/2801/2779 2881/2881/2859 2884/2884/2862
f 2729/2729/2707 2801/2801/2779 2884/2884/2862
f 2885/2885/2863 2729/2729/2707 2884/2884/2862
f 2689/2689/2667 2729/2729/2707 2885/2885/2863
f 2882/2882/2860 2689/2689/2667 2885/2885/2863
f 2880/2880/2858 2766/2766/2744 2803/2803/2781
f 2799/2799/2777 2804/2804/2782 2886/2886/2864
f 2883/2883/2861 2887/2887/2865 2805/2805/2783
f 2810/2810/2788 2805/2805/2783 2887/2887/2865
f 2851/2851/2829 2888/2888/2866 2852/2852/2830
f 2888/2888/2866 2851/2851/2829 2811/2811/2789
f 2780/2780/2758 2806/2806/2784 2889/2889/2867
f 2853/2853/2831 2890/2890/2868 2854/2854/2832
f 2742/2742/2720 2891/2891/2869 2813/2813/2791
f 2891/2891/2869 2892/2892/2870 2813/2813/2791
f 2893/2893/2871 2854/2854/2832 2890/2890/2868
f 2778/2778/2756 2891/2891/2869 2742/2742/2720
f 2889/2889/2867 2652/2651/2630 2780/2780/2758
f 2854/2854/2832 2893/2893/2871 2859/2859/2837
f 2857/2857/2835 2859/2859/2837 2858/2858/2836
f 2859/2859/2837 2894/2894/2872 2858/2858/2836
f 2855/2855/2833 2858/2858/2836 2894/2894/2872
f 2860/2860/2838 2815/2815/2793 2743/2743/2721
f 2861/2861/2839 2779/2779/2757 2698/2698/2676
f 2895/2895/2873 2815/2815/2793 2860/2860/2838
f 2744/2744/2722 2896/2896/2874 2782/2782/2760
f 2820/2820/2798 2815/2815/2793 2895/2895/2873
f 2897/2897/2875 2820/2820/2798 2895/2895/2873
f 2618/2618/2597 2898/2898/2876 2816/2816/2794
f 2898/2898/2876 2618/2618/2597 2655/2654/2633
f 2819/2819/2797 2820/2820/2798 2897/2897/2875
f 2899/2899/2877 2656/2655/2634 2821/2821/2799
f 2900/2900/2878 2822/2822/2800 2819/2819/2797
f 2862/2862/2840 2785/2785/2763 2823/2823/2801
f 2901/2901/2879 2823/2823/2801 2701/2701/2679
f 2864/2864/2842 2702/2702/2680 2865/2865/2843
f 2902/2902/2880 2824/2824/2802 2863/2863/2841
f 2824/2824/2802 2703/2703/2681 2863/2863/2841
f 2828/2828/2806 2827/2827/2805 2903/2903/2881
f 2868/2868/2846 2828/2828/2806 2903/2903/2881
f 2665/2664/2643 2830/2830/2808 2708/2708/2686
f 2829/2829/2807 2870/2870/2848 2664/2663/2642
f 2833/2833/2811 2904/2904/2882 2832/2832/2810
f 2629/2628/2607 2905/2905/2883 2628/2667/2606
f 2629/2628/2607 2871/2871/2849 2905/2905/2883
f 2710/2710/2688 2835/2835/2813 2666/2665/2644
f 2906/2906/2884 2789/2789/2767 2627/2627/2606
f 2872/2872/2850 2711/2711/2689 2789/2789/2767
f 2873/2873/2851 2835/2835/2813 2712/2712/2690
f 2908/2907/2885 2837/2837/2815 2836/2836/2814
f 2631/2630/2609 2909/2908/2886 2790/2790/2768
f 2791/2791/2769 2910/2909/2887 2670/2670/2648
f 2715/2715/2693 2875/2875/2853 2839/2839/2817
f 2673/2673/2651 2911/2910/2888 2594/2594/2573
f 2594/2594/2573 2876/2876/2854 2674/2674/2652
f 2717/2717/2695 2876/2876/2854 2912/2911/2889
f 2841/2841/2819 2877/2877/2855 2794/2794/2772
f 2796/2796/2774 2843/2843/2821 2913/2912/2890
f 2844/2844/2822 2913/2912/2890 2843/2843/2821
f 2914/2913/2891 2913/2912/2890 2844/2844/2822
f 2878/2878/2856 2914/2913/2891 2844/2844/2822
f 2848/2848/2826 2915/2914/2892 2765/2765/2743
f 2915/2914/2892 2845/2845/2823 2765/2765/2743
f 2916/2915/2893 2845/2845/2823 2915/2914/2892
f 2879/2879/2857 2845/2845/2823 2916/2915/2893
f 2879/2879/2857 2849/2849/2827 2846/2846/2824
f 2878/2878/2856 2799/2799/2777 2886/2886/2864
f 2763/2763/2741 2917/2916/2894 2802/2802/2780
f 2918/2917/2895 2759/2759/2737 2847/2847/2825
f 2800/2800/2778 2880/2880/2858 2919/2918/2896
f 2881/2881/2859 2849/2849/2827 2920/2919/2897
f 2884/2884/2862 2921/2920/2898 2885/2885/2863
f 2759/2759/2737 2918/2917/2895 2883/2883/2861
f 2921/2920/2898 2884/2884/2862 2922/2921/2899
f 2886/2886/2864 2804/2804/2782 2852/2852/2830
f 2810/2810/2788 2887/2887/2865 2923/2922/2900
f 2923/2922/2900 2887/2887/2865 2924/2923/2901
f 2811/2811/2789 2925/2924/2902 2888/2888/2866
f 2810/2810/2788 2923/2922/2900 2853/2853/2831
f 2925/2924/2902 2811/2811/2789 2856/2856/2834
f 2853/2853/2831 2923/2922/2900 2926/2925/2903
f 2856/2856/2834 2894/2894/2872 2927/2926/2904
f 2926/2925/2903 2890/2890/2868 2853/2853/2831
f 2856/2856/2834 2855/2855/2833 2894/2894/2872
f 2928/2927/2905 2929/2928/2906 2893/2893/2871
f 2652/2651/2630 2889/2889/2867 2860/2860/2838
f 2889/2889/2867 2930/2929/2907 2860/2860/2838
f 2779/2779/2757 2861/2861/2839 2814/2814/2792
f 2861/2861/2839 2781/2781/2759 2931/2930/2908
f 2896/2896/2874 2781/2781/2759 2782/2782/2760
f 2655/2654/2633 2783/2783/2761 2898/2898/2876
f 2898/2898/2876 2783/2783/2761 2817/2817/2795
f 2656/2655/2634 2899/2899/2877 2818/2818/2796
f 2862/2862/2840 2932/2931/2909 2821/2821/2799
f 2822/2822/2800 2933/2932/2910 2786/2786/2764
f 2862/2862/2840 2823/2823/2801 2901/2901/2879
f 2863/2863/2841 2786/2786/2764 2933/2932/2910
f 2826/2826/2804 2824/2824/2802 2934/2933/2911
f 2935/2934/2912 2866/2866/2844 2868/2868/2846
f 2866/2866/2844 2936/2935/2913 2867/2867/2845
f 2903/2903/2881 2935/2934/2912 2868/2868/2846
f 2626/2626/2605 2834/2834/2812 2667/2666/2645
f 2832/2832/2810 2834/2834/2812 2709/2709/2687
f 2937/2936/2914 2831/2831/2809 2666/2665/2644
f 2666/2665/2644 2835/2835/2813 2937/2936/2914
f 2907/2937/2884 2628/2667/2606 2905/2905/2883
f 2908/2907/2885 2836/2836/2814 2872/2872/2850
f 2938/2938/2915 2669/2669/2647 2837/2837/2815
f 2671/2671/2649 2669/2669/2647 2938/2938/2915
f 2838/2838/2816 2671/2671/2649 2938/2938/2915
f 2909/2908/2886 2631/2630/2609 2874/2874/2852
f 2939/2939/2916 2713/2713/2691 2749/2749/2727
f 2713/2713/2691 2939/2939/2916 2750/2750/2728
f 2750/2750/2728 2940/2940/2917 2633/2632/2611
f 2911/2910/2888 2876/2876/2854 2594/2594/2573
f 2875/2875/2853 2793/2793/2771 2941/2941/2918
f 2793/2793/2771 2792/2792/2770 2941/2941/2918
f 2941/2941/2918 2792/2792/2770 2942/2942/2919
f 2717/2717/2695 2912/2911/2889 2943/2943/2920
f 2792/2792/2770 2840/2840/2818 2942/2942/2919
f 2717/2717/2695 2943/2943/2920 2755/2755/2733
f 2877/2877/2855 2944/2944/2921 2840/2840/2818
f 2796/2796/2774 2913/2912/2890 2841/2841/2819
f 2945/2945/2922 2763/2763/2741 2797/2797/2775
f 2946/2946/2923 2914/2913/2891 2878/2878/2856
f 2878/2878/2856 2886/2886/2864 2946/2946/2923
f 2947/2947/2924 2879/2879/2857 2916/2915/2893
f 2916/2915/2893 2915/2914/2892 2948/2948/2925
f 2849/2849/2827 2879/2879/2857 2920/2919/2897
f 2920/2919/2897 2879/2879/2857 2947/2947/2924
f 2920/2919/2897 2949/2949/2926 2881/2881/2859
f 2882/2882/2860 2918/2917/2895 2847/2847/2825
f 2880/2880/2858 2803/2803/2781 2950/2950/2927
f 2918/2917/2895 2882/2882/2860 2951/2951/2928
f 2946/2946/2923 2886/2886/2864 2952/2952/2929
f 2881/2881/2859 2922/2921/2899 2884/2884/2862
f 2882/2882/2860 2885/2885/2863 2921/2920/2898
f 2953/2953/2930 2803/2803/2781 2850/2850/2828
f 2886/2886/2864 2852/2852/2830 2952/2952/2929
f 2850/2850/2828 2773/2773/2751 2953/2953/2930
f 2922/2921/2899 2881/2881/2859 2949/2949/2926
f 2921/2920/2898 2922/2921/2899 2954/2954/2931
f 2883/2883/2861 2918/2917/2895 2955/2955/2932
f 2773/2773/2751 2740/2740/2718 2807/2807/2785
f 2918/2917/2895 2956/2956/2933 2955/2955/2932
f 2887/2887/2865 2883/2883/2861 2955/2955/2932
f 2887/2887/2865 2955/2955/2932 2924/2923/2901
f 2952/2952/2929 2852/2852/2830 2888/2888/2866
f 2952/2952/2929 2888/2888/2866 2957/2957/2934
f 2957/2957/2934 2888/2888/2866 2925/2924/2902
f 2889/2889/2867 2806/2806/2784 2958/2958/2935
f 2813/2813/2791 2959/2959/2936 2741/2741/2719
f 2957/2957/2934 2925/2924/2902 2927/2926/2904
f 2960/2960/2937 2924/2923/2901 2961/2961/2938
f 2927/2926/2904 2925/2924/2902 2856/2856/2834
f 2923/2922/2900 2924/2923/2901 2962/2962/2939
f 2962/2962/2939 2924/2923/2901 2960/2960/2937
f 2923/2922/2900 2962/2962/2939 2926/2925/2903
f 2963/2963/2940 2964/2964/2941 2926/2925/2903
f 2926/2925/2903 2964/2964/2941 2890/2890/2868
f 2962/2962/2939 2960/2960/2937 2965/2965/2942
f 2926/2925/2903 2962/2962/2939 2963/2963/2940
f 2890/2890/2868 2964/2964/2941 2928/2927/2905
f 2928/2927/2905 2893/2893/2871 2890/2890/2868
f 2966/2966/2943 2927/2926/2904 2894/2894/2872
f 2963/2963/2940 2962/2962/2939 2965/2965/2942
f 2893/2893/2871 2929/2928/2906 2859/2859/2837
f 2894/2894/2872 2859/2859/2837 2966/2966/2943
f 2778/2778/2756 2814/2814/2792 2891/2891/2869
f 2895/2895/2873 2860/2860/2838 2930/2929/2907
f 2816/2816/2794 2967/2967/2944 2744/2744/2722
f 2967/2967/2944 2896/2896/2874 2744/2744/2722
f 2897/2897/2875 2895/2895/2873 2968/2968/2945
f 2817/2817/2795 2818/2818/2796 2899/2899/2877
f 2932/2931/2909 2899/2899/2877 2821/2821/2799
f 2897/2897/2875 2900/2900/2878 2819/2819/2797
f 2862/2862/2840 2901/2901/2879 2969/2969/2946
f 2864/2864/2842 2901/2901/2879 2701/2701/2679
f 2970/2970/2947 2863/2863/2841 2933/2932/2910
f 2902/2902/2880 2863/2863/2841 2970/2970/2947
f 2971/2971/2948 2864/2864/2842 2865/2865/2843
f 2934/2933/2911 2824/2824/2802 2902/2902/2880
f 2865/2865/2843 2825/2825/2803 2971/2971/2948
f 2826/2826/2804 2972/2972/2949 2827/2827/2805
f 2827/2827/2805 2972/2972/2949 2903/2903/2881
f 2834/2834/2812 2832/2832/2810 2904/2904/2882
f 2833/2833/2811 2973/2973/2950 2904/2904/2882
f 2870/2870/2848 2973/2973/2950 2833/2833/2811
f 2974/2974/2951 2871/2871/2849 2667/2666/2645
f 2834/2834/2812 2974/2974/2951 2667/2666/2645
f 2975/2975/2952 2937/2936/2914 2835/2835/2813
f 2976/2976/2953 2938/2938/2915 2837/2837/2815
f 2790/2790/2768 2909/2908/2886 2873/2873/2851
f 2749/2749/2727 2838/2838/2816 2939/2939/2916
f 2670/2670/2648 2910/2909/2887 2874/2874/2852
f 2633/2632/2611 2940/2940/2917 2752/2752/2730
f 2977/2977/2954 2910/2909/2887 2791/2791/2769
f 2791/2791/2769 2839/2839/2817 2977/2977/2954
f 2875/2875/2853 2977/2977/2954 2839/2839/2817
f 2943/2943/2920 2978/2978/2955 2755/2755/2733
f 2755/2755/2733 2978/2978/2955 2795/2795/2773
f 2913/2912/2890 2979/2979/2956 2841/2841/2819
f 2842/2842/2820 2945/2945/2922 2797/2797/2775
f 2945/2945/2922 2917/2916/2894 2763/2763/2741
f 2913/2912/2890 2914/2913/2891 2980/2980/2957
f 2981/2981/2958 2980/2980/2957 2946/2946/2923
f 2980/2980/2957 2914/2913/2891 2946/2946/2923
f 2848/2848/2826 2982/2982/2959 2915/2914/2892
f 2800/2800/2778 2919/2918/2896 2848/2848/2826
f 2915/2914/2892 2982/2982/2959 2948/2948/2925
f 2948/2948/2925 2983/2983/2960 2916/2915/2893
f 2983/2983/2960 2947/2947/2924 2916/2915/2893
f 2946/2946/2923 2952/2952/2929 2981/2981/2958
f 2950/2950/2927 2803/2803/2781 2984/2984/2961
f 2947/2947/2924 2983/2983/2960 2985/2985/2962
f 2803/2803/2781 2953/2953/2930 2984/2984/2961
f 2920/2919/2897 2947/2947/2924 2986/2986/2963
f 2949/2949/2926 2920/2919/2897 2986/2986/2963
f 2987/2987/2964 2882/2882/2860 2921/2920/2898
f 2951/2951/2928 2956/2956/2933 2918/2917/2895
f 2953/2953/2930 2773/2773/2751 2807/2807/2785
f 2953/2953/2930 2807/2807/2785 2988/2988/2965
f 2954/2954/2931 2987/2987/2964 2921/2920/2898
f 2989/2989/2966 2882/2882/2860 2987/2987/2964
f 2951/2951/2928 2882/2882/2860 2989/2989/2966
f 2806/2806/2784 2802/2802/2780 2990/2990/2967
f 2956/2956/2933 2961/2961/2938 2955/2955/2932
f 2952/2952/2929 2957/2957/2934 2981/2981/2958
f 2954/2954/2931 2922/2921/2899 2949/2949/2926
f 2807/2807/2785 2741/2741/2719 2959/2959/2936
f 2991/2991/2968 2961/2961/2938 2956/2956/2933
f 2955/2955/2932 2961/2961/2938 2924/2923/2901
f 2992/2992/2969 2957/2957/2934 2993/2993/2970
f 2991/2991/2968 2994/2994/2971 2961/2961/2938
f 2961/2961/2938 2994/2994/2971 2960/2960/2937
f 2927/2926/2904 2993/2993/2970 2957/2957/2934
f 2930/2929/2907 2889/2889/2867 2995/2995/2972
f 2960/2960/2937 2994/2994/2971 2996/2996/2973
f 2927/2926/2904 2966/2966/2943 2997/2997/2974
f 2927/2926/2904 2997/2997/2974 2993/2993/2970
f 2960/2960/2937 2996/2996/2973 2965/2965/2942
f 2997/2997/2974 2966/2966/2943 2998/2998/2975
f 2964/2964/2941 2999/2999/2976 2928/2927/2905
f 3000/3000/2977 2964/2964/2941 2963/2963/2940
f 2999/2999/2976 2964/2964/2941 3000/3000/2977
f 2966/2966/2943 2859/2859/2837 2929/2928/2906
f 2891/2891/2869 2814/2814/2792 3001/3001/2978
f 2963/2963/2940 2965/2965/2942 3002/3002/2979
f 2861/2861/2839 3003/3003/2980 2814/2814/2792
f 2965/2965/2942 2996/2996/2973 3004/3004/2981
f 3002/3002/2979 2965/2965/2942 3004/3004/2981
f 2896/2896/2874 2931/2930/2908 2781/2781/2759
f 2817/2817/2795 3005/3005/2982 2898/2898/2876
f 3006/3006/2983 2822/2822/2800 2900/2900/2878
f 3006/3006/2983 2933/2932/2910 2822/2822/2800
f 2932/2931/2909 2862/2862/2840 2969/2969/2946
f 2934/2933/2911 2902/2902/2880 3007/3007/2984
f 3008/3008/2985 2971/2971/2948 2825/2825/2803
f 2867/2867/2845 3008/3008/2985 2825/2825/2803
f 2867/2867/2845 2936/2935/2913 3008/3008/2985
f 2866/2866/2844 3009/3009/2986 3010/3010/2987
f 2936/2935/2913 2866/2866/2844 3010/3010/2987
f 2866/2866/2844 2935/2934/2912 3009/3009/2986
f 2829/2829/2807 3011/3011/2988 2870/2870/2848
f 3011/3011/2988 2829/2829/2807 2869/2869/2847
f 2869/2869/2847 2708/2708/2686 3012/3012/2989
f 2830/2830/2808 3012/3012/2989 2708/2708/2686
f 2831/2831/2809 3013/3013/2990 2830/2830/2808
f 2831/2831/2809 3014/3014/2991 3013/3013/2990
f 2937/2936/2914 3014/3014/2991 2831/2831/2809
f 2789/2789/2767 2906/2906/2884 3015/3015/2992
f 3016/3016/2993 2872/2872/2850 2789/2789/2767
f 2789/2789/2767 3015/3015/2992 3016/3016/2993
f 2872/2872/2850 3017/3017/2994 2908/2907/2885
f 2938/2938/2915 3018/3018/2995 2838/2838/2816
f 2910/2909/2887 3019/3019/2996 2874/2874/2852
f 2910/2909/2887 2977/2977/2954 3019/3019/2996
f 3020/3020/2997 2752/2752/2730 2940/2940/2917
f 2673/2673/2651 2752/2752/2730 3020/3020/2997
f 2673/2673/2651 3020/3020/2997 2911/2910/2888
f 2875/2875/2853 2941/2941/2918 3021/3021/2998
f 2912/2911/2889 3022/3022/2999 2943/2943/2920
f 2877/2877/2855 2841/2841/2819 3023/3023/3000
f 2795/2795/2773 2978/2978/2955 2842/2842/2820
f 3023/3023/3000 2841/2841/2819 2979/2979/2956
f 3024/3024/3001 2979/2979/2956 2913/2912/2890
f 2913/2912/2890 2980/2980/2957 3024/3024/3001
f 2919/2918/2896 2982/2982/2959 2848/2848/2826
f 2802/2802/2780 2917/2916/2894 3025/3025/3002
f 2919/2918/2896 2880/2880/2858 2950/2950/2927
f 2919/2918/2896 2950/2950/2927 3026/3026/3003
f 3027/3027/3004 2983/2983/2960 2948/2948/2925
f 3026/3026/3003 2950/2950/2927 2984/2984/2961
f 3027/3027/3004 2948/2948/2925 3028/3028/3005
f 2948/2948/2925 2982/2982/2959 3028/3028/3005
f 3029/3029/3006 2983/2983/2960 3027/3027/3004
f 2985/2985/2962 2983/2983/2960 3029/3029/3006
f 2990/2990/2967 2802/2802/2780 3025/3025/3002
f 2984/2984/2961 2953/2953/2930 2988/2988/2965
f 3030/3030/3007 2947/2947/2924 2985/2985/2962
f 2947/2947/2924 3030/3030/3007 2986/2986/2963
f 2986/2986/2963 3031/3031/3008 2949/2949/2926
f 3030/3030/3007 3032/3032/3009 2986/2986/2963
f 3032/3032/3009 3031/3031/3008 2986/2986/2963
f 2956/2956/2933 2951/2951/2928 2991/2991/2968
f 2981/2981/2958 2957/2957/2934 2992/2992/2969
f 2949/2949/2926 3031/3031/3008 3033/3033/3010
f 2951/2951/2928 2989/2989/2966 3034/3034/3011
f 2990/2990/2967 2958/2958/2935 2806/2806/2784
f 2991/2991/2968 2951/2951/2928 3034/3034/3011
f 2954/2954/2931 2949/2949/2926 3033/3033/3010
f 2989/2989/2966 2987/2987/2964 3035/3035/3012
f 3034/3034/3011 2989/2989/2966 3035/3035/3012
f 2959/2959/2936 2813/2813/2791 3036/3036/3013
f 2987/2987/2964 2954/2954/2931 3037/3037/3014
f 3035/3035/3012 2987/2987/2964 3037/3037/3014
f 3034/3034/3011 3035/3035/3012 3038/3038/3015
f 3037/3037/3014 2954/2954/2931 3033/3033/3010
f 3039/3039/3016 2991/2991/2968 3034/3034/3011
f 2958/2958/2935 2995/2995/2972 2889/2889/2867
f 3040/3040/3017 3039/3039/3016 3038/3038/3015
f 3039/3039/3016 3040/3040/3017 2991/2991/2968
f 3041/3041/3018 2991/2991/2968 3040/3040/3017
f 2998/2998/2975 2999/2999/2976 3042/3042/3019
f 2991/2991/2968 3041/3041/3018 2994/2994/2971
f 2928/2927/2905 2999/2999/2976 2998/2998/2975
f 2928/2927/2905 2998/2998/2975 2929/2928/2906
f 2966/2966/2943 2929/2928/2906 2998/2998/2975
f 2994/2994/2971 3041/3041/3018 3043/3043/3020
f 2814/2814/2792 3003/3003/2980 3001/3001/2978
f 2994/2994/2971 3043/3043/3020 2996/2996/2973
f 3002/3002/2979 3044/3044/3021 2963/2963/2940
f 3044/3044/3021 3000/3000/2977 2963/2963/2940
f 2861/2861/2839 3045/3045/3022 3003/3003/2980
f 3004/3004/2981 2996/2996/2973 3043/3043/3020
f 2861/2861/2839 2931/2930/2908 3045/3045/3022
f 3002/3002/2979 3004/3004/2981 3046/3046/3023
f 3041/3041/3018 3004/3004/2981 3043/3043/3020
f 2968/2968/2945 2895/2895/2873 2930/2929/2907
f 2897/2897/2875 2968/2968/2945 3047/3047/3024
f 2967/2967/2944 2816/2816/2794 3048/3048/3025
f 2898/2898/2876 3005/3005/2982 2816/2816/2794
f 2900/2900/2878 2897/2897/2875 3047/3047/3024
f 2864/2864/2842 3049/3049/3026 2901/2901/2879
f 2903/2903/2881 2972/2972/2949 2935/2934/2912
f 3050/3050/3027 3009/3009/2986 2935/2934/2912
f 3051/3051/3028 2871/2871/2849 2974/2974/2951
f 3052/3052/3029 3051/3051/3028 2974/2974/2951
f 2905/2905/2883 3054/3053/3030 2907/2937/2884
f 2937/2936/2914 2975/2975/2952 3014/3014/2991
f 3016/3016/2993 3055/3054/3031 2872/2872/2850
f 2975/2975/2952 2835/2835/2813 2873/2873/2851
f 2976/2976/2953 3018/3018/2995 2938/2938/2915
f 2874/2874/2852 3056/3055/3032 2909/2908/2886
f 3057/3056/3033 3019/3019/2996 2977/2977/2954
f 2911/2910/2888 3020/3020/2997 3058/3057/3034
f 2977/2977/2954 2875/2875/2853 3057/3056/3033
f 3058/3057/3034 2876/2876/2854 2911/2910/2888
f 3057/3056/3033 2875/2875/2853 3021/3021/2998
f 2941/2941/2918 3059/3058/3035 3021/3021/2998
f 2876/2876/2854 3060/3059/3036 2912/2911/2889
f 2840/2840/2818 3061/3060/3037 2942/2942/2919
f 2943/2943/2920 3022/3022/2999 2978/2978/2955
f 2840/2840/2818 2944/2944/2921 3061/3060/3037
f 2944/2944/2921 2877/2877/2855 3023/3023/3000
f 2978/2978/2955 3062/3061/3038 2842/2842/2820
f 3062/3061/3038 2945/2945/2922 2842/2842/2820
f 2980/2980/2957 2981/2981/2958 3063/3062/3039
f 3026/3026/3003 3064/3063/3040 2919/2918/2896
f 3064/3063/3040 2982/2982/2959 2919/2918/2896
f 3065/3064/3041 2990/2990/2967 3025/3025/3002
f 3066/3065/3042 2982/2982/2959 3064/3063/3040
f 3028/3028/3005 2982/2982/2959 3066/3065/3042
f 3067/3066/3043 3026/3026/3003 2984/2984/2961
f 2988/2988/2965 3067/3066/3043 2984/2984/2961
f 3029/3029/3006 3027/3027/3004 3028/3028/3005
f 3028/3028/3005 3068/3067/3044 3029/3029/3006
f 2807/2807/2785 3067/3066/3043 2988/2988/2965
f 2981/2981/2958 2992/2992/2969 3069/3068/3045
f 3067/3066/3043 2807/2807/2785 3070/3069/3046
f 2990/2990/2967 3071/3070/3047 2958/2958/2935
f 3072/3071/3048 3035/3035/3012 3037/3037/3014
f 3038/3038/3015 3035/3035/3012 3072/3071/3048
f 3034/3034/3011 3038/3038/3015 3039/3039/3016
f 3073/3072/3049 2992/2992/2969 2993/2993/2970
f 2813/2813/2791 2892/2892/2870 3036/3036/3013
f 3037/3037/3014 3033/3033/3010 3074/3073/3050
f 3074/3073/3050 3033/3033/3010 3075/3074/3051
f 3076/3075/3052 3037/3037/3014 3074/3073/3050
f 3072/3071/3048 3037/3037/3014 3076/3075/3052
f 3075/3074/3051 3033/3033/3010 3031/3031/3008
f 2993/2993/2970 2997/2997/2974 3073/3072/3049
f 2892/2892/2870 2891/2891/2869 3077/3076/3053
f 3078/3077/3054 3074/3073/3050 3075/3074/3051
f 2997/2997/2974 2998/2998/2975 3073/3072/3049
f 3077/3076/3053 2891/2891/2869 3001/3001/2978
f 3076/3075/3052 3074/3073/3050 3079/3078/3055
f 3072/3071/3048 3076/3075/3052 3079/3078/3055
f 3080/3079/3056 3072/3071/3048 3079/3078/3055
f 3038/3038/3015 3072/3071/3048 3081/3080/3057
f 3079/3078/3055 3074/3073/3050 3082/3081/3058
f 3081/3080/3057 3072/3071/3048 3080/3079/3056
f 3040/3040/3017 3038/3038/3015 3081/3080/3057
f 2999/2999/2976 3000/3000/2977 3083/3082/3059
f 3082/3081/3058 3080/3079/3056 3079/3078/3055
f 3040/3040/3017 3081/3080/3057 3084/3083/3060
f 3084/3083/3060 3081/3080/3057 3080/3079/3056
f 3040/3040/3017 3084/3083/3060 3041/3041/3018
f 3046/3046/3023 3044/3044/3021 3002/3002/2979
f 3085/3084/3061 3084/3083/3060 3080/3079/3056
f 3086/3085/3062 3041/3041/3018 3084/3083/3060
f 3041/3041/3018 3086/3085/3062 3004/3004/2981
f 3046/3046/3023 3004/3004/2981 3086/3085/3062
f 3084/3083/3060 3085/3084/3061 3086/3085/3062
f 3086/3085/3062 3085/3084/3061 3087/3086/3063
f 2967/2967/2944 3088/3087/3064 2896/2896/2874
f 3005/3005/2982 3048/3048/3025 2816/2816/2794
f 3047/3047/3024 3006/3006/2983 2900/2900/2878
f 3005/3005/2982 2817/2817/2795 2899/2899/2877
f 2932/2931/2909 3089/3088/3065 2899/2899/2877
f 3089/3088/3065 3005/3005/2982 2899/2899/2877
f 2970/2970/2947 2933/2932/2910 3006/3006/2983
f 2902/2902/2880 2970/2970/2947 3090/3089/3066
f 3007/3007/2984 2902/2902/2880 3090/3089/3066
f 3091/3090/3067 3049/3049/3026 2971/2971/2948
f 2864/2864/2842 2971/2971/2948 3049/3049/3026
f 3092/3091/3068 3091/3090/3067 2971/2971/2948
f 2934/2933/2911 3007/3007/2984 3093/3092/3069
f 2826/2826/2804 3093/3092/3069 2972/2972/2949
f 2826/2826/2804 2934/2933/2911 3093/3092/3069
f 3009/3009/2986 3094/3093/3070 3010/3010/2987
f 3010/3010/2987 3094/3093/3070 2936/2935/2913
f 2830/2830/2808 3095/3094/3071 3012/3012/2989
f 3011/3011/2988 3096/3095/3072 2870/2870/2848
f 3013/3013/2990 3097/3096/3073 2830/2830/2808
f 2905/2905/2883 2871/2871/2849 3051/3051/3028
f 2834/2834/2812 3098/3097/3074 2974/2974/2951
f 2834/2834/2812 2904/2904/2882 3098/3097/3074
f 3014/3014/2991 2975/2975/2952 3099/3098/3075
f 2872/2872/2850 3055/3054/3031 3017/3017/2994
f 3017/3017/2994 3100/3099/3076 2908/2907/2885
f 3101/3100/3077 2975/2975/2952 3102/3101/3078
f 2837/2837/2815 2908/2907/2885 3100/3099/3076
f 2873/2873/2851 3102/3101/3078 2975/2975/2952
f 3100/3099/3076 2976/2976/2953 2837/2837/2815
f 3102/3101/3078 2873/2873/2851 2909/2908/2886
f 2750/2750/2728 2939/2939/2916 3103/3102/3079
f 2874/2874/2852 3019/3019/2996 3056/3055/3032
f 3056/3055/3032 3019/3019/2996 3104/3103/3080
f 3105/3104/3081 3019/3019/2996 3057/3056/3033
f 3058/3057/3034 3060/3059/3036 2876/2876/2854
f 3105/3104/3081 3057/3056/3033 3021/3021/2998
f 3021/3021/2998 3059/3058/3035 3106/3105/3082
f 2942/2942/2919 3059/3058/3035 2941/2941/2918
f 2942/2942/2919 3061/3060/3037 3059/3058/3035
f 3107/3106/3083 2978/2978/2955 3022/3022/2999
f 3108/3107/3084 2944/2944/2921 3023/3023/3000
f 2978/2978/2955 3107/3106/3083 3062/3061/3038
f 3109/3108/3085 3023/3023/3000 2979/2979/2956
f 3069/3068/3045 3063/3062/3039 2981/2981/2958
f 3064/3063/3040 3026/3026/3003 3067/3066/3043
f 3110/3109/3086 3028/3028/3005 3066/3065/3042
f 3068/3067/3044 3028/3028/3005 3110/3109/3086
f 3064/3063/3040 3067/3066/3043 3070/3069/3046
f 3029/3029/3006 3068/3067/3044 2985/2985/2962
f 3070/3069/3046 2807/2807/2785 2959/2959/2936
f 3111/3110/3087 2985/2985/2962 3068/3067/3044
f 3030/3030/3007 2985/2985/2962 3111/3110/3087
f 3112/3111/3088 3030/3030/3007 3111/3110/3087
f 3113/3112/3089 3070/3069/3046 2959/2959/2936
f 2992/2992/2969 3114/3113/3090 3069/3068/3045
f 2959/2959/2936 3036/3036/3013 3113/3112/3089
f 3032/3032/3009 3030/3030/3007 3112/3111/3088
f 3071/3070/3047 2995/2995/2972 2958/2958/2935
f 3032/3032/3009 3115/3114/3091 3031/3031/3008
f 3036/3036/3013 2892/2892/2870 3077/3076/3053
f 2998/2998/2975 3042/3042/3019 3073/3072/3049
f 3115/3114/3091 3075/3074/3051 3031/3031/3008
f 3075/3074/3051 3116/3115/3092 3078/3077/3054
f 3078/3077/3054 3116/3115/3092 3117/3116/3093
f 3074/3073/3050 3078/3077/3054 3117/3116/3093
f 3118/3117/3094 3042/3042/3019 2999/2999/2976
f 3117/3116/3093 3116/3115/3092 3119/3118/3095
f 3082/3081/3058 3074/3073/3050 3117/3116/3093
f 3082/3081/3058 3117/3116/3093 3120/3119/3096
f 2931/2930/2908 2896/2896/2874 3121/3120/3097
f 3082/3081/3058 3122/3121/3098 3080/3079/3056
f 3123/3122/3099 3117/3116/3093 3124/3123/3100
f 3123/3122/3099 3120/3119/3096 3117/3116/3093
f 3122/3121/3098 3082/3081/3058 3120/3119/3096
f 3044/3044/3021 3046/3046/3023 3125/3124/3101
f 3080/3079/3056 3122/3121/3098 3085/3084/3061
f 3046/3046/3023 3086/3085/3062 3126/3125/3102
f 3122/3121/3098 3120/3119/3096 3127/3126/3103
f 3087/3086/3063 3126/3125/3102 3086/3085/3062
f 3128/3127/3104 3047/3047/3024 2968/2968/2945
f 3087/3086/3063 3085/3084/3061 3129/3128/3105
f 3122/3121/3098 3127/3126/3103 3129/3128/3105
f 3085/3084/3061 3122/3121/3098 3129/3128/3105
f 3130/3129/3106 3087/3086/3063 3129/3128/3105
f 3129/3128/3105 3127/3126/3103 3131/3130/3107
f 3132/3131/3108 3006/3006/2983 3047/3047/3024
f 3089/3088/3065 2932/2931/2909 2969/2969/2946
f 3132/3131/3108 2970/2970/2947 3006/3006/2983
f 2901/2901/2879 3133/3132/3109 3134/3133/3110
f 2969/2969/2946 2901/2901/2879 3134/3133/3110
f 3090/3089/3066 2970/2970/2947 3132/3131/3108
f 2901/2901/2879 3049/3049/3026 3133/3132/3109
f 2971/2971/2948 3008/3008/2985 3092/3091/3068
f 2936/2935/2913 3135/3134/3111 3008/3008/2985
f 3050/3050/3027 2935/2934/2912 2972/2972/2949
f 3094/3093/3070 3009/3009/2986 3050/3050/3027
f 2869/2869/2847 3136/3135/3112 3011/3011/2988
f 3097/3096/3073 3095/3094/3071 2830/2830/2808
f 2973/2973/2950 3137/3136/3113 2904/2904/2882
f 2905/2905/2883 3051/3051/3028 3138/3137/3114
f 3138/3137/3114 3051/3051/3028 3139/3138/3115
f 2974/2974/2951 3140/3139/3116 3052/3052/3029
f 3138/3137/3114 3054/3053/3030 2905/2905/2883
f 3141/3140/3117 3016/3016/2993 3015/3015/2992
f 3016/3016/2993 3142/3141/3118 3055/3054/3031
f 2975/2975/2952 3101/3100/3077 3099/3098/3075
f 3100/3099/3076 3018/3018/2995 2976/2976/2953
f 3143/3142/3119 2939/2939/2916 2838/2838/2816
f 3104/3103/3080 3102/3101/3078 2909/2908/2886
f 2909/2908/2886 3056/3055/3032 3104/3103/3080
f 3144/3143/3120 3103/3102/3079 2939/2939/2916
f 3019/3019/2996 3145/3144/3121 3104/3103/3080
f 3105/3104/3081 3145/3144/3121 3019/3019/2996
f 3058/3057/3034 3146/3145/3122 3060/3059/3036
f 3021/3021/2998 3147/3146/3123 3105/3104/3081
f 3106/3105/3082 3059/3058/3035 3148/3147/3124
f 3108/3107/3084 3059/3058/3035 3061/3060/3037
f 3061/3060/3037 2944/2944/2921 3108/3107/3084
f 2979/2979/2956 3149/3148/3125 3109/3108/3085
f 2979/2979/2956 3024/3024/3001 3149/3148/3125
f 3024/3024/3001 2980/2980/2957 3150/3149/3126
f 3063/3062/3039 3150/3149/3126 2980/2980/2957
f 3025/3025/3002 2917/2916/2894 3151/3150/3127
f 3152/3151/3128 3063/3062/3039 3069/3068/3045
f 3071/3070/3047 2990/2990/2967 3065/3064/3041
f 3110/3109/3086 3066/3065/3042 3153/3152/3129
f 3113/3112/3089 3066/3065/3042 3070/3069/3046
f 3070/3069/3046 3066/3065/3042 3064/3063/3040
f 3032/3032/3009 3112/3111/3088 3154/3153/3130
f 3114/3113/3090 2992/2992/2969 3073/3072/3049
f 3155/3154/3131 3077/3076/3053 3001/3001/2978
f 3001/3001/2978 3003/3003/2980 3155/3154/3131
f 3042/3042/3019 3156/3155/3132 3073/3072/3049
f 3075/3074/3051 3115/3114/3091 3157/3156/3133
f 3118/3117/3094 3156/3155/3132 3042/3042/3019
f 3157/3156/3133 3116/3115/3092 3075/3074/3051
f 3158/3157/3134 2968/2968/2945 2930/2929/2907
f 3118/3117/3094 2999/2999/2976 3083/3082/3059
f 3116/3115/3092 3159/3158/3135 3119/3118/3095
f 3045/3045/3022 2931/2930/2908 3121/3120/3097
f 3044/3044/3021 3160/3159/3136 3083/3082/3059
f 3083/3082/3059 3000/3000/2977 3044/3044/3021
f 3124/3123/3100 3119/3118/3095 3159/3158/3135
f 3119/3118/3095 3124/3123/3100 3117/3116/3093
f 3161/3160/3137 2968/2968/2945 3158/3157/3134
f 3125/3124/3101 3046/3046/3023 3162/3161/3138
f 3128/3127/3104 2968/2968/2945 3161/3160/3137
f 3163/3162/3139 2896/2896/2874 3088/3087/3064
f 3120/3119/3096 3123/3122/3099 3164/3163/3140
f 3046/3046/3023 3126/3125/3102 3162/3161/3138
f 3124/3123/3100 3165/3164/3141 3123/3122/3099
f 3120/3119/3096 3164/3163/3140 3127/3126/3103
f 3048/3048/3025 3166/3165/3142 2967/2967/2944
f 3165/3164/3141 3164/3163/3140 3123/3122/3099
f 3126/3125/3102 3087/3086/3063 3130/3129/3106
f 3167/3166/3143 3164/3163/3140 3165/3164/3141
f 3127/3126/3103 3164/3163/3140 3167/3166/3143
f 3168/3167/3144 3167/3166/3143 3165/3164/3141
f 3127/3126/3103 3167/3166/3143 3131/3130/3107
f 3089/3088/3065 3048/3048/3025 3005/3005/2982
f 3131/3130/3107 3167/3166/3143 3169/3168/3145
f 3129/3128/3105 3131/3130/3107 3170/3169/3146
f 3170/3169/3146 3130/3129/3106 3129/3128/3105
f 3132/3131/3108 3047/3047/3024 3171/3170/3147
f 3167/3166/3143 3168/3167/3144 3172/3171/3148
f 3169/3168/3145 3167/3166/3143 3172/3171/3148
f 3131/3130/3107 3169/3168/3145 3173/3172/3149
f 3170/3169/3146 3131/3130/3107 3173/3172/3149
f 3174/3173/3150 3175/3174/3151 3170/3169/3146
f 3174/3173/3150 3170/3169/3146 3173/3172/3149
f 2969/2969/2946 3134/3133/3110 3089/3088/3065
f 3176/3175/3152 3134/3133/3110 3133/3132/3109
f 3171/3170/3147 3090/3089/3066 3132/3131/3108
f 3177/3176/3153 3090/3089/3066 3171/3170/3147
f 3007/3007/2984 3090/3089/3066 3177/3176/3153
f 3049/3049/3026 3091/3090/3067 3178/3177/3154
f 3050/3050/3027 2972/2972/2949 3179/3178/3155
f 2972/2972/2949 3093/3092/3069 3179/3178/3155
f 3008/3008/2985 3135/3134/3111 3092/3091/3068
f 2936/2935/2913 3094/3093/3070 3135/3134/3111
f 3012/3012/2989 3136/3135/3112 2869/2869/2847
f 3096/3095/3072 2973/2973/2950 2870/2870/2848
f 3098/3097/3074 3140/3139/3116 2974/2974/2951
f 2904/2904/2882 3180/3179/3156 3098/3097/3074
f 3137/3136/3113 3180/3179/3156 2904/2904/2882
f 3051/3051/3028 3181/3180/3157 3139/3138/3115
f 3052/3052/3029 3181/3180/3157 3051/3051/3028
f 3138/3137/3114 3182/3181/3158 3054/3053/3030
f 3139/3138/3115 3182/3181/3158 3138/3137/3114
f 3015/3015/2992 2906/2906/2884 3141/3140/3117
f 3141/3140/3117 2906/2906/2884 3053/3182/3030
f 3054/3053/3030 3182/3181/3158 3184/3183/3159
f 3183/3184/3159 3141/3140/3117 3053/3182/3030
f 3141/3140/3117 3142/3141/3118 3016/3016/2993
f 3055/3054/3031 3185/3185/3160 3017/3017/2994
f 3186/3186/3161 2838/2838/2816 3018/3018/2995
f 2838/2838/2816 3186/3186/3161 3143/3142/3119
f 2940/2940/2917 2750/2750/2728 3187/3187/3162
f 3187/3187/3162 2750/2750/2728 3103/3102/3079
f 3147/3146/3123 3188/3188/3163 3105/3104/3081
f 3021/3021/2998 3106/3105/3082 3189/3189/3164
f 3108/3107/3084 3023/3023/3000 3109/3108/3085
f 2945/2945/2922 3062/3061/3038 3190/3190/3165
f 2917/2916/2894 2945/2945/2922 3190/3190/3165
f 3025/3025/3002 3191/3191/3166 3065/3064/3041
f 3068/3067/3044 3192/3192/3167 3193/3193/3168
f 3068/3067/3044 3193/3193/3168 3111/3110/3087
f 3112/3111/3088 3111/3110/3087 3193/3193/3168
f 3154/3153/3130 3112/3111/3088 3193/3193/3168
f 3073/3072/3049 3156/3155/3132 3114/3113/3090
f 3154/3153/3130 3115/3114/3091 3032/3032/3009
f 3157/3156/3133 3115/3114/3091 3194/3194/3169
f 2995/2995/2972 3158/3157/3134 2930/2929/2907
f 3003/3003/2980 3045/3045/3022 3195/3195/3170
f 3195/3195/3170 3045/3045/3022 3121/3120/3097
f 3157/3156/3133 3159/3158/3135 3116/3115/3092
f 3159/3158/3135 3196/3196/3171 3124/3123/3100
f 3197/3197/3172 3160/3159/3136 3125/3124/3101
f 3044/3044/3021 3125/3124/3101 3160/3159/3136
f 3125/3124/3101 3162/3161/3138 3198/3198/3173
f 3126/3125/3102 3199/3199/3174 3162/3161/3138
f 3162/3161/3138 3199/3199/3174 3198/3198/3173
f 3166/3165/3142 3088/3087/3064 2967/2967/2944
f 3124/3123/3100 3196/3196/3171 3165/3164/3141
f 3198/3198/3173 3199/3199/3174 3200/3200/3175
f 3165/3164/3141 3196/3196/3171 3201/3201/3176
f 3126/3125/3102 3175/3174/3151 3199/3199/3174
f 3171/3170/3147 3047/3047/3024 3128/3127/3104
f 3202/3202/3177 3048/3048/3025 3089/3088/3065
f 3168/3167/3144 3165/3164/3141 3201/3201/3176
f 3130/3129/3106 3170/3169/3146 3175/3174/3151
f 3168/3167/3144 3201/3201/3176 3203/3203/3178
f 3203/3203/3178 3172/3171/3148 3168/3167/3144
f 3204/3204/3179 3175/3174/3151 3174/3173/3150
f 3172/3171/3148 3205/3205/3180 3169/3168/3145
f 3169/3168/3145 3205/3205/3180 3173/3172/3149
f 3134/3133/3110 3206/3206/3181 3089/3088/3065
f 3205/3205/3180 3172/3171/3148 3207/3207/3182
f 3208/3208/3183 3134/3133/3110 3176/3175/3152
f 3176/3175/3152 3133/3132/3109 3178/3177/3154
f 3133/3132/3109 3049/3049/3026 3178/3177/3154
f 3007/3007/2984 3177/3176/3153 3209/3209/3184
f 3093/3092/3069 3007/3007/2984 3209/3209/3184
f 3091/3090/3067 3092/3091/3068 3210/3210/3185
f 3211/3211/3186 3050/3050/3027 3179/3178/3155
f 3212/3212/3187 3094/3093/3070 3211/3211/3186
f 3094/3093/3070 3050/3050/3027 3211/3211/3186
f 3135/3134/3111 3094/3093/3070 3212/3212/3187
f 3012/3012/2989 3095/3094/3071 3136/3135/3112
f 3097/3096/3073 3013/3013/2990 3213/3213/3188
f 3096/3095/3072 3137/3136/3113 2973/2973/2950
f 3013/3013/2990 3014/3014/2991 3213/3213/3188
f 3052/3052/3029 3140/3139/3116 3181/3180/3157
f 3214/3214/3189 3140/3139/3116 3098/3097/3074
f 3180/3179/3156 3214/3214/3189 3098/3097/3074
f 3182/3181/3158 3139/3138/3115 3215/3215/3190
f 3181/3180/3157 3215/3215/3190 3139/3138/3115
f 3055/3054/3031 3142/3141/3118 3216/3216/3191
f 3217/3217/3192 3142/3141/3118 3141/3140/3117
f 3183/3184/3159 3217/3217/3192 3141/3140/3117
f 3099/3098/3075 3101/3100/3077 3218/3218/3193
f 3216/3216/3191 3185/3185/3160 3055/3054/3031
f 3017/3017/2994 3219/3219/3194 3100/3099/3076
f 3218/3218/3193 3101/3100/3077 3102/3101/3078
f 3018/3018/2995 3100/3099/3076 3220/3220/3195
f 3018/3018/2995 3221/3221/3196 3186/3186/3161
f 3102/3101/3078 3104/3103/3080 3222/3222/3197
f 2940/2940/2917 3223/3223/3198 3020/3020/2997
f 3224/3224/3199 3104/3103/3080 3145/3144/3121
f 3225/3225/3200 3060/3059/3036 3146/3145/3122
f 3105/3104/3081 3188/3188/3163 3145/3144/3121
f 3189/3189/3164 3147/3146/3123 3021/3021/2998
f 3060/3059/3036 3225/3225/3200 2912/2911/2889
f 2912/2911/2889 3225/3225/3200 3022/3022/2999
f 3106/3105/3082 3148/3147/3124 3189/3189/3164
f 3059/3058/3035 3108/3107/3084 3148/3147/3124
f 3108/3107/3084 3109/3108/3085 3226/3226/3201
f 3227/3227/3202 3190/3190/3165 3062/3061/3038
f 3150/3149/3126 3228/3228/3203 3149/3148/3125
f 3024/3024/3001 3150/3149/3126 3149/3148/3125
f 2917/2916/2894 3190/3190/3165 3151/3150/3127
f 3150/3149/3126 3063/3062/3039 3229/3229/3204
f 3025/3025/3002 3151/3150/3127 3191/3191/3166
f 3153/3152/3129 3192/3192/3167 3110/3109/3086
f 3192/3192/3167 3153/3152/3129 3230/3230/3205
f 3110/3109/3086 3192/3192/3167 3068/3067/3044
f 3066/3065/3042 3113/3112/3089 3153/3152/3129
f 3231/3231/3206 3230/3230/3205 3153/3152/3129
f 3231/3231/3206 3153/3152/3129 3113/3112/3089
f 3114/3113/3090 3152/3151/3128 3069/3068/3045
f 3036/3036/3013 3232/3232/3207 3113/3112/3089
f 3233/3233/3208 3193/3193/3168 3234/3234/3209
f 3154/3153/3130 3193/3193/3168 3233/3233/3208
f 3232/3232/3207 3036/3036/3013 3077/3076/3053
f 3154/3153/3130 3233/3233/3208 3235/3235/3210
f 3154/3153/3130 3194/3194/3169 3115/3114/3091
f 3236/3236/3211 3157/3156/3133 3194/3194/3169
f 3237/3237/3212 3157/3156/3133 3236/3236/3211
f 3083/3082/3059 3238/3238/3213 3118/3117/3094
f 3118/3117/3094 3238/3238/3213 3239/3239/3214
f 2896/2896/2874 3163/3162/3139 3121/3120/3097
f 3083/3082/3059 3160/3159/3136 3238/3238/3213
f 3159/3158/3135 3157/3156/3133 3237/3237/3212
f 3240/3240/3215 3196/3196/3171 3159/3158/3135
f 3198/3198/3173 3197/3197/3172 3125/3124/3101
f 3240/3240/3215 3241/3241/3216 3196/3196/3171
f 3197/3197/3172 3198/3198/3173 3200/3200/3175
f 3199/3199/3174 3242/3242/3217 3200/3200/3175
f 3241/3241/3216 3201/3201/3176 3196/3196/3171
f 3175/3174/3151 3126/3125/3102 3130/3129/3106
f 3243/3243/3218 3203/3203/3178 3201/3201/3176
f 3242/3242/3217 3199/3199/3174 3175/3174/3151
f 3244/3244/3219 3203/3203/3178 3243/3243/3218
f 3245/3245/3220 3246/3246/3221 3171/3170/3147
f 3203/3203/3178 3207/3207/3182 3172/3171/3148
f 3174/3173/3150 3173/3172/3149 3205/3205/3180
f 3134/3133/3110 3208/3208/3183 3206/3206/3181
f 3177/3176/3153 3171/3170/3147 3246/3246/3221
f 3178/3177/3154 3091/3090/3067 3210/3210/3185
f 3179/3178/3155 3247/3247/3222 3211/3211/3186
f 3248/3248/3223 3092/3091/3068 3135/3134/3111
f 3011/3011/2988 3136/3135/3112 3249/3249/3224
f 3011/3011/2988 3249/3249/3224 3096/3095/3072
f 3095/3094/3071 3250/3250/3225 3136/3135/3112
f 3181/3180/3157 3140/3139/3116 3251/3251/3226
f 3251/3251/3226 3140/3139/3116 3214/3214/3189
f 3213/3213/3188 3014/3014/2991 3099/3098/3075
f 3252/3252/3227 3215/3215/3190 3181/3180/3157
f 3099/3098/3075 3218/3218/3193 3213/3213/3188
f 3217/3217/3192 3216/3216/3191 3142/3141/3118
f 3219/3219/3194 3017/3017/2994 3185/3185/3160
f 3221/3221/3196 3018/3018/2995 3220/3220/3195
f 3143/3142/3119 3144/3143/3120 2939/2939/2916
f 3103/3102/3079 3144/3143/3120 3253/3253/3228
f 3103/3102/3079 3253/3253/3228 3187/3187/3162
f 3187/3187/3162 3223/3223/3198 2940/2940/2917
f 3222/3222/3197 3104/3103/3080 3224/3224/3199
f 3145/3144/3121 3254/3254/3229 3224/3224/3199
f 3020/3020/2997 3255/3255/3230 3058/3057/3034
f 3107/3106/3083 3022/3022/2999 3256/3256/3231
f 3226/3226/3201 3109/3108/3085 3257/3257/3232
f 3149/3148/3125 3257/3257/3232 3109/3108/3085
f 3107/3106/3083 3227/3227/3202 3062/3061/3038
f 3191/3191/3166 3151/3150/3127 3258/3258/3233
f 3063/3062/3039 3259/3259/3234 3229/3229/3204
f 3063/3062/3039 3152/3151/3128 3259/3259/3234
f 3192/3192/3167 3260/3260/3235 3193/3193/3168
f 3192/3192/3167 3261/3261/3236 3260/3260/3235
f 3260/3260/3235 3234/3234/3209 3193/3193/3168
f 3231/3231/3206 3113/3112/3089 3232/3232/3207
f 3262/3262/3237 3077/3076/3053 3155/3154/3131
f 3154/3153/3130 3235/3235/3210 3263/3263/3238
f 3114/3113/3090 3156/3155/3132 3264/3264/3239
f 3154/3153/3130 3263/3263/3238 3265/3265/3240
f 3194/3194/3169 3154/3153/3130 3265/3265/3240
f 3155/3154/3131 3003/3003/2980 3195/3195/3170
f 3194/3194/3169 3265/3265/3240 3236/3236/3211
f 3156/3155/3132 3118/3117/3094 3264/3264/3239
f 3264/3264/3239 3118/3117/3094 3239/3239/3214
f 3195/3195/3170 3121/3120/3097 3266/3266/3241
f 3267/3267/3242 3128/3127/3104 3161/3160/3137
f 3237/3237/3212 3268/3268/3243 3269/3269/3244
f 3269/3269/3244 3159/3158/3135 3237/3237/3212
f 3160/3159/3136 3200/3200/3175 3270/3270/3245
f 3160/3159/3136 3197/3197/3172 3200/3200/3175
f 3240/3240/3215 3159/3158/3135 3269/3269/3244
f 3128/3127/3104 3271/3271/3246 3171/3170/3147
f 3271/3271/3246 3245/3245/3220 3171/3170/3147
f 3270/3270/3245 3200/3200/3175 3242/3242/3217
f 3202/3202/3177 3166/3165/3142 3048/3048/3025
f 3243/3243/3218 3201/3201/3176 3241/3241/3216
f 3204/3204/3179 3242/3242/3217 3175/3174/3151
f 3244/3244/3219 3243/3243/3218 3272/3272/3247
f 3206/3206/3181 3202/3202/3177 3089/3088/3065
f 3203/3203/3178 3244/3244/3219 3207/3207/3182
f 3205/3205/3180 3207/3207/3182 3273/3273/3248
f 3205/3205/3180 3273/3273/3248 3274/3274/3249
f 3174/3173/3150 3205/3205/3180 3274/3274/3249
f 3246/3246/3221 3275/3275/3250 3177/3176/3153
f 3276/3276/3251 3208/3208/3183 3176/3175/3152
f 3177/3176/3153 3275/3275/3250 3209/3209/3184
f 3176/3175/3152 3178/3177/3154 3276/3276/3251
f 3210/3210/3185 3276/3276/3251 3178/3177/3154
f 3179/3178/3155 3093/3092/3069 3247/3247/3222
f 3210/3210/3185 3092/3091/3068 3248/3248/3223
f 3248/3248/3223 3135/3134/3111 3212/3212/3187
f 3277/3277/3252 3096/3095/3072 3249/3249/3224
f 3136/3135/3112 3250/3250/3225 3249/3249/3224
f 3137/3136/3113 3096/3095/3072 3277/3277/3252
f 3251/3251/3226 3214/3214/3189 3278/3278/3253
f 3137/3136/3113 3279/3279/3254 3180/3179/3156
f 3252/3252/3227 3181/3180/3157 3251/3251/3226
f 3279/3279/3254 3214/3214/3189 3180/3179/3156
f 3252/3252/3227 3280/3280/3255 3215/3215/3190
f 3183/3184/3159 3281/3281/3256 3217/3217/3192
f 3220/3220/3195 3100/3099/3076 3219/3219/3194
f 3218/3218/3193 3102/3101/3078 3222/3222/3197
f 3224/3224/3199 3254/3254/3229 3222/3222/3197
f 3255/3255/3230 3283/3282/3257 3058/3057/3034
f 3058/3057/3034 3283/3282/3257 3146/3145/3122
f 3188/3188/3163 3284/3283/3258 3285/3284/3259
f 3188/3188/3163 3286/3285/3260 3284/3283/3258
f 3147/3146/3123 3286/3285/3260 3188/3188/3163
f 3189/3189/3164 3286/3285/3260 3147/3146/3123
f 3189/3189/3164 3287/3286/3261 3288/3287/3262
f 3189/3189/3164 3148/3147/3124 3287/3286/3261
f 3108/3107/3084 3226/3226/3201 3148/3147/3124
f 3256/3256/3231 3227/3227/3202 3107/3106/3083
f 3228/3228/3203 3257/3257/3232 3149/3148/3125
f 3258/3258/3233 3151/3150/3127 3190/3190/3165
f 3228/3228/3203 3150/3149/3126 3229/3229/3204
f 3230/3230/3205 3261/3261/3236 3192/3192/3167
f 3289/3288/3263 3234/3234/3209 3260/3260/3235
f 3152/3151/3128 3114/3113/3090 3264/3264/3239
f 3071/3070/3047 3290/3289/3264 2995/2995/2972
f 3158/3157/3134 2995/2995/2972 3291/3290/3265
f 3292/3291/3266 3155/3154/3131 3195/3195/3170
f 3292/3291/3266 3195/3195/3170 3266/3266/3241
f 3265/3265/3240 3293/3292/3267 3236/3236/3211
f 3239/3239/3214 3294/3293/3268 3264/3264/3239
f 3295/3294/3269 3266/3266/3241 3121/3120/3097
f 3121/3120/3097 3163/3162/3139 3295/3294/3269
f 3239/3239/3214 3238/3238/3213 3294/3293/3268
f 3236/3236/3211 3296/3295/3270 3237/3237/3212
f 3237/3237/3212 3296/3295/3270 3268/3268/3243
f 3238/3238/3213 3297/3296/3271 3294/3293/3268
f 3238/3238/3213 3160/3159/3136 3297/3296/3271
f 3271/3271/3246 3128/3127/3104 3267/3267/3242
f 3163/3162/3139 3088/3087/3064 3298/3297/3272
f 3160/3159/3136 3270/3270/3245 3297/3296/3271
f 3269/3269/3244 3299/3298/3273 3300/3299/3274
f 3298/3297/3272 3088/3087/3064 3166/3165/3142
f 3300/3299/3274 3240/3240/3215 3269/3269/3244
f 3241/3241/3216 3240/3240/3215 3301/3300/3275
f 3242/3242/3217 3302/3301/3276 3270/3270/3245
f 3303/3302/3277 3241/3241/3216 3301/3300/3275
f 3243/3243/3218 3241/3241/3216 3303/3302/3277
f 3302/3301/3276 3242/3242/3217 3304/3303/3278
f 3304/3303/3278 3242/3242/3217 3204/3204/3179
f 3274/3274/3249 3304/3303/3278 3204/3204/3179
f 3305/3304/3279 3273/3273/3248 3207/3207/3182
f 3204/3204/3179 3174/3173/3150 3274/3274/3249
f 3274/3274/3249 3273/3273/3248 3306/3305/3280
f 3276/3276/3251 3210/3210/3185 3307/3306/3281
f 3247/3247/3222 3093/3092/3069 3209/3209/3184
f 3250/3250/3225 3095/3094/3071 3308/3307/3282
f 3095/3094/3071 3097/3096/3073 3308/3307/3282
f 3137/3136/3113 3277/3277/3252 3309/3308/3283
f 3308/3307/3282 3097/3096/3073 3213/3213/3188
f 3309/3308/3283 3279/3279/3254 3137/3136/3113
f 3278/3278/3253 3214/3214/3189 3279/3279/3254
f 3213/3213/3188 3218/3218/3193 3310/3309/3284
f 3182/3181/3158 3215/3215/3190 3280/3280/3255
f 3310/3309/3284 3218/3218/3193 3311/3310/3285
f 3184/3183/3159 3312/3311/3286 3282/3312/3256
f 3182/3181/3158 3312/3311/3286 3184/3183/3159
f 3216/3216/3191 3217/3217/3192 3313/3313/3287
f 3219/3219/3194 3185/3185/3160 3314/3314/3288
f 3218/3218/3193 3315/3315/3289 3311/3310/3285
f 3316/3316/3290 3186/3186/3161 3221/3221/3196
f 3315/3315/3289 3218/3218/3193 3222/3222/3197
f 3186/3186/3161 3316/3316/3290 3143/3142/3119
f 3219/3219/3194 3317/3317/3291 3220/3220/3195
f 3315/3315/3289 3222/3222/3197 3318/3318/3292
f 3144/3143/3120 3319/3319/3293 3253/3253/3228
f 3223/3223/3198 3187/3187/3162 3253/3253/3228
f 3222/3222/3197 3254/3254/3229 3318/3318/3292
f 3020/3020/2997 3223/3223/3198 3255/3255/3230
f 3318/3318/3292 3254/3254/3229 3320/3320/3294
f 3320/3320/3294 3254/3254/3229 3145/3144/3121
f 3145/3144/3121 3321/3321/3295 3320/3320/3294
f 3145/3144/3121 3285/3284/3259 3321/3321/3295
f 3145/3144/3121 3188/3188/3163 3285/3284/3259
f 3225/3225/3200 3322/3322/3296 3022/3022/2999
f 3256/3256/3231 3022/3022/2999 3322/3322/3296
f 3288/3287/3262 3323/3323/3297 3189/3189/3164
f 3148/3147/3124 3226/3226/3201 3287/3286/3261
f 3226/3226/3201 3324/3324/3298 3287/3286/3261
f 3226/3226/3201 3257/3257/3232 3324/3324/3298
f 3257/3257/3232 3228/3228/3203 3325/3325/3299
f 3065/3064/3041 3290/3289/3264 3071/3070/3047
f 3259/3259/3234 3152/3151/3128 3326/3326/3300
f 3230/3230/3205 3231/3231/3206 3327/3327/3301
f 3327/3327/3301 3261/3261/3236 3230/3230/3205
f 3152/3151/3128 3264/3264/3239 3326/3326/3300
f 3328/3328/3302 3327/3327/3301 3231/3231/3206
f 3328/3328/3302 3231/3231/3206 3232/3232/3207
f 3233/3233/3208 3234/3234/3209 3289/3288/3263
f 3232/3232/3207 3077/3076/3053 3262/3262/3237
f 3233/3233/3208 3329/3329/3303 3235/3235/3210
f 3291/3290/3265 2995/2995/2972 3290/3289/3264
f 3262/3262/3237 3292/3291/3266 3330/3330/3304
f 3262/3262/3237 3155/3154/3131 3292/3291/3266
f 3235/3235/3210 3329/3329/3303 3263/3263/3238
f 3326/3326/3300 3264/3264/3239 3294/3293/3268
f 3263/3263/3238 3331/3331/3305 3265/3265/3240
f 3267/3267/3242 3161/3160/3137 3158/3157/3134
f 3236/3236/3211 3293/3292/3267 3296/3295/3270
f 3268/3268/3243 3296/3295/3270 3332/3332/3306
f 3163/3162/3139 3333/3333/3307 3295/3294/3269
f 3333/3333/3307 3163/3162/3139 3298/3297/3272
f 3269/3269/3244 3268/3268/3243 3299/3298/3273
f 3297/3296/3271 3270/3270/3245 3334/3334/3308
f 3334/3334/3308 3270/3270/3245 3302/3301/3276
f 3245/3245/3220 3271/3271/3246 3335/3335/3309
f 3166/3165/3142 3336/3336/3310 3298/3297/3272
f 3240/3240/3215 3300/3299/3274 3301/3300/3275
f 3334/3334/3308 3302/3301/3276 3337/3337/3311
f 3301/3300/3275 3338/3338/3312 3339/3339/3313
f 3246/3246/3221 3245/3245/3220 3335/3335/3309
f 3301/3300/3275 3339/3339/3313 3303/3302/3277
f 3304/3303/3278 3337/3337/3311 3302/3301/3276
f 3303/3302/3277 3272/3272/3247 3243/3243/3218
f 3272/3272/3247 3340/3340/3314 3305/3304/3279
f 3340/3340/3314 3341/3341/3315 3305/3304/3279
f 3337/3337/3311 3304/3303/3278 3342/3342/3316
f 3305/3304/3279 3244/3244/3219 3272/3272/3247
f 3341/3341/3315 3342/3342/3316 3306/3305/3280
f 3304/3303/3278 3274/3274/3249 3342/3342/3316
f 3343/3343/3317 3206/3206/3181 3208/3208/3183
f 3207/3207/3182 3244/3244/3219 3305/3304/3279
f 3341/3341/3315 3273/3273/3248 3305/3304/3279
f 3306/3305/3280 3273/3273/3248 3341/3341/3315
f 3274/3274/3249 3306/3305/3280 3342/3342/3316
f 3208/3208/3183 3276/3276/3251 3343/3343/3317
f 3307/3306/3281 3210/3210/3185 3344/3344/3318
f 3248/3248/3223 3345/3345/3319 3346/3346/3320
f 3212/3212/3187 3211/3211/3186 3345/3345/3319
f 3211/3211/3186 3247/3247/3222 3347/3347/3321
f 3248/3248/3223 3212/3212/3187 3345/3345/3319
f 3309/3308/3283 3277/3277/3252 3348/3348/3322
f 3349/3349/3323 3249/3249/3224 3250/3250/3225
f 3308/3307/3282 3213/3213/3188 3350/3350/3324
f 3251/3251/3226 3278/3278/3253 3351/3351/3325
f 3279/3279/3254 3352/3352/3326 3278/3278/3253
f 3251/3251/3226 3351/3351/3325 3252/3252/3227
f 3213/3213/3188 3310/3309/3284 3350/3350/3324
f 3353/3353/3327 3280/3280/3255 3252/3252/3227
f 3312/3311/3286 3182/3181/3158 3280/3280/3255
f 3313/3313/3287 3217/3217/3192 3354/3354/3328
f 3354/3354/3328 3217/3217/3192 3281/3281/3256
f 3317/3317/3291 3219/3219/3194 3355/3355/3329
f 3221/3221/3196 3220/3220/3195 3317/3317/3291
f 3143/3142/3119 3356/3356/3330 3144/3143/3120
f 3357/3357/3331 3315/3315/3289 3318/3318/3292
f 3223/3223/3198 3253/3253/3228 3319/3319/3293
f 3318/3318/3292 3320/3320/3294 3357/3357/3331
f 3146/3145/3122 3358/3358/3332 3225/3225/3200
f 3321/3321/3295 3285/3284/3259 3359/3359/3333
f 3225/3225/3200 3358/3358/3332 3322/3322/3296
f 3285/3284/3259 3360/3360/3334 3359/3359/3333
f 3285/3284/3259 3284/3283/3258 3360/3360/3334
f 3286/3285/3260 3323/3323/3297 3284/3283/3258
f 3189/3189/3164 3323/3323/3297 3286/3285/3260
f 3227/3227/3202 3256/3256/3231 3361/3361/3335
f 3257/3257/3232 3325/3325/3299 3324/3324/3298
f 3227/3227/3202 3258/3258/3233 3190/3190/3165
f 3228/3228/3203 3362/3362/3336 3325/3325/3299
f 3228/3228/3203 3229/3229/3204 3362/3362/3336
f 3363/3363/3337 3191/3191/3166 3258/3258/3233
f 3229/3229/3204 3259/3259/3234 3364/3364/3338
f 3191/3191/3166 3363/3363/3337 3365/3365/3339
f 3065/3064/3041 3191/3191/3166 3290/3289/3264
f 3290/3289/3264 3191/3191/3166 3365/3365/3339
f 3259/3259/3234 3326/3326/3300 3366/3366/3340
f 3259/3259/3234 3366/3366/3340 3367/3367/3341
f 3233/3233/3208 3289/3288/3263 3329/3329/3303
f 3263/3263/3238 3329/3329/3303 3331/3331/3305
f 3329/3329/3303 3368/3368/3342 3331/3331/3305
f 3292/3291/3266 3266/3266/3241 3369/3369/3343
f 3267/3267/3242 3158/3157/3134 3370/3370/3344
f 3295/3294/3269 3371/3371/3345 3369/3369/3343
f 3266/3266/3241 3295/3294/3269 3369/3369/3343
f 3293/3292/3267 3372/3372/3346 3296/3295/3270
f 3295/3294/3269 3333/3333/3307 3371/3371/3345
f 3373/3373/3347 3332/3332/3306 3296/3295/3270
f 3298/3297/3272 3336/3336/3310 3374/3374/3348
f 3268/3268/3243 3332/3332/3306 3375/3375/3349
f 3268/3268/3243 3375/3375/3349 3299/3298/3273
f 3338/3338/3312 3301/3300/3275 3300/3299/3274
f 3335/3335/3309 3376/3376/3350 3246/3246/3221
f 3340/3340/3314 3339/3339/3313 3377/3377/3351
f 3340/3340/3314 3303/3302/3277 3339/3339/3313
f 3272/3272/3247 3303/3302/3277 3340/3340/3314
f 3378/3378/3352 3206/3206/3181 3343/3343/3317
f 3379/3379/3353 3343/3343/3317 3276/3276/3251
f 3380/3380/3354 3276/3276/3251 3307/3306/3281
f 3381/3381/3355 3247/3247/3222 3209/3209/3184
f 3248/3248/3223 3344/3344/3318 3210/3210/3185
f 3211/3211/3186 3347/3347/3321 3382/3382/3356
f 3345/3345/3319 3211/3211/3186 3382/3382/3356
f 3309/3308/3283 3348/3348/3322 3383/3383/3357
f 3348/3348/3322 3277/3277/3252 3249/3249/3224
f 3349/3349/3323 3348/3348/3322 3249/3249/3224
f 3384/3384/3358 3250/3250/3225 3308/3307/3282
f 3279/3279/3254 3309/3308/3283 3385/3385/3359
f 3250/3250/3225 3386/3386/3360 3349/3349/3323
f 3309/3308/3283 3383/3383/3357 3385/3385/3359
f 3352/3352/3326 3279/3279/3254 3387/3387/3361
f 3385/3385/3359 3387/3387/3361 3279/3279/3254
f 3388/3388/3362 3252/3252/3227 3351/3351/3325
f 3353/3353/3327 3252/3252/3227 3388/3388/3362
f 3280/3280/3255 3353/3353/3327 3312/3311/3286
f 3389/3389/3363 3313/3313/3287 3354/3354/3328
f 3390/3390/3364 3282/3312/3256 3312/3311/3286
f 3185/3185/3160 3216/3216/3191 3391/3391/3365
f 3314/3314/3288 3185/3185/3160 3391/3391/3365
f 3216/3216/3191 3313/3313/3287 3391/3391/3365
f 3392/3392/3366 3354/3354/3328 3281/3281/3256
f 3314/3314/3288 3355/3355/3329 3219/3219/3194
f 3315/3315/3289 3394/3393/3367 3311/3310/3285
f 3395/3394/3368 3221/3221/3196 3317/3317/3291
f 3144/3143/3120 3356/3356/3330 3319/3319/3293
f 3394/3393/3367 3315/3315/3289 3357/3357/3331
f 3255/3255/3230 3223/3223/3198 3396/3395/3369
f 3320/3320/3294 3397/3396/3370 3357/3357/3331
f 3397/3396/3370 3320/3320/3294 3321/3321/3295
f 3284/3283/3258 3398/3397/3371 3360/3360/3334
f 3284/3283/3258 3323/3323/3297 3399/3398/3372
f 3287/3286/3261 3324/3324/3298 3400/3399/3373
f 3400/3399/3373 3324/3324/3298 3401/3400/3374
f 3227/3227/3202 3361/3361/3335 3258/3258/3233
f 3229/3229/3204 3364/3364/3338 3362/3362/3336
f 3259/3259/3234 3367/3367/3341 3364/3364/3338
f 3402/3401/3375 3291/3290/3265 3290/3289/3264
f 3261/3261/3236 3327/3327/3301 3403/3402/3376
f 3260/3260/3235 3261/3261/3236 3403/3402/3376
f 3260/3260/3235 3403/3402/3376 3404/3403/3377
f 3289/3288/3263 3260/3260/3235 3404/3403/3377
f 3232/3232/3207 3262/3262/3237 3328/3328/3302
f 3329/3329/3303 3405/3404/3378 3368/3368/3342
f 3370/3370/3344 3291/3290/3265 3406/3405/3379
f 3326/3326/3300 3407/3406/3380 3366/3366/3340
f 3158/3157/3134 3291/3290/3265 3370/3370/3344
f 3408/3407/3381 3265/3265/3240 3331/3331/3305
f 3408/3407/3381 3293/3292/3267 3265/3265/3240
f 3372/3372/3346 3293/3292/3267 3408/3407/3381
f 3294/3293/3268 3407/3406/3380 3326/3326/3300
f 3297/3296/3271 3409/3408/3382 3407/3406/3380
f 3294/3293/3268 3297/3296/3271 3407/3406/3380
f 3372/3372/3346 3410/3409/3383 3296/3295/3270
f 3371/3371/3345 3333/3333/3307 3411/3410/3384
f 3297/3296/3271 3334/3334/3308 3409/3408/3382
f 3296/3295/3270 3410/3409/3383 3373/3373/3347
f 3374/3374/3348 3411/3410/3384 3333/3333/3307
f 3333/3333/3307 3298/3297/3272 3374/3374/3348
f 3412/3411/3385 3332/3332/3306 3373/3373/3347
f 3335/3335/3309 3271/3271/3246 3267/3267/3242
f 3332/3332/3306 3412/3411/3385 3375/3375/3349
f 3300/3299/3274 3299/3298/3273 3413/3412/3386
f 3413/3412/3386 3338/3338/3312 3300/3299/3274
f 3202/3202/3177 3414/3413/3387 3336/3336/3310
f 3377/3377/3351 3339/3339/3313 3338/3338/3312
f 3336/3336/3310 3166/3165/3142 3202/3202/3177
f 3377/3377/3351 3415/3414/3388 3340/3340/3314
f 3337/3337/3311 3342/3342/3316 3416/3415/3389
f 3246/3246/3221 3376/3376/3350 3417/3416/3390
f 3415/3414/3388 3341/3341/3315 3340/3340/3314
f 3202/3202/3177 3206/3206/3181 3378/3378/3352
f 3275/3275/3250 3246/3246/3221 3417/3416/3390
f 3378/3378/3352 3343/3343/3317 3379/3379/3353
f 3275/3275/3250 3418/3417/3391 3209/3209/3184
f 3276/3276/3251 3380/3380/3354 3379/3379/3353
f 3418/3417/3391 3381/3381/3355 3209/3209/3184
f 3347/3347/3321 3247/3247/3222 3381/3381/3355
f 3344/3344/3318 3248/3248/3223 3346/3346/3320
f 3346/3346/3320 3345/3345/3319 3382/3382/3356
f 3386/3386/3360 3250/3250/3225 3384/3384/3358
f 3348/3348/3322 3419/3418/3392 3383/3383/3357
f 3350/3350/3324 3384/3384/3358 3308/3307/3282
f 3351/3351/3325 3278/3278/3253 3352/3352/3326
f 3420/3419/3393 3352/3352/3326 3387/3387/3361
f 3421/3420/3394 3350/3350/3324 3310/3309/3284
f 3310/3309/3284 3311/3310/3285 3421/3420/3394
f 3351/3351/3325 3422/3421/3395 3388/3388/3362
f 3421/3420/3394 3311/3310/3285 3423/3422/3396
f 3424/3423/3397 3312/3311/3286 3353/3353/3327
f 3388/3388/3362 3424/3423/3397 3353/3353/3327
f 3390/3390/3364 3393/3424/3366 3282/3312/3256
f 3424/3423/3397 3390/3390/3364 3312/3311/3286
f 3313/3313/3287 3389/3389/3363 3391/3391/3365
f 3311/3310/3285 3394/3393/3367 3425/3425/3398
f 3356/3356/3330 3143/3142/3119 3426/3426/3399
f 3221/3221/3196 3427/3427/3400 3316/3316/3290
f 3221/3221/3196 3395/3394/3368 3427/3427/3400
f 3317/3317/3291 3355/3355/3329 3395/3394/3368
f 3255/3255/3230 3396/3395/3369 3428/3428/3401
f 3357/3357/3331 3397/3396/3370 3429/3429/3402
f 3429/3429/3402 3397/3396/3370 3430/3430/3403
f 3255/3255/3230 3428/3428/3401 3283/3282/3257
f 3358/3358/3332 3283/3282/3257 3431/3431/3404
f 3146/3145/3122 3283/3282/3257 3358/3358/3332
f 3321/3321/3295 3432/3432/3405 3397/3396/3370
f 3359/3359/3333 3433/3433/3406 3321/3321/3295
f 3358/3358/3332 3434/3434/3407 3322/3322/3296
f 3358/3358/3332 3431/3431/3404 3434/3434/3407
f 3359/3359/3333 3360/3360/3334 3435/3435/3408
f 3398/3397/3371 3435/3435/3408 3360/3360/3334
f 3284/3283/3258 3399/3398/3372 3398/3397/3371
f 3322/3322/3296 3434/3434/3407 3256/3256/3231
f 3256/3256/3231 3434/3434/3407 3436/3436/3409
f 3288/3287/3262 3399/3398/3372 3323/3323/3297
f 3361/3361/3335 3256/3256/3231 3436/3436/3409
f 3399/3398/3372 3288/3287/3262 3400/3399/3373
f 3288/3287/3262 3287/3286/3261 3400/3399/3373
f 3258/3258/3233 3361/3361/3335 3437/3437/3410
f 3401/3400/3374 3324/3324/3298 3325/3325/3299
f 3325/3325/3299 3438/3438/3411 3401/3400/3374
f 3325/3325/3299 3362/3362/3336 3438/3438/3411
f 3362/3362/3336 3439/3439/3412 3438/3438/3411
f 3364/3364/3338 3439/3439/3412 3362/3362/3336
f 3440/3440/3413 3439/3439/3412 3364/3364/3338
f 3367/3367/3341 3440/3440/3413 3364/3364/3338
f 3440/3440/3413 3367/3367/3341 3366/3366/3340
f 3406/3405/3379 3291/3290/3265 3402/3401/3375
f 3329/3329/3303 3289/3288/3263 3405/3404/3378
f 3330/3330/3304 3441/3441/3414 3262/3262/3237
f 3366/3366/3340 3407/3406/3380 3442/3442/3415
f 3331/3331/3305 3368/3368/3342 3443/3443/3416
f 3330/3330/3304 3292/3291/3266 3444/3444/3417
f 3444/3444/3417 3292/3291/3266 3369/3369/3343
f 3444/3444/3417 3369/3369/3343 3371/3371/3345
f 3444/3444/3417 3371/3371/3345 3411/3410/3384
f 3370/3370/3344 3445/3445/3418 3267/3267/3242
f 3410/3409/3383 3446/3446/3419 3373/3373/3347
f 3445/3445/3418 3335/3335/3309 3267/3267/3242
f 3447/3447/3420 3411/3410/3384 3374/3374/3348
f 3409/3408/3382 3334/3334/3308 3448/3448/3421
f 3449/3449/3422 3374/3374/3348 3336/3336/3310
f 3413/3412/3386 3450/3450/3423 3338/3338/3312
f 3450/3450/3423 3451/3451/3424 3338/3338/3312
f 3451/3451/3424 3452/3452/3425 3377/3377/3351
f 3376/3376/3350 3453/3453/3426 3417/3416/3390
f 3377/3377/3351 3338/3338/3312 3451/3451/3424
f 3415/3414/3388 3377/3377/3351 3452/3452/3425
f 3342/3342/3316 3341/3341/3315 3415/3414/3388
f 3416/3415/3389 3342/3342/3316 3415/3414/3388
f 3414/3413/3387 3202/3202/3177 3454/3454/3427
f 3378/3378/3352 3454/3454/3427 3202/3202/3177
f 3417/3416/3390 3455/3455/3428 3275/3275/3250
f 3275/3275/3250 3455/3455/3428 3418/3417/3391
f 3307/3306/3281 3456/3456/3429 3380/3380/3354
f 3457/3457/3430 3456/3456/3429 3307/3306/3281
f 3344/3344/3318 3346/3346/3320 3458/3458/3431
f 3307/3306/3281 3344/3344/3318 3457/3457/3430
f 3349/3349/3323 3459/3459/3432 3348/3348/3322
f 3422/3421/3395 3351/3351/3325 3352/3352/3326
f 3352/3352/3326 3420/3419/3393 3422/3421/3395
f 3423/3422/3396 3311/3310/3285 3425/3425/3398
f 3389/3389/3363 3354/3354/3328 3460/3460/3433
f 3354/3354/3328 3392/3392/3366 3460/3460/3433
f 3390/3390/3364 3461/3461/3434 3393/3424/3366
f 3462/3462/3435 3390/3390/3364 3424/3423/3397
f 3463/3463/3436 3314/3314/3288 3391/3391/3365
f 3389/3389/3363 3463/3463/3436 3391/3391/3365
f 3464/3464/3437 3463/3463/3436 3389/3389/3363
f 3316/3316/3290 3465/3465/3438 3143/3142/3119
f 3316/3316/3290 3466/3466/3439 3465/3465/3438
f 3466/3466/3439 3316/3316/3290 3427/3427/3400
f 3355/3355/3329 3314/3314/3288 3467/3467/3440
f 3467/3467/3440 3314/3314/3288 3463/3463/3436
f 3356/3356/3330 3468/3468/3441 3319/3319/3293
f 3319/3319/3293 3396/3395/3369 3223/3223/3198
f 3429/3429/3402 3425/3425/3398 3394/3393/3367
f 3357/3357/3331 3429/3429/3402 3394/3393/3367
f 3432/3432/3405 3321/3321/3295 3433/3433/3406
f 3359/3359/3333 3435/3435/3408 3469/3469/3442
f 3469/3469/3442 3433/3433/3406 3359/3359/3333
f 3435/3435/3408 3470/3470/3443 3469/3469/3442
f 3399/3398/3372 3471/3471/3444 3398/3397/3371
f 3471/3471/3444 3399/3398/3372 3472/3472/3445
f 3399/3398/3372 3400/3399/3373 3472/3472/3445
f 3436/3436/3409 3437/3437/3410 3361/3361/3335
f 3400/3399/3373 3438/3438/3411 3472/3472/3445
f 3401/3400/3374 3438/3438/3411 3400/3399/3373
f 3473/3473/3446 3472/3472/3445 3438/3438/3411
f 3438/3438/3411 3439/3439/3412 3473/3473/3446
f 3437/3437/3410 3363/3363/3337 3258/3258/3233
f 3474/3474/3447 3365/3365/3339 3363/3363/3337
f 3365/3365/3339 3402/3401/3375 3290/3289/3264
f 3474/3474/3447 3402/3401/3375 3365/3365/3339
f 3403/3402/3376 3327/3327/3301 3475/3475/3448
f 3404/3403/3377 3403/3402/3376 3476/3476/3449
f 3404/3403/3377 3476/3476/3449 3405/3404/3378
f 3440/3440/3413 3366/3366/3340 3442/3442/3415
f 3328/3328/3302 3441/3441/3414 3477/3477/3450
f 3328/3328/3302 3477/3477/3450 3327/3327/3301
f 3289/3288/3263 3404/3403/3377 3405/3404/3378
f 3262/3262/3237 3441/3441/3414 3328/3328/3302
f 3368/3368/3342 3405/3404/3378 3478/3478/3451
f 3443/3443/3416 3408/3407/3381 3331/3331/3305
f 3407/3406/3380 3409/3408/3382 3442/3442/3415
f 3408/3407/3381 3446/3446/3419 3372/3372/3346
f 3479/3479/3452 3444/3444/3417 3411/3410/3384
f 3372/3372/3346 3446/3446/3419 3410/3409/3383
f 3373/3373/3347 3480/3480/3453 3412/3411/3385
f 3446/3446/3419 3480/3480/3453 3373/3373/3347
f 3480/3480/3453 3481/3481/3454 3412/3411/3385
f 3448/3448/3421 3337/3337/3311 3482/3482/3455
f 3334/3334/3308 3337/3337/3311 3448/3448/3421
f 3376/3376/3350 3335/3335/3309 3445/3445/3418
f 3375/3375/3349 3412/3411/3385 3481/3481/3454
f 3413/3412/3386 3375/3375/3349 3481/3481/3454
f 3413/3412/3386 3481/3481/3454 3450/3450/3423
f 3416/3415/3389 3482/3482/3455 3337/3337/3311
f 3375/3375/3349 3413/3412/3386 3299/3298/3273
f 3450/3450/3423 3483/3483/3456 3451/3451/3424
f 3374/3374/3348 3449/3449/3422 3447/3447/3420
f 3416/3415/3389 3415/3414/3388 3452/3452/3425
f 3449/3449/3422 3336/3336/3310 3414/3413/3387
f 3378/3378/3352 3379/3379/3353 3484/3484/3457
f 3381/3381/3355 3418/3417/3391 3485/3485/3458
f 3486/3486/3459 3487/3487/3460 3382/3382/3356
f 3382/3382/3356 3487/3487/3460 3346/3346/3320
f 3487/3487/3460 3458/3458/3431 3346/3346/3320
f 3382/3382/3356 3347/3347/3321 3486/3486/3459
f 3419/3418/3392 3348/3348/3322 3459/3459/3432
f 3384/3384/3358 3488/3488/3461 3386/3386/3360
f 3350/3350/3324 3489/3489/3462 3384/3384/3358
f 3350/3350/3324 3421/3420/3394 3489/3489/3462
f 3424/3423/3397 3388/3388/3362 3490/3490/3463
f 3422/3421/3395 3490/3490/3463 3388/3388/3362
f 3393/3424/3366 3461/3461/3434 3492/3491/3464
f 3390/3390/3364 3462/3462/3435 3461/3461/3434
f 3424/3423/3397 3490/3490/3463 3462/3462/3435
f 3389/3389/3363 3460/3460/3433 3493/3492/3465
f 3392/3392/3366 3491/3493/3464 3460/3460/3433
f 3493/3492/3465 3464/3464/3437 3389/3389/3363
f 3494/3494/3466 3356/3356/3330 3426/3426/3399
f 3494/3494/3466 3468/3468/3441 3356/3356/3330
f 3395/3394/3368 3355/3355/3329 3467/3467/3440
f 3395/3394/3368 3495/3495/3467 3427/3427/3400
f 3467/3467/3440 3495/3495/3467 3395/3394/3368
f 3429/3429/3402 3496/3496/3468 3425/3425/3398
f 3428/3428/3401 3497/3497/3469 3283/3282/3257
f 3429/3429/3402 3430/3430/3403 3498/3498/3470
f 3397/3396/3370 3499/3499/3471 3430/3430/3403
f 3432/3432/3405 3499/3499/3471 3397/3396/3370
f 3434/3434/3407 3431/3431/3404 3500/3500/3472
f 3501/3501/3473 3499/3499/3471 3432/3432/3405
f 3432/3432/3405 3433/3433/3406 3501/3501/3473
f 3435/3435/3408 3398/3397/3371 3470/3470/3443
f 3500/3500/3472 3436/3436/3409 3434/3434/3407
f 3398/3397/3371 3471/3471/3444 3470/3470/3443
f 3500/3500/3472 3502/3502/3474 3436/3436/3409
f 3437/3437/3410 3436/3436/3409 3502/3502/3474
f 3472/3472/3445 3503/3503/3475 3471/3471/3444
f 3472/3472/3445 3473/3473/3446 3503/3503/3475
f 3504/3504/3476 3363/3363/3337 3437/3437/3410
f 3439/3439/3412 3440/3440/3413 3505/3505/3477
f 3440/3440/3413 3506/3506/3478 3505/3505/3477
f 3440/3440/3413 3442/3442/3415 3506/3506/3478
f 3327/3327/3301 3477/3477/3450 3475/3475/3448
f 3506/3506/3478 3442/3442/3415 3507/3507/3479
f 3508/3508/3480 3368/3368/3342 3478/3478/3451
f 3368/3368/3342 3508/3508/3480 3443/3443/3416
f 3509/3509/3481 3370/3370/3344 3406/3405/3379
f 3510/3510/3482 3330/3330/3304 3444/3444/3417
f 3442/3442/3415 3409/3408/3382 3507/3507/3479
f 3479/3479/3452 3510/3510/3482 3444/3444/3417
f 3511/3511/3483 3446/3446/3419 3408/3407/3381
f 3480/3480/3453 3446/3446/3419 3512/3512/3484
f 3409/3408/3382 3448/3448/3421 3507/3507/3479
f 3411/3410/3384 3447/3447/3420 3479/3479/3452
f 3481/3481/3454 3480/3480/3453 3512/3512/3484
f 3513/3513/3485 3481/3481/3454 3512/3512/3484
f 3450/3450/3423 3481/3481/3454 3513/3513/3485
f 3483/3483/3456 3513/3513/3485 3514/3514/3486
f 3514/3514/3486 3515/3515/3487 3483/3483/3456
f 3483/3483/3456 3515/3515/3487 3452/3452/3425
f 3483/3483/3456 3450/3450/3423 3513/3513/3485
f 3416/3415/3389 3452/3452/3425 3515/3515/3487
f 3482/3482/3455 3416/3415/3389 3515/3515/3487
f 3447/3447/3420 3449/3449/3422 3516/3516/3488
f 3452/3452/3425 3451/3451/3424 3483/3483/3456
f 3453/3453/3426 3517/3517/3489 3417/3416/3390
f 3454/3454/3427 3518/3518/3490 3414/3413/3387
f 3455/3455/3428 3417/3416/3390 3517/3517/3489
f 3519/3519/3491 3418/3417/3391 3455/3455/3428
f 3520/3520/3492 3378/3378/3352 3484/3484/3457
f 3454/3454/3427 3378/3378/3352 3520/3520/3492
f 3457/3457/3430 3521/3521/3493 3456/3456/3429
f 3486/3486/3459 3381/3381/3355 3485/3485/3458
f 3347/3347/3321 3381/3381/3355 3486/3486/3459
f 3349/3349/3323 3386/3386/3360 3459/3459/3432
f 3419/3418/3392 3385/3385/3359 3383/3383/3357
f 3385/3385/3359 3522/3522/3494 3387/3387/3361
f 3384/3384/3358 3489/3489/3462 3488/3488/3461
f 3387/3387/3361 3523/3523/3495 3420/3419/3393
f 3489/3489/3462 3421/3420/3394 3524/3524/3496
f 3524/3524/3496 3421/3420/3394 3423/3422/3396
f 3462/3462/3435 3490/3490/3463 3525/3525/3497
f 3420/3419/3393 3526/3526/3498 3422/3421/3395
f 3460/3460/3433 3491/3493/3464 3527/3527/3499
f 3462/3462/3435 3528/3528/3500 3461/3461/3434
f 3529/3529/3501 3525/3525/3497 3490/3490/3463
f 3527/3527/3499 3493/3492/3465 3460/3460/3433
f 3426/3426/3399 3143/3142/3119 3465/3465/3438
f 3463/3463/3436 3464/3464/3437 3530/3530/3502
f 3467/3467/3440 3463/3463/3436 3530/3530/3502
f 3425/3425/3398 3496/3496/3468 3423/3422/3396
f 3319/3319/3293 3468/3468/3441 3396/3395/3369
f 3531/3531/3503 3428/3428/3401 3396/3395/3369
f 3532/3532/3504 3496/3496/3468 3429/3429/3402
f 3429/3429/3402 3498/3498/3470 3532/3532/3504
f 3497/3497/3469 3431/3431/3404 3283/3282/3257
f 3431/3431/3404 3497/3497/3469 3533/3533/3505
f 3500/3500/3472 3431/3431/3404 3533/3533/3505
f 3498/3498/3470 3430/3430/3403 3499/3499/3471
f 3469/3469/3442 3534/3534/3506 3433/3433/3406
f 3501/3501/3473 3433/3433/3406 3534/3534/3506
f 3469/3469/3442 3470/3470/3443 3534/3534/3506
f 3535/3535/3507 3534/3534/3506 3470/3470/3443
f 3536/3536/3508 3534/3534/3506 3535/3535/3507
f 3471/3471/3444 3535/3535/3507 3470/3470/3443
f 3471/3471/3444 3503/3503/3475 3535/3535/3507
f 3503/3503/3475 3537/3537/3509 3535/3535/3507
f 3537/3537/3509 3536/3536/3508 3535/3535/3507
f 3503/3503/3475 3538/3538/3510 3537/3537/3509
f 3503/3503/3475 3473/3473/3446 3538/3538/3510
f 3538/3538/3510 3539/3539/3511 3537/3537/3509
f 3474/3474/3447 3363/3363/3337 3504/3504/3476
f 3540/3540/3512 3541/3541/3513 3538/3538/3510
f 3439/3439/3412 3505/3505/3477 3473/3473/3446
f 3473/3473/3446 3505/3505/3477 3538/3538/3510
f 3505/3505/3477 3540/3540/3512 3538/3538/3510
f 3542/3542/3514 3402/3401/3375 3474/3474/3447
f 3505/3505/3477 3543/3543/3515 3540/3540/3512
f 3505/3505/3477 3506/3506/3478 3543/3543/3515
f 3475/3475/3448 3544/3544/3516 3403/3402/3376
f 3544/3544/3516 3476/3476/3449 3403/3402/3376
f 3405/3404/3378 3545/3545/3517 3478/3478/3451
f 3545/3545/3517 3508/3508/3480 3478/3478/3451
f 3506/3506/3478 3507/3507/3479 3543/3543/3515
f 3443/3443/3416 3508/3508/3480 3511/3511/3483
f 3330/3330/3304 3510/3510/3482 3441/3441/3414
f 3511/3511/3483 3408/3407/3381 3443/3443/3416
f 3507/3507/3479 3448/3448/3421 3546/3546/3518
f 3512/3512/3484 3446/3446/3419 3511/3511/3483
f 3448/3448/3421 3482/3482/3455 3546/3546/3518
f 3513/3513/3485 3512/3512/3484 3547/3547/3519
f 3548/3548/3520 3549/3549/3521 3515/3515/3487
f 3482/3482/3455 3549/3549/3521 3546/3546/3518
f 3514/3514/3486 3548/3548/3520 3515/3515/3487
f 3482/3482/3455 3515/3515/3487 3549/3549/3521
f 3445/3445/3418 3453/3453/3426 3376/3376/3350
f 3550/3550/3522 3447/3447/3420 3516/3516/3488
f 3414/3413/3387 3518/3518/3490 3449/3449/3422
f 3519/3519/3491 3455/3455/3428 3517/3517/3489
f 3520/3520/3492 3551/3551/3523 3454/3454/3427
f 3518/3518/3490 3454/3454/3427 3551/3551/3523
f 3552/3552/3524 3520/3520/3492 3484/3484/3457
f 3484/3484/3457 3379/3379/3353 3553/3553/3525
f 3554/3554/3526 3380/3380/3354 3456/3456/3429
f 3379/3379/3353 3380/3380/3354 3553/3553/3525
f 3457/3457/3430 3344/3344/3318 3458/3458/3431
f 3459/3459/3432 3386/3386/3360 3555/3555/3527
f 3386/3386/3360 3488/3488/3461 3555/3555/3527
f 3419/3418/3392 3522/3522/3494 3385/3385/3359
f 3524/3524/3496 3488/3488/3461 3489/3489/3462
f 3556/3556/3528 3523/3523/3495 3387/3387/3361
f 3490/3490/3463 3422/3421/3395 3526/3526/3498
f 3524/3524/3496 3423/3422/3396 3496/3496/3468
f 3492/3491/3464 3461/3461/3434 3558/3557/3529
f 3527/3527/3499 3559/3558/3530 3493/3492/3465
f 3426/3426/3399 3465/3465/3438 3494/3494/3466
f 3466/3466/3439 3560/3559/3531 3465/3465/3438
f 3427/3427/3400 3561/3560/3532 3466/3466/3439
f 3561/3560/3532 3427/3427/3400 3495/3495/3467
f 3530/3530/3502 3562/3561/3533 3467/3467/3440
f 3467/3467/3440 3562/3561/3533 3495/3495/3467
f 3468/3468/3441 3531/3531/3503 3396/3395/3369
f 3497/3497/3469 3428/3428/3401 3563/3562/3534
f 3532/3532/3504 3498/3498/3470 3564/3563/3535
f 3533/3533/3505 3497/3497/3469 3563/3562/3534
f 3565/3564/3536 3500/3500/3472 3533/3533/3505
f 3501/3501/3473 3534/3534/3506 3566/3565/3537
f 3500/3500/3472 3565/3564/3536 3502/3502/3474
f 3534/3534/3506 3567/3566/3538 3566/3565/3537
f 3536/3536/3508 3567/3566/3538 3534/3534/3506
f 3568/3567/3539 3502/3502/3474 3565/3564/3536
f 3539/3539/3511 3567/3566/3538 3536/3536/3508
f 3537/3537/3509 3539/3539/3511 3536/3536/3508
f 3539/3539/3511 3569/3568/3540 3567/3566/3538
f 3568/3567/3539 3504/3504/3476 3437/3437/3410
f 3539/3539/3511 3570/3569/3541 3569/3568/3540
f 3539/3539/3511 3538/3538/3510 3541/3541/3513
f 3539/3539/3511 3541/3541/3513 3570/3569/3541
f 3541/3541/3513 3571/3570/3542 3570/3569/3541
f 3504/3504/3476 3542/3542/3514 3474/3474/3447
f 3541/3541/3513 3572/3571/3543 3571/3570/3542
f 3572/3571/3543 3573/3572/3544 3571/3570/3542
f 3540/3540/3512 3572/3571/3543 3541/3541/3513
f 3540/3540/3512 3543/3543/3515 3572/3571/3543
f 3543/3543/3515 3574/3573/3545 3572/3571/3543
f 3575/3574/3546 3544/3544/3516 3475/3475/3448
f 3544/3544/3516 3545/3545/3517 3476/3476/3449
f 3575/3574/3546 3475/3475/3448 3477/3477/3450
f 3405/3404/3378 3476/3476/3449 3545/3545/3517
f 3576/3575/3547 3509/3509/3481 3406/3405/3379
f 3441/3441/3414 3577/3576/3548 3477/3477/3450
f 3578/3577/3549 3574/3573/3545 3579/3578/3550
f 3546/3546/3518 3574/3573/3545 3543/3543/3515
f 3543/3543/3515 3507/3507/3479 3546/3546/3518
f 3511/3511/3483 3508/3508/3480 3580/3579/3551
f 3511/3511/3483 3581/3580/3552 3547/3547/3519
f 3546/3546/3518 3549/3549/3521 3574/3573/3545
f 3579/3578/3550 3548/3548/3520 3582/3581/3553
f 3549/3549/3521 3579/3578/3550 3574/3573/3545
f 3512/3512/3484 3511/3511/3483 3547/3547/3519
f 3583/3582/3554 3510/3510/3482 3479/3479/3452
f 3445/3445/3418 3370/3370/3344 3509/3509/3481
f 3548/3548/3520 3513/3513/3485 3584/3583/3555
f 3549/3549/3521 3548/3548/3520 3579/3578/3550
f 3479/3479/3452 3550/3550/3522 3583/3582/3554
f 3514/3514/3486 3513/3513/3485 3548/3548/3520
f 3550/3550/3522 3479/3479/3452 3447/3447/3420
f 3585/3584/3556 3517/3517/3489 3453/3453/3426
f 3586/3585/3557 3517/3517/3489 3585/3584/3556
f 3449/3449/3422 3518/3518/3490 3587/3586/3558
f 3551/3551/3523 3588/3587/3559 3518/3518/3490
f 3589/3588/3560 3590/3589/3561 3487/3487/3460
f 3591/3590/3562 3486/3486/3459 3485/3485/3458
f 3589/3588/3560 3487/3487/3460 3486/3486/3459
f 3458/3458/3431 3590/3589/3561 3521/3521/3493
f 3553/3553/3525 3380/3380/3354 3554/3554/3526
f 3457/3457/3430 3458/3458/3431 3521/3521/3493
f 3419/3418/3392 3459/3459/3432 3555/3555/3527
f 3556/3556/3528 3387/3387/3361 3522/3522/3494
f 3555/3555/3527 3488/3488/3461 3592/3591/3563
f 3420/3419/3393 3593/3592/3564 3526/3526/3498
f 3420/3419/3393 3523/3523/3495 3593/3592/3564
f 3594/3593/3565 3524/3524/3496 3496/3496/3468
f 3491/3493/3464 3595/3594/3566 3527/3527/3499
f 3491/3493/3464 3557/3595/3529 3595/3594/3566
f 3462/3462/3435 3596/3596/3567 3528/3528/3500
f 3490/3490/3463 3526/3526/3498 3529/3529/3501
f 3496/3496/3468 3597/3597/3568 3594/3593/3565
f 3494/3494/3466 3465/3465/3438 3560/3559/3531
f 3468/3468/3441 3494/3494/3466 3598/3598/3569
f 3598/3598/3569 3531/3531/3503 3468/3468/3441
f 3496/3496/3468 3599/3599/3570 3597/3597/3568
f 3496/3496/3468 3532/3532/3504 3599/3599/3570
f 3531/3531/3503 3600/3600/3571 3428/3428/3401
f 3563/3562/3534 3428/3428/3401 3600/3600/3571
f 3564/3563/3535 3601/3601/3572 3532/3532/3504
f 3498/3498/3470 3602/3602/3573 3564/3563/3535
f 3498/3498/3470 3603/3603/3574 3602/3602/3573
f 3499/3499/3471 3603/3603/3574 3498/3498/3470
f 3499/3499/3471 3501/3501/3473 3604/3604/3575
f 3501/3501/3473 3566/3565/3537 3604/3604/3575
f 3605/3605/3576 3604/3604/3575 3566/3565/3537
f 3567/3566/3538 3605/3605/3576 3566/3565/3537
f 3606/3606/3577 3605/3605/3576 3567/3566/3538
f 3607/3607/3578 3605/3605/3576 3606/3606/3577
f 3437/3437/3410 3502/3502/3474 3568/3567/3539
f 3567/3566/3538 3569/3568/3540 3606/3606/3577
f 3569/3568/3540 3608/3608/3579 3606/3606/3577
f 3606/3606/3577 3608/3608/3579 3609/3609/3580
f 3569/3568/3540 3570/3569/3541 3608/3608/3579
f 3608/3608/3579 3610/3610/3581 3609/3609/3580
f 3570/3569/3541 3571/3570/3542 3608/3608/3579
f 3608/3608/3579 3571/3570/3542 3610/3610/3581
f 3571/3570/3542 3573/3572/3544 3610/3610/3581
f 3573/3572/3544 3611/3611/3582 3610/3610/3581
f 3573/3572/3544 3612/3612/3583 3611/3611/3582
f 3573/3572/3544 3578/3577/3549 3612/3612/3583
f 3573/3572/3544 3572/3571/3543 3578/3577/3549
f 3542/3542/3514 3576/3575/3547 3402/3401/3375
f 3574/3573/3545 3578/3577/3549 3572/3571/3543
f 3576/3575/3547 3406/3405/3379 3402/3401/3375
f 3544/3544/3516 3575/3574/3546 3613/3613/3584
f 3577/3576/3548 3575/3574/3546 3477/3477/3450
f 3545/3545/3517 3614/3614/3585 3508/3508/3480
f 3582/3581/3553 3615/3615/3586 3612/3612/3583
f 3578/3577/3549 3582/3581/3553 3612/3612/3583
f 3441/3441/3414 3510/3510/3482 3577/3576/3548
f 3578/3577/3549 3579/3578/3550 3582/3581/3553
f 3615/3615/3586 3582/3581/3553 3584/3583/3555
f 3584/3583/3555 3513/3513/3485 3547/3547/3519
f 3582/3581/3553 3548/3548/3520 3584/3583/3555
f 3616/3616/3587 3585/3584/3556 3445/3445/3418
f 3445/3445/3418 3585/3584/3556 3453/3453/3426
f 3587/3586/3558 3516/3516/3488 3449/3449/3422
f 3586/3585/3557 3519/3519/3491 3517/3517/3489
f 3617/3617/3588 3418/3417/3391 3519/3519/3491
f 3418/3417/3391 3617/3617/3588 3485/3485/3458
f 3590/3589/3561 3618/3618/3589 3521/3521/3493
f 3554/3554/3526 3619/3619/3590 3553/3553/3525
f 3552/3552/3524 3484/3484/3457 3553/3553/3525
f 3589/3588/3560 3486/3486/3459 3591/3590/3562
f 3458/3458/3431 3487/3487/3460 3590/3589/3561
f 3554/3554/3526 3456/3456/3429 3521/3521/3493
f 3419/3418/3392 3555/3555/3527 3620/3620/3591
f 3592/3591/3563 3620/3620/3591 3555/3555/3527
f 3419/3418/3392 3621/3621/3592 3522/3522/3494
f 3620/3620/3591 3621/3621/3592 3419/3418/3392
f 3592/3591/3563 3488/3488/3461 3524/3524/3496
f 3522/3522/3494 3621/3621/3592 3556/3556/3528
f 3594/3593/3565 3592/3591/3563 3524/3524/3496
f 3461/3461/3434 3622/3622/3593 3623/3623/3594
f 3622/3622/3593 3528/3528/3500 3596/3596/3567
f 3461/3461/3434 3623/3623/3594 3558/3557/3529
f 3461/3461/3434 3528/3528/3500 3622/3622/3593
f 3525/3525/3497 3596/3596/3567 3462/3462/3435
f 3624/3624/3595 3523/3523/3495 3556/3556/3528
f 3529/3529/3501 3526/3526/3498 3593/3592/3564
f 3493/3492/3465 3625/3625/3596 3464/3464/3437
f 3593/3592/3564 3626/3626/3597 3529/3529/3501
f 3627/3627/3598 3593/3592/3564 3523/3523/3495
f 3624/3624/3595 3627/3627/3598 3523/3523/3495
f 3464/3464/3437 3628/3628/3599 3530/3530/3502
f 3629/3629/3600 3494/3494/3466 3560/3559/3531
f 3530/3530/3502 3628/3628/3599 3562/3561/3533
f 3531/3531/3503 3598/3598/3569 3630/3630/3601
f 3630/3630/3601 3600/3600/3571 3531/3531/3503
f 3599/3599/3570 3532/3532/3504 3601/3601/3572
f 3631/3631/3602 3565/3564/3536 3533/3533/3505
f 3604/3604/3575 3603/3603/3574 3499/3499/3471
f 3606/3606/3577 3609/3609/3580 3607/3607/3578
f 3632/3632/3603 3607/3607/3578 3609/3609/3580
f 3633/3633/3604 3504/3504/3476 3568/3567/3539
f 3634/3634/3605 3632/3632/3603 3609/3609/3580
f 3633/3633/3604 3542/3542/3514 3504/3504/3476
f 3609/3609/3580 3610/3610/3581 3634/3634/3605
f 3610/3610/3581 3635/3635/3606 3634/3634/3605
f 3610/3610/3581 3611/3611/3582 3635/3635/3606
f 3635/3635/3606 3611/3611/3582 3636/3636/3607
f 3611/3611/3582 3612/3612/3583 3636/3636/3607
f 3637/3637/3608 3614/3614/3585 3545/3545/3517
f 3636/3636/3607 3612/3612/3583 3638/3638/3609
f 3639/3639/3610 3544/3544/3516 3613/3613/3584
f 3545/3545/3517 3544/3544/3516 3639/3639/3610
f 3637/3637/3608 3545/3545/3517 3639/3639/3610
f 3612/3612/3583 3615/3615/3586 3638/3638/3609
f 3508/3508/3480 3614/3614/3585 3580/3579/3551
f 3638/3638/3609 3584/3583/3555 3640/3640/3611
f 3511/3511/3483 3580/3579/3551 3581/3580/3552
f 3547/3547/3519 3581/3580/3552 3640/3640/3611
f 3615/3615/3586 3584/3583/3555 3638/3638/3609
f 3584/3583/3555 3547/3547/3519 3640/3640/3611
f 3641/3641/3612 3510/3510/3482 3583/3582/3554
f 3616/3616/3587 3445/3445/3418 3509/3509/3481
f 3642/3642/3613 3583/3582/3554 3550/3550/3522
f 3586/3585/3557 3585/3584/3556 3616/3616/3587
f 3588/3587/3559 3587/3586/3558 3518/3518/3490
f 3643/3643/3614 3591/3590/3562 3617/3617/3588
f 3644/3644/3615 3551/3551/3523 3520/3520/3492
f 3591/3590/3562 3485/3485/3458 3617/3617/3588
f 3619/3619/3590 3645/3645/3616 3552/3552/3524
f 3645/3645/3616 3644/3644/3615 3552/3552/3524
f 3520/3520/3492 3552/3552/3524 3644/3644/3615
f 3618/3618/3589 3590/3589/3561 3646/3646/3617
f 3554/3554/3526 3647/3647/3618 3619/3619/3590
f 3552/3552/3524 3553/3553/3525 3619/3619/3590
f 3648/3648/3619 3554/3554/3526 3521/3521/3493
f 3620/3620/3591 3592/3591/3563 3649/3649/3620
f 3649/3649/3620 3621/3621/3592 3620/3620/3591
f 3623/3623/3594 3651/3650/3621 3558/3557/3529
f 3652/3651/3622 3556/3556/3528 3621/3621/3592
f 3594/3593/3565 3653/3652/3623 3592/3591/3563
f 3652/3651/3622 3624/3624/3595 3556/3556/3528
f 3527/3527/3499 3595/3594/3566 3559/3558/3530
f 3596/3596/3567 3525/3525/3497 3654/3653/3624
f 3525/3525/3497 3655/3654/3625 3654/3653/3624
f 3525/3525/3497 3529/3529/3501 3655/3654/3625
f 3559/3558/3530 3625/3625/3596 3493/3492/3465
f 3529/3529/3501 3626/3626/3597 3655/3654/3625
f 3594/3593/3565 3597/3597/3568 3653/3652/3623
f 3466/3466/3439 3656/3655/3626 3560/3559/3531
f 3466/3466/3439 3561/3560/3532 3656/3655/3626
f 3629/3629/3600 3598/3598/3569 3494/3494/3466
f 3561/3560/3532 3657/3656/3627 3656/3655/3626
f 3495/3495/3467 3657/3656/3627 3561/3560/3532
f 3495/3495/3467 3658/3657/3628 3657/3656/3627
f 3495/3495/3467 3562/3561/3533 3658/3657/3628
f 3627/3627/3598 3659/3658/3629 3593/3592/3564
f 3599/3599/3570 3660/3659/3630 3597/3597/3568
f 3661/3660/3631 3600/3600/3571 3630/3630/3601
f 3600/3600/3571 3661/3660/3631 3563/3562/3534
f 3599/3599/3570 3662/3661/3632 3663/3662/3633
f 3601/3601/3572 3662/3661/3632 3599/3599/3570
f 3601/3601/3572 3564/3563/3535 3662/3661/3632
f 3664/3663/3634 3662/3661/3632 3564/3563/3535
f 3665/3664/3635 3563/3562/3534 3661/3660/3631
f 3602/3602/3573 3664/3663/3634 3564/3563/3535
f 3533/3533/3505 3563/3562/3534 3665/3664/3635
f 3602/3602/3573 3666/3665/3636 3664/3663/3634
f 3533/3533/3505 3665/3664/3635 3631/3631/3602
f 3602/3602/3573 3603/3603/3574 3666/3665/3636
f 3667/3666/3637 3603/3603/3574 3604/3604/3575
f 3667/3666/3637 3604/3604/3575 3605/3605/3576
f 3565/3564/3536 3668/3667/3638 3568/3567/3539
f 3607/3607/3578 3632/3632/3603 3669/3668/3639
f 3670/3669/3640 3542/3542/3514 3633/3633/3604
f 3635/3635/3606 3636/3636/3607 3671/3670/3641
f 3636/3636/3607 3672/3671/3642 3671/3670/3641
f 3636/3636/3607 3638/3638/3609 3672/3671/3642
f 3639/3639/3610 3673/3672/3643 3637/3637/3608
f 3638/3638/3609 3640/3640/3611 3674/3673/3644
f 3674/3673/3644 3640/3640/3611 3675/3674/3645
f 3676/3675/3646 3580/3579/3551 3614/3614/3585
f 3640/3640/3611 3581/3580/3552 3675/3674/3645
f 3613/3613/3584 3575/3574/3546 3577/3576/3548
f 3576/3575/3547 3677/3676/3647 3509/3509/3481
f 3510/3510/3482 3678/3677/3648 3577/3576/3548
f 3583/3582/3554 3679/3678/3649 3641/3641/3612
f 3583/3582/3554 3642/3642/3613 3679/3678/3649
f 3586/3585/3557 3680/3679/3650 3519/3519/3491
f 3617/3617/3588 3519/3519/3491 3680/3679/3650
f 3550/3550/3522 3516/3516/3488 3642/3642/3613
f 3587/3586/3558 3642/3642/3613 3516/3516/3488
f 3681/3680/3651 3589/3588/3560 3591/3590/3562
f 3681/3680/3651 3591/3590/3562 3643/3643/3614
f 3646/3646/3617 3590/3589/3561 3589/3588/3560
f 3619/3619/3590 3682/3681/3652 3645/3645/3616
f 3683/3682/3653 3551/3551/3523 3644/3644/3615
f 3647/3647/3618 3682/3681/3652 3619/3619/3590
f 3648/3648/3619 3521/3521/3493 3618/3618/3589
f 3647/3647/3618 3554/3554/3526 3648/3648/3619
f 3651/3650/3621 3623/3623/3594 3684/3683/3654
f 3622/3622/3593 3684/3683/3654 3623/3623/3594
f 3649/3649/3620 3592/3591/3563 3685/3684/3655
f 3557/3595/3529 3686/3685/3656 3595/3594/3566
f 3650/3686/3621 3686/3685/3656 3557/3595/3529
f 3684/3683/3654 3687/3687/3656 3651/3650/3621
f 3685/3684/3655 3592/3591/3563 3653/3652/3623
f 3688/3688/3657 3685/3684/3655 3653/3652/3623
f 3628/3628/3599 3464/3464/3437 3625/3625/3596
f 3654/3653/3624 3655/3654/3625 3689/3689/3658
f 3690/3690/3659 3685/3684/3655 3688/3688/3657
f 3628/3628/3599 3691/3691/3660 3562/3561/3533
f 3626/3626/3597 3692/3692/3661 3693/3693/3662
f 3627/3627/3598 3624/3624/3595 3694/3694/3663
f 3694/3694/3663 3624/3624/3595 3652/3651/3622
f 3695/3695/3664 3598/3598/3569 3629/3629/3600
f 3658/3657/3628 3656/3655/3626 3657/3656/3627
f 3659/3658/3629 3626/3626/3597 3593/3592/3564
f 3653/3652/3623 3660/3659/3630 3688/3688/3657
f 3597/3597/3568 3660/3659/3630 3653/3652/3623
f 3630/3630/3601 3598/3598/3569 3696/3696/3665
f 3599/3599/3570 3663/3662/3633 3660/3659/3630
f 3663/3662/3633 3697/3697/3666 3660/3659/3630
f 3662/3661/3632 3664/3663/3634 3663/3662/3633
f 3663/3662/3633 3698/3698/3667 3699/3699/3668
f 3664/3663/3634 3698/3698/3667 3663/3662/3633
f 3698/3698/3667 3664/3663/3634 3700/3700/3669
f 3664/3663/3634 3666/3665/3636 3700/3700/3669
f 3603/3603/3574 3701/3701/3670 3666/3665/3636
f 3603/3603/3574 3667/3666/3637 3701/3701/3670
f 3631/3631/3602 3668/3667/3638 3565/3564/3536
f 3605/3605/3576 3669/3668/3639 3667/3666/3637
f 3605/3605/3576 3607/3607/3578 3669/3668/3639
f 3668/3667/3638 3633/3633/3604 3568/3567/3539
f 3702/3702/3671 3633/3633/3604 3668/3667/3638
f 3576/3575/3547 3542/3542/3514 3670/3669/3640
f 3703/3703/3672 3675/3674/3645 3704/3704/3673
f 3704/3704/3673 3637/3637/3608 3673/3672/3643
f 3614/3614/3585 3637/3637/3608 3704/3704/3673
f 3676/3675/3646 3614/3614/3585 3704/3704/3673
f 3675/3674/3645 3676/3675/3646 3704/3704/3673
f 3705/3705/3674 3613/3613/3584 3706/3706/3675
f 3613/3613/3584 3705/3705/3674 3639/3639/3610
f 3613/3613/3584 3577/3576/3548 3706/3706/3675
f 3675/3674/3645 3580/3579/3551 3676/3675/3646
f 3581/3580/3552 3580/3579/3551 3675/3674/3645
f 3678/3677/3648 3706/3706/3675 3577/3576/3548
f 3707/3707/3676 3509/3509/3481 3677/3676/3647
f 3678/3677/3648 3510/3510/3482 3641/3641/3612
f 3707/3707/3676 3616/3616/3587 3509/3509/3481
f 3707/3707/3676 3586/3585/3557 3616/3616/3587
f 3680/3679/3650 3586/3585/3557 3707/3707/3676
f 3708/3708/3677 3617/3617/3588 3680/3679/3650
f 3643/3643/3614 3617/3617/3588 3708/3708/3677
f 3587/3586/3558 3709/3709/3678 3642/3642/3613
f 3589/3588/3560 3681/3680/3651 3710/3710/3679
f 3646/3646/3617 3589/3588/3560 3710/3710/3679
f 3588/3587/3559 3709/3709/3678 3587/3586/3558
f 3648/3648/3619 3618/3618/3589 3711/3711/3680
f 3683/3682/3653 3644/3644/3615 3645/3645/3616
f 3588/3587/3559 3551/3551/3523 3683/3682/3653
f 3712/3712/3681 3595/3594/3566 3686/3685/3656
f 3687/3687/3656 3684/3683/3654 3714/3713/3682
f 3715/3714/3683 3714/3713/3682 3684/3683/3654
f 3622/3622/3593 3715/3714/3683 3684/3683/3654
f 3596/3596/3567 3715/3714/3683 3622/3622/3593
f 3715/3714/3683 3596/3596/3567 3654/3653/3624
f 3716/3715/3684 3621/3621/3592 3649/3649/3620
f 3716/3715/3684 3649/3649/3620 3685/3684/3655
f 3625/3625/3596 3717/3716/3685 3628/3628/3599
f 3691/3691/3660 3628/3628/3599 3717/3716/3685
f 3626/3626/3597 3693/3693/3662 3655/3654/3625
f 3716/3715/3684 3652/3651/3622 3621/3621/3592
f 3658/3657/3628 3562/3561/3533 3691/3691/3660
f 3718/3717/3686 3695/3695/3664 3629/3629/3600
f 3560/3559/3531 3718/3717/3686 3629/3629/3600
f 3656/3655/3626 3718/3717/3686 3560/3559/3531
f 3690/3690/3659 3716/3715/3684 3685/3684/3655
f 3659/3658/3629 3692/3692/3661 3626/3626/3597
f 3694/3694/3663 3659/3658/3629 3627/3627/3598
f 3719/3718/3687 3630/3630/3601 3696/3696/3665
f 3688/3688/3657 3660/3659/3630 3697/3697/3666
f 3661/3660/3631 3630/3630/3601 3720/3719/3688
f 3663/3662/3633 3699/3699/3668 3697/3697/3666
f 3699/3699/3668 3721/3720/3689 3697/3697/3666
f 3699/3699/3668 3698/3698/3667 3721/3720/3689
f 3722/3721/3690 3665/3664/3635 3661/3660/3631
f 3698/3698/3667 3700/3700/3669 3721/3720/3689
f 3666/3665/3636 3723/3722/3691 3700/3700/3669
f 3701/3701/3670 3723/3722/3691 3666/3665/3636
f 3667/3666/3637 3724/3723/3692 3701/3701/3670
f 3667/3666/3637 3725/3724/3693 3724/3723/3692
f 3667/3666/3637 3669/3668/3639 3725/3724/3693
f 3669/3668/3639 3726/3725/3694 3725/3724/3693
f 3670/3669/3640 3633/3633/3604 3702/3702/3671
f 3632/3632/3603 3726/3725/3694 3669/3668/3639
f 3632/3632/3603 3634/3634/3605 3726/3725/3694
f 3634/3634/3605 3635/3635/3606 3726/3725/3694
f 3635/3635/3606 3671/3670/3641 3726/3725/3694
f 3727/3726/3695 3576/3575/3547 3670/3669/3640
f 3672/3671/3642 3638/3638/3609 3674/3673/3644
f 3728/3727/3696 3576/3575/3547 3727/3726/3695
f 3729/3728/3697 3730/3729/3698 3673/3672/3643
f 3704/3704/3673 3730/3729/3698 3703/3703/3672
f 3675/3674/3645 3703/3703/3672 3674/3673/3644
f 3731/3730/3699 3705/3705/3674 3732/3731/3700
f 3704/3704/3673 3673/3672/3643 3730/3729/3698
f 3705/3705/3674 3706/3706/3675 3732/3731/3700
f 3639/3639/3610 3705/3705/3674 3731/3730/3699
f 3673/3672/3643 3639/3639/3610 3731/3730/3699
f 3677/3676/3647 3576/3575/3547 3728/3727/3696
f 3706/3706/3675 3678/3677/3648 3733/3732/3701
f 3732/3731/3700 3706/3706/3675 3733/3732/3701
f 3734/3733/3702 3707/3707/3676 3677/3676/3647
f 3735/3734/3703 3678/3677/3648 3641/3641/3612
f 3736/3735/3704 3735/3734/3703 3641/3641/3612
f 3641/3641/3612 3679/3678/3649 3736/3735/3704
f 3709/3709/3678 3737/3736/3705 3679/3678/3649
f 3738/3737/3706 3681/3680/3651 3643/3643/3614
f 3642/3642/3613 3709/3709/3678 3679/3678/3649
f 3710/3710/3679 3681/3680/3651 3738/3737/3706
f 3739/3738/3707 3682/3681/3652 3647/3647/3618
f 3645/3645/3616 3740/3739/3708 3683/3682/3653
f 3683/3682/3653 3709/3709/3678 3588/3587/3559
f 3618/3618/3589 3646/3646/3617 3741/3740/3709
f 3711/3711/3680 3618/3618/3589 3741/3740/3709
f 3713/3741/3681 3687/3687/3656 3714/3713/3682
f 3559/3558/3530 3595/3594/3566 3712/3712/3681
f 3715/3714/3683 3654/3653/3624 3689/3689/3658
f 3559/3558/3530 3742/3742/3710 3625/3625/3596
f 3689/3689/3658 3655/3654/3625 3743/3743/3711
f 3655/3654/3625 3693/3693/3662 3743/3743/3711
f 3718/3717/3686 3656/3655/3626 3744/3744/3712
f 3656/3655/3626 3658/3657/3628 3744/3744/3712
f 3744/3744/3712 3658/3657/3628 3745/3745/3713
f 3691/3691/3660 3745/3745/3713 3658/3657/3628
f 3746/3746/3714 3691/3691/3660 3717/3716/3685
f 3598/3598/3569 3695/3695/3664 3696/3696/3665
f 3718/3717/3686 3747/3747/3715 3695/3695/3664
f 3716/3715/3684 3748/3748/3716 3652/3651/3622
f 3652/3651/3622 3749/3749/3717 3694/3694/3663
f 3690/3690/3659 3748/3748/3716 3716/3715/3684
f 3749/3749/3717 3750/3750/3718 3694/3694/3663
f 3748/3748/3716 3749/3749/3717 3652/3651/3622
f 3690/3690/3659 3751/3751/3719 3748/3748/3716
f 3752/3752/3720 3659/3658/3629 3694/3694/3663
f 3750/3750/3718 3752/3752/3720 3694/3694/3663
f 3690/3690/3659 3688/3688/3657 3751/3751/3719
f 3659/3658/3629 3752/3752/3720 3692/3692/3661
f 3748/3748/3716 3751/3751/3719 3753/3753/3721
f 3688/3688/3657 3697/3697/3666 3751/3751/3719
f 3719/3718/3687 3720/3719/3688 3630/3630/3601
f 3754/3754/3722 3751/3751/3719 3755/3755/3723
f 3697/3697/3666 3755/3755/3723 3751/3751/3719
f 3721/3720/3689 3756/3756/3724 3697/3697/3666
f 3721/3720/3689 3757/3757/3725 3756/3756/3724
f 3700/3700/3669 3758/3758/3726 3721/3720/3689
f 3631/3631/3602 3665/3664/3635 3722/3721/3690
f 3700/3700/3669 3759/3759/3727 3758/3758/3726
f 3723/3722/3691 3760/3760/3728 3700/3700/3669
f 3761/3761/3729 3668/3667/3638 3631/3631/3602
f 3762/3762/3730 3763/3763/3731 3723/3722/3691
f 3701/3701/3670 3762/3762/3730 3723/3722/3691
f 3724/3723/3692 3762/3762/3730 3701/3701/3670
f 3762/3762/3730 3724/3723/3692 3764/3764/3732
f 3725/3724/3693 3765/3765/3733 3724/3723/3692
f 3725/3724/3693 3671/3670/3641 3765/3765/3733
f 3726/3725/3694 3671/3670/3641 3725/3724/3693
f 3764/3764/3732 3765/3765/3733 3766/3766/3734
f 3765/3765/3733 3671/3670/3641 3766/3766/3734
f 3767/3767/3735 3768/3768/3736 3766/3766/3734
f 3671/3670/3641 3672/3671/3642 3766/3766/3734
f 3766/3766/3734 3672/3671/3642 3767/3767/3735
f 3672/3671/3642 3674/3673/3644 3767/3767/3735
f 3769/3769/3737 3770/3770/3738 3771/3771/3739
f 3770/3770/3738 3769/3769/3737 3703/3703/3672
f 3730/3729/3698 3772/3772/3740 3770/3770/3738
f 3674/3673/3644 3703/3703/3672 3769/3769/3737
f 3767/3767/3735 3674/3673/3644 3769/3769/3737
f 3731/3730/3699 3773/3773/3741 3729/3728/3697
f 3730/3729/3698 3729/3728/3697 3772/3772/3740
f 3729/3728/3697 3673/3672/3643 3731/3730/3699
f 3703/3703/3672 3730/3729/3698 3770/3770/3738
f 3732/3731/3700 3774/3774/3742 3731/3730/3699
f 3728/3727/3696 3734/3733/3702 3677/3676/3647
f 3678/3677/3648 3735/3734/3703 3733/3732/3701
f 3775/3775/3743 3680/3679/3650 3734/3733/3702
f 3775/3775/3743 3776/3776/3744 3708/3708/3677
f 3680/3679/3650 3707/3707/3676 3734/3733/3702
f 3736/3735/3704 3679/3678/3649 3737/3736/3705
f 3708/3708/3677 3680/3679/3650 3775/3775/3743
f 3643/3643/3614 3708/3708/3677 3776/3776/3744
f 3710/3710/3679 3777/3777/3745 3778/3778/3746
f 3738/3737/3706 3777/3777/3745 3710/3710/3679
f 3779/3779/3747 3739/3738/3707 3741/3740/3709
f 3737/3736/3705 3709/3709/3678 3780/3780/3748
f 3709/3709/3678 3781/3781/3749 3780/3780/3748
f 3646/3646/3617 3710/3710/3679 3778/3778/3746
f 3741/3740/3709 3646/3646/3617 3778/3778/3746
f 3739/3738/3707 3711/3711/3680 3741/3740/3709
f 3782/3782/3750 3682/3681/3652 3739/3738/3707
f 3783/3783/3751 3682/3681/3652 3782/3782/3750
f 3739/3738/3707 3648/3648/3619 3711/3711/3680
f 3683/3682/3653 3740/3739/3708 3781/3781/3749
f 3709/3709/3678 3683/3682/3653 3781/3781/3749
f 3739/3738/3707 3647/3647/3618 3648/3648/3619
f 3645/3645/3616 3682/3681/3652 3783/3783/3751
f 3740/3739/3708 3645/3645/3616 3783/3783/3751
f 3714/3713/3682 3715/3714/3683 3784/3784/3752
f 3742/3742/3710 3559/3558/3530 3712/3712/3681
f 3689/3689/3658 3784/3784/3752 3715/3714/3683
f 3742/3742/3710 3717/3716/3685 3625/3625/3596
f 3743/3743/3711 3693/3693/3662 3785/3785/3753
f 3693/3693/3662 3786/3786/3754 3785/3785/3753
f 3744/3744/3712 3747/3747/3715 3718/3717/3686
f 3745/3745/3713 3787/3787/3755 3744/3744/3712
f 3788/3788/3756 3787/3787/3755 3745/3745/3713
f 3695/3695/3664 3789/3789/3757 3696/3696/3665
f 3747/3747/3715 3789/3789/3757 3695/3695/3664
f 3787/3787/3755 3747/3747/3715 3744/3744/3712
f 3749/3749/3717 3748/3748/3716 3753/3753/3721
f 3693/3693/3662 3692/3692/3661 3790/3790/3758
f 3752/3752/3720 3790/3790/3758 3692/3692/3661
f 3750/3750/3718 3749/3749/3717 3791/3791/3759
f 3753/3753/3721 3791/3791/3759 3749/3749/3717
f 3751/3751/3719 3754/3754/3722 3753/3753/3721
f 3791/3791/3759 3792/3792/3760 3750/3750/3718
f 3793/3793/3761 3792/3792/3760 3791/3791/3759
f 3753/3753/3721 3793/3793/3761 3791/3791/3759
f 3754/3754/3722 3793/3793/3761 3753/3753/3721
f 3793/3793/3761 3794/3794/3762 3792/3792/3760
f 3795/3795/3763 3793/3793/3761 3754/3754/3722
f 3796/3796/3764 3792/3792/3760 3797/3797/3765
f 3755/3755/3723 3795/3795/3763 3754/3754/3722
f 3792/3792/3760 3794/3794/3762 3797/3797/3765
f 3795/3795/3763 3794/3794/3762 3793/3793/3761
f 3795/3795/3763 3798/3798/3766 3794/3794/3762
f 3798/3798/3766 3795/3795/3763 3755/3755/3723
f 3755/3755/3723 3756/3756/3724 3799/3799/3767
f 3697/3697/3666 3756/3756/3724 3755/3755/3723
f 3720/3719/3688 3722/3721/3690 3661/3660/3631
f 3799/3799/3767 3756/3756/3724 3757/3757/3725
f 3721/3720/3689 3758/3758/3726 3757/3757/3725
f 3758/3758/3726 3800/3800/3768 3757/3757/3725
f 3758/3758/3726 3759/3759/3727 3800/3800/3768
f 3631/3631/3602 3722/3721/3690 3761/3761/3729
f 3759/3759/3727 3700/3700/3669 3760/3760/3728
f 3723/3722/3691 3763/3763/3731 3760/3760/3728
f 3801/3801/3769 3668/3667/3638 3761/3761/3729
f 3801/3801/3769 3702/3702/3671 3668/3667/3638
f 3802/3802/3770 3803/3803/3771 3763/3763/3731
f 3762/3762/3730 3802/3802/3770 3763/3763/3731
f 3670/3669/3640 3702/3702/3671 3801/3801/3769
f 3804/3804/3772 3670/3669/3640 3801/3801/3769
f 3762/3762/3730 3805/3805/3773 3802/3802/3770
f 3764/3764/3732 3805/3805/3773 3762/3762/3730
f 3724/3723/3692 3765/3765/3733 3764/3764/3732
f 3764/3764/3732 3768/3768/3736 3805/3805/3773
f 3766/3766/3734 3768/3768/3736 3764/3764/3732
f 3802/3802/3770 3805/3805/3773 3806/3806/3774
f 3768/3768/3736 3771/3771/3739 3805/3805/3773
f 3727/3726/3695 3670/3669/3640 3804/3804/3772
f 3805/3805/3773 3771/3771/3739 3806/3806/3774
f 3806/3806/3774 3771/3771/3739 3807/3807/3775
f 3768/3768/3736 3769/3769/3737 3771/3771/3739
f 3768/3768/3736 3767/3767/3735 3769/3769/3737
f 3807/3807/3775 3772/3772/3740 3808/3808/3776
f 3808/3808/3776 3772/3772/3740 3729/3728/3697
f 3770/3770/3738 3772/3772/3740 3807/3807/3775
f 3771/3771/3739 3770/3770/3738 3807/3807/3775
f 3773/3773/3741 3774/3774/3742 3809/3809/3777
f 3773/3773/3741 3731/3730/3699 3774/3774/3742
f 3732/3731/3700 3733/3732/3701 3774/3774/3742
f 3735/3734/3703 3810/3810/3778 3733/3732/3701
f 3735/3734/3703 3736/3735/3704 3811/3811/3779
f 3736/3735/3704 3737/3736/3705 3811/3811/3779
f 3811/3811/3779 3737/3736/3705 3812/3812/3780
f 3813/3813/3781 3814/3814/3782 3739/3738/3707
f 3781/3781/3749 3740/3739/3708 3780/3780/3748
f 3779/3779/3747 3741/3740/3709 3778/3778/3746
f 3739/3738/3707 3779/3779/3747 3813/3813/3781
f 3782/3782/3750 3815/3815/3783 3783/3783/3751
f 3737/3736/3705 3780/3780/3748 3812/3812/3780
f 3740/3739/3708 3783/3783/3751 3815/3815/3783
f 3782/3782/3750 3739/3738/3707 3814/3814/3782
f 3713/3741/3681 3714/3713/3682 3816/3816/3784
f 3817/3817/3785 3742/3742/3710 3712/3712/3681
f 3784/3784/3752 3816/3816/3784 3714/3713/3682
f 3818/3818/3786 3816/3816/3784 3784/3784/3752
f 3689/3689/3658 3743/3743/3711 3784/3784/3752
f 3745/3745/3713 3691/3691/3660 3746/3746/3714
f 3717/3716/3685 3742/3742/3710 3746/3746/3714
f 3788/3788/3756 3745/3745/3713 3746/3746/3714
f 3785/3785/3753 3786/3786/3754 3819/3819/3787
f 3747/3747/3715 3820/3820/3788 3789/3789/3757
f 3693/3693/3662 3821/3821/3789 3786/3786/3754
f 3693/3693/3662 3790/3790/3758 3821/3821/3789
f 3696/3696/3665 3789/3789/3757 3822/3822/3790
f 3696/3696/3665 3822/3822/3790 3719/3718/3687
f 3719/3718/3687 3822/3822/3790 3720/3719/3688
f 3823/3823/3791 3790/3790/3758 3752/3752/3720
f 3823/3823/3791 3824/3824/3792 3790/3790/3758
f 3750/3750/3718 3823/3823/3791 3752/3752/3720
f 3750/3750/3718 3792/3792/3760 3796/3796/3764
f 3796/3796/3764 3823/3823/3791 3750/3750/3718
f 3796/3796/3764 3825/3825/3793 3823/3823/3791
f 3797/3797/3765 3825/3825/3793 3796/3796/3764
f 3797/3797/3765 3794/3794/3762 3798/3798/3766
f 3798/3798/3766 3755/3755/3723 3799/3799/3767
f 3826/3826/3794 3825/3825/3793 3797/3797/3765
f 3798/3798/3766 3826/3826/3794 3797/3797/3765
f 3827/3827/3795 3826/3826/3794 3798/3798/3766
f 3799/3799/3767 3827/3827/3795 3798/3798/3766
f 3759/3759/3727 3760/3760/3728 3828/3828/3796
f 3760/3760/3728 3763/3763/3731 3828/3828/3796
f 3828/3828/3796 3763/3763/3731 3803/3803/3771
f 3803/3803/3771 3829/3829/3797 3830/3830/3798
f 3803/3803/3771 3802/3802/3770 3829/3829/3797
f 3802/3802/3770 3806/3806/3774 3829/3829/3797
f 3830/3830/3798 3829/3829/3797 3831/3831/3799
f 3829/3829/3797 3807/3807/3775 3831/3831/3799
f 3807/3807/3775 3808/3808/3776 3831/3831/3799
f 3806/3806/3774 3807/3807/3775 3829/3829/3797
f 3808/3808/3776 3773/3773/3741 3832/3832/3800
f 3729/3728/3697 3773/3773/3741 3808/3808/3776
f 3833/3833/3801 3728/3727/3696 3834/3834/3802
f 3835/3835/3803 3810/3810/3778 3811/3811/3779
f 3733/3732/3701 3810/3810/3778 3774/3774/3742
f 3833/3833/3801 3734/3733/3702 3728/3727/3696
f 3735/3734/3703 3811/3811/3779 3810/3810/3778
f 3836/3836/3804 3775/3775/3743 3833/3833/3801
f 3835/3835/3803 3811/3811/3779 3837/3837/3805
f 3775/3775/3743 3734/3733/3702 3833/3833/3801
f 3811/3811/3779 3812/3812/3780 3837/3837/3805
f 3836/3836/3804 3776/3776/3744 3775/3775/3743
f 3838/3838/3806 3776/3776/3744 3836/3836/3804
f 3643/3643/3614 3776/3776/3744 3838/3838/3806
f 3838/3838/3806 3738/3737/3706 3643/3643/3614
f 3839/3839/3807 3738/3737/3706 3838/3838/3806
f 3777/3777/3745 3738/3737/3706 3839/3839/3807
f 3777/3777/3745 3840/3840/3808 3778/3778/3746
f 3841/3841/3809 3779/3779/3747 3840/3840/3808
f 3779/3779/3747 3778/3778/3746 3840/3840/3808
f 3813/3813/3781 3779/3779/3747 3841/3841/3809
f 3842/3842/3810 3782/3782/3750 3814/3814/3782
f 3740/3739/3708 3815/3815/3783 3780/3780/3748
f 3815/3815/3783 3782/3782/3750 3842/3842/3810
f 3816/3816/3784 3844/3843/3811 3713/3741/3681
f 3743/3743/3711 3818/3818/3786 3784/3784/3752
f 3845/3844/3812 3746/3746/3714 3742/3742/3710
f 3787/3787/3755 3846/3845/3813 3747/3747/3715
f 3788/3788/3756 3847/3846/3814 3787/3787/3755
f 3846/3845/3813 3820/3820/3788 3747/3747/3715
f 3786/3786/3754 3821/3821/3789 3819/3819/3787
f 3821/3821/3789 3848/3847/3815 3819/3819/3787
f 3820/3820/3788 3822/3822/3790 3789/3789/3757
f 3790/3790/3758 3824/3824/3792 3821/3821/3789
f 3824/3824/3792 3848/3847/3815 3821/3821/3789
f 3849/3848/3816 3824/3824/3792 3823/3823/3791
f 3824/3824/3792 3850/3849/3817 3848/3847/3815
f 3851/3850/3818 3849/3848/3816 3823/3823/3791
f 3851/3850/3818 3823/3823/3791 3825/3825/3793
f 3825/3825/3793 3852/3851/3819 3851/3850/3818
f 3826/3826/3794 3852/3851/3819 3825/3825/3793
f 3853/3852/3820 3852/3851/3819 3826/3826/3794
f 3827/3827/3795 3853/3852/3820 3826/3826/3794
f 3799/3799/3767 3854/3853/3821 3827/3827/3795
f 3799/3799/3767 3757/3757/3725 3854/3853/3821
f 3757/3757/3725 3855/3854/3822 3854/3853/3821
f 3800/3800/3768 3855/3854/3822 3757/3757/3725
f 3855/3854/3822 3800/3800/3768 3856/3855/3823
f 3759/3759/3727 3856/3855/3823 3800/3800/3768
f 3828/3828/3796 3856/3855/3823 3759/3759/3727
f 3803/3803/3771 3857/3856/3824 3828/3828/3796
f 3858/3857/3825 3801/3801/3769 3761/3761/3729
f 3803/3803/3771 3859/3858/3826 3857/3856/3824
f 3803/3803/3771 3830/3830/3798 3859/3858/3826
f 3804/3804/3772 3801/3801/3769 3858/3857/3825
f 3860/3859/3827 3830/3830/3798 3831/3831/3799
f 3808/3808/3776 3832/3832/3800 3860/3859/3827
f 3831/3831/3799 3808/3808/3776 3860/3859/3827
f 3861/3860/3828 3727/3726/3695 3804/3804/3772
f 3832/3832/3800 3773/3773/3741 3862/3861/3829
f 3773/3773/3741 3809/3809/3777 3862/3861/3829
f 3809/3809/3777 3810/3810/3778 3863/3862/3830
f 3774/3774/3742 3810/3810/3778 3809/3809/3777
f 3834/3834/3802 3728/3727/3696 3727/3726/3695
f 3863/3862/3830 3810/3810/3778 3835/3835/3803
f 3835/3835/3803 3837/3837/3805 3863/3862/3830
f 3864/3863/3831 3780/3780/3748 3815/3815/3783
f 3837/3837/3805 3812/3812/3780 3864/3863/3831
f 3812/3812/3780 3780/3780/3748 3864/3863/3831
f 3865/3864/3832 3866/3865/3833 3842/3842/3810
f 3867/3866/3834 3865/3864/3832 3841/3841/3809
f 3840/3840/3808 3777/3777/3745 3839/3839/3807
f 3865/3864/3832 3813/3813/3781 3841/3841/3809
f 3814/3814/3782 3813/3813/3781 3865/3864/3832
f 3842/3842/3810 3814/3814/3782 3865/3864/3832
f 3712/3712/3681 3843/3867/3811 3817/3817/3785
f 3816/3816/3784 3818/3818/3786 3868/3868/3835
f 3817/3817/3785 3845/3844/3812 3742/3742/3710
f 3818/3818/3786 3743/3743/3711 3869/3869/3836
f 3746/3746/3714 3845/3844/3812 3788/3788/3756
f 3785/3785/3753 3819/3819/3787 3870/3870/3837
f 3847/3846/3814 3788/3788/3756 3845/3844/3812
f 3787/3787/3755 3847/3846/3814 3846/3845/3813
f 3846/3845/3813 3871/3871/3838 3820/3820/3788
f 3819/3819/3787 3848/3847/3815 3872/3872/3839
f 3873/3873/3840 3822/3822/3790 3820/3820/3788
f 3850/3849/3817 3824/3824/3792 3849/3848/3816
f 3874/3874/3841 3720/3719/3688 3822/3822/3790
f 3849/3848/3816 3851/3850/3818 3875/3875/3842
f 3876/3876/3843 3850/3849/3817 3849/3848/3816
f 3875/3875/3842 3876/3876/3843 3849/3848/3816
f 3722/3721/3690 3720/3719/3688 3877/3877/3844
f 3876/3876/3843 3878/3878/3845 3850/3849/3817
f 3879/3879/3846 3875/3875/3842 3851/3850/3818
f 3852/3851/3819 3879/3879/3846 3851/3850/3818
f 3880/3880/3847 3875/3875/3842 3879/3879/3846
f 3853/3852/3820 3827/3827/3795 3854/3853/3821
f 3761/3761/3729 3722/3721/3690 3877/3877/3844
f 3852/3851/3819 3853/3852/3820 3879/3879/3846
f 3853/3852/3820 3881/3881/3848 3879/3879/3846
f 3855/3854/3822 3882/3882/3849 3854/3853/3821
f 3856/3855/3823 3882/3882/3849 3855/3854/3822
f 3883/3883/3850 3854/3853/3821 3882/3882/3849
f 3856/3855/3823 3857/3856/3824 3882/3882/3849
f 3828/3828/3796 3857/3856/3824 3856/3855/3823
f 3859/3858/3826 3883/3883/3850 3882/3882/3849
f 3857/3856/3824 3859/3858/3826 3882/3882/3849
f 3860/3859/3827 3884/3884/3851 3885/3885/3852
f 3859/3858/3826 3830/3830/3798 3885/3885/3852
f 3858/3857/3825 3886/3886/3853 3804/3804/3772
f 3830/3830/3798 3860/3859/3827 3885/3885/3852
f 3886/3886/3853 3887/3887/3854 3804/3804/3772
f 3884/3884/3851 3862/3861/3829 3888/3888/3855
f 3860/3859/3827 3832/3832/3800 3884/3884/3851
f 3887/3887/3854 3861/3860/3828 3804/3804/3772
f 3884/3884/3851 3832/3832/3800 3862/3861/3829
f 3862/3861/3829 3809/3809/3777 3889/3889/3856
f 3809/3809/3777 3890/3890/3857 3889/3889/3856
f 3891/3891/3858 3890/3890/3857 3892/3892/3859
f 3834/3834/3802 3727/3726/3695 3861/3860/3828
f 3890/3890/3857 3863/3862/3830 3892/3892/3859
f 3809/3809/3777 3863/3862/3830 3890/3890/3857
f 3893/3893/3860 3894/3894/3861 3892/3892/3859
f 3895/3895/3862 3833/3833/3801 3834/3834/3802
f 3863/3862/3830 3893/3893/3860 3892/3892/3859
f 3836/3836/3804 3833/3833/3801 3895/3895/3862
f 3896/3896/3863 3897/3897/3864 3898/3898/3865
f 3896/3896/3863 3893/3893/3860 3897/3897/3864
f 3837/3837/3805 3864/3863/3831 3893/3893/3860
f 3863/3862/3830 3837/3837/3805 3893/3893/3860
f 3864/3863/3831 3897/3897/3864 3893/3893/3860
f 3897/3897/3864 3866/3865/3833 3898/3898/3865
f 3899/3899/3866 3866/3865/3833 3867/3866/3834
f 3866/3865/3833 3865/3864/3832 3867/3866/3834
f 3897/3897/3864 3842/3842/3810 3866/3865/3833
f 3864/3863/3831 3815/3815/3783 3897/3897/3864
f 3815/3815/3783 3842/3842/3810 3897/3897/3864
f 3843/3867/3811 3816/3816/3784 3868/3868/3835
f 3843/3867/3811 3900/3900/3867 3817/3817/3785
f 3900/3900/3867 3845/3844/3812 3817/3817/3785
f 3743/3743/3711 3785/3785/3753 3869/3869/3836
f 3785/3785/3753 3870/3870/3837 3901/3901/3868
f 3846/3845/3813 3847/3846/3814 3871/3871/3838
f 3902/3902/3869 3871/3871/3838 3847/3846/3814
f 3819/3819/3787 3872/3872/3839 3870/3870/3837
f 3871/3871/3838 3873/3873/3840 3820/3820/3788
f 3903/3903/3870 3822/3822/3790 3873/3873/3840
f 3903/3903/3870 3874/3874/3841 3822/3822/3790
f 3850/3849/3817 3904/3904/3871 3848/3847/3815
f 3877/3877/3844 3720/3719/3688 3874/3874/3841
f 3850/3849/3817 3905/3905/3872 3904/3904/3871
f 3904/3904/3871 3905/3905/3872 3906/3906/3873
f 3878/3878/3845 3905/3905/3872 3850/3849/3817
f 3878/3878/3845 3876/3876/3843 3880/3880/3847
f 3876/3876/3843 3875/3875/3842 3880/3880/3847
f 3878/3878/3845 3907/3907/3874 3905/3905/3872
f 3908/3908/3875 3878/3878/3845 3880/3880/3847
f 3908/3908/3875 3909/3909/3876 3878/3878/3845
f 3881/3881/3848 3908/3908/3875 3880/3880/3847
f 3879/3879/3846 3881/3881/3848 3880/3880/3847
f 3910/3910/3877 3761/3761/3729 3877/3877/3844
f 3874/3874/3841 3910/3910/3877 3877/3877/3844
f 3878/3878/3845 3911/3911/3878 3907/3907/3874
f 3909/3909/3876 3911/3911/3878 3878/3878/3845
f 3912/3912/3879 3908/3908/3875 3881/3881/3848
f 3911/3911/3878 3913/3913/3880 3907/3907/3874
f 3881/3881/3848 3853/3852/3820 3914/3914/3881
f 3853/3852/3820 3854/3853/3821 3914/3914/3881
f 3914/3914/3881 3854/3853/3821 3883/3883/3850
f 3912/3912/3879 3909/3909/3876 3908/3908/3875
f 3881/3881/3848 3914/3914/3881 3912/3912/3879
f 3910/3910/3877 3858/3857/3825 3761/3761/3729
f 3883/3883/3850 3915/3915/3882 3914/3914/3881
f 3909/3909/3876 3916/3916/3883 3911/3911/3878
f 3912/3912/3879 3888/3888/3855 3909/3909/3876
f 3914/3914/3881 3915/3915/3882 3912/3912/3879
f 3915/3915/3882 3888/3888/3855 3912/3912/3879
f 3885/3885/3852 3915/3915/3882 3883/3883/3850
f 3859/3858/3826 3885/3885/3852 3883/3883/3850
f 3913/3913/3880 3911/3911/3878 3917/3917/3884
f 3885/3885/3852 3884/3884/3851 3915/3915/3882
f 3884/3884/3851 3888/3888/3855 3915/3915/3882
f 3888/3888/3855 3918/3918/3885 3909/3909/3876
f 3911/3911/3878 3916/3916/3883 3917/3917/3884
f 3909/3909/3876 3918/3918/3885 3916/3916/3883
f 3919/3919/3886 3917/3917/3884 3920/3920/3887
f 3916/3916/3883 3920/3920/3887 3917/3917/3884
f 3862/3861/3829 3889/3889/3856 3888/3888/3855
f 3888/3888/3855 3889/3889/3856 3918/3918/3885
f 3918/3918/3885 3921/3921/3888 3916/3916/3883
f 3918/3918/3885 3889/3889/3856 3921/3921/3888
f 3889/3889/3856 3890/3890/3857 3921/3921/3888
f 3916/3916/3883 3922/3922/3889 3920/3920/3887
f 3916/3916/3883 3921/3921/3888 3922/3922/3889
f 3890/3890/3857 3891/3891/3858 3921/3921/3888
f 3922/3922/3889 3923/3923/3890 3920/3920/3887
f 3887/3887/3854 3924/3924/3891 3861/3860/3828
f 3921/3921/3888 3891/3891/3858 3922/3922/3889
f 3924/3924/3891 3834/3834/3802 3861/3860/3828
f 3925/3925/3892 3926/3926/3893 3927/3927/3894
f 3895/3895/3862 3834/3834/3802 3924/3924/3891
f 3926/3926/3893 3925/3925/3892 3928/3928/3895
f 3891/3891/3858 3894/3894/3861 3922/3922/3889
f 3925/3925/3892 3929/3929/3896 3928/3928/3895
f 3930/3930/3897 3929/3929/3896 3925/3925/3892
f 3923/3923/3890 3930/3930/3897 3925/3925/3892
f 3891/3891/3858 3892/3892/3859 3894/3894/3861
f 3922/3922/3889 3930/3930/3897 3923/3923/3890
f 3894/3894/3861 3930/3930/3897 3922/3922/3889
f 3895/3895/3862 3931/3931/3898 3932/3932/3899
f 3894/3894/3861 3893/3893/3860 3930/3930/3897
f 3929/3929/3896 3933/3933/3900 3928/3928/3895
f 3898/3898/3865 3933/3933/3900 3929/3929/3896
f 3896/3896/3863 3898/3898/3865 3929/3929/3896
f 3930/3930/3897 3896/3896/3863 3929/3929/3896
f 3836/3836/3804 3895/3895/3862 3932/3932/3899
f 3933/3933/3900 3898/3898/3865 3866/3865/3833
f 3930/3930/3897 3893/3893/3860 3896/3896/3863
f 3932/3932/3899 3838/3838/3806 3836/3836/3804
f 3839/3839/3807 3838/3838/3806 3932/3932/3899
f 3840/3840/3808 3839/3839/3807 3934/3934/3901
f 3867/3866/3834 3934/3934/3901 3899/3899/3866
f 3867/3866/3834 3841/3841/3809 3934/3934/3901
f 3841/3841/3809 3840/3840/3808 3934/3934/3901
f 3935/3935/3902 3900/3900/3867 3843/3867/3811
f 3935/3935/3902 3843/3867/3811 3868/3868/3835
f 3818/3818/3786 3869/3869/3836 3868/3868/3835
f 3869/3869/3836 3936/3936/3903 3868/3868/3835
f 3937/3937/3904 3845/3844/3812 3900/3900/3867
f 3785/3785/3753 3901/3901/3868 3869/3869/3836
f 3901/3901/3868 3938/3938/3905 3869/3869/3836
f 3937/3937/3904 3847/3846/3814 3845/3844/3812
f 3937/3937/3904 3902/3902/3869 3847/3846/3814
f 3902/3902/3869 3939/3939/3906 3871/3871/3838
f 3939/3939/3906 3873/3873/3840 3871/3871/3838
f 3848/3847/3815 3904/3904/3871 3872/3872/3839
f 3904/3904/3871 3940/3940/3907 3872/3872/3839
f 3904/3904/3871 3906/3906/3873 3940/3940/3907
f 3905/3905/3872 3907/3907/3874 3906/3906/3873
f 3906/3906/3873 3941/3941/3908 3940/3940/3907
f 3907/3907/3874 3913/3913/3880 3906/3906/3873
f 3906/3906/3873 3913/3913/3880 3941/3941/3908
f 3910/3910/3877 3942/3942/3909 3858/3857/3825
f 3913/3913/3880 3917/3917/3884 3941/3941/3908
f 3917/3917/3884 3943/3943/3910 3941/3941/3908
f 3917/3917/3884 3919/3919/3886 3943/3943/3910
f 3919/3919/3886 3944/3944/3911 3943/3943/3910
f 3942/3942/3909 3886/3886/3853 3858/3857/3825
f 3944/3944/3911 3919/3919/3886 3945/3945/3912
f 3887/3887/3854 3886/3886/3853 3942/3942/3909
f 3919/3919/3886 3923/3923/3890 3945/3945/3912
f 3924/3924/3891 3887/3887/3854 3942/3942/3909
f 3923/3923/3890 3946/3946/3913 3945/3945/3912
f 3920/3920/3887 3923/3923/3890 3919/3919/3886
f 3947/3947/3914 3946/3946/3913 3927/3927/3894
f 3923/3923/3890 3927/3927/3894 3946/3946/3913
f 3927/3927/3894 3948/3948/3915 3947/3947/3914
f 3923/3923/3890 3925/3925/3892 3927/3927/3894
f 3927/3927/3894 3926/3926/3893 3948/3948/3915
f 3895/3895/3862 3924/3924/3891 3931/3931/3898
f 3926/3926/3893 3949/3949/3916 3948/3948/3915
f 3950/3950/3917 3932/3932/3899 3931/3931/3898
f 3933/3933/3900 3949/3949/3916 3926/3926/3893
f 3928/3928/3895 3933/3933/3900 3926/3926/3893
f 3949/3949/3916 3899/3899/3866 3951/3951/3918
f 3952/3952/3919 3932/3932/3899 3950/3950/3917
f 3949/3949/3916 3866/3865/3833 3899/3899/3866
f 3933/3933/3900 3866/3865/3833 3949/3949/3916
f 3952/3952/3919 3839/3839/3807 3932/3932/3899
f 3953/3953/3920 3934/3934/3901 3952/3952/3919
f 3951/3951/3918 3899/3899/3866 3953/3953/3920
f 3953/3953/3920 3899/3899/3866 3934/3934/3901
f 3934/3934/3901 3839/3839/3807 3952/3952/3919
f 3935/3935/3902 3868/3868/3835 3954/3954/3921
f 3954/3954/3921 3868/3868/3835 3936/3936/3903
f 3935/3935/3902 3955/3955/3922 3900/3900/3867
f 3938/3938/3905 3936/3936/3903 3869/3869/3836
f 3956/3956/3923 3938/3938/3905 3901/3901/3868
f 3870/3870/3837 3956/3956/3923 3901/3901/3868
f 3870/3870/3837 3872/3872/3839 3957/3957/3924
f 3939/3939/3906 3958/3958/3925 3873/3873/3840
f 3873/3873/3840 3958/3958/3925 3903/3903/3870
f 3959/3959/3926 3874/3874/3841 3903/3903/3870
f 3958/3958/3925 3959/3959/3926 3903/3903/3870
f 3941/3941/3908 3960/3960/3927 3940/3940/3907
f 3874/3874/3841 3959/3959/3926 3961/3961/3928
f 3961/3961/3928 3910/3910/3877 3874/3874/3841
f 3941/3941/3908 3943/3943/3910 3960/3960/3927
f 3961/3961/3928 3962/3962/3929 3910/3910/3877
f 3910/3910/3877 3962/3962/3929 3942/3942/3909
f 3943/3943/3910 3944/3944/3911 3963/3963/3930
f 3964/3964/3931 3962/3962/3929 3961/3961/3928
f 3965/3965/3932 3944/3944/3911 3945/3945/3912
f 3942/3942/3909 3962/3962/3929 3924/3924/3891
f 3962/3962/3929 3966/3966/3933 3924/3924/3891
f 3962/3962/3929 3967/3967/3934 3966/3966/3933
f 3931/3931/3898 3924/3924/3891 3966/3966/3933
f 3968/3968/3935 3931/3931/3898 3966/3966/3933
f 3966/3966/3933 3967/3967/3934 3968/3968/3935
f 3968/3968/3935 3950/3950/3917 3931/3931/3898
f 3969/3969/3936 3948/3948/3915 3949/3949/3916
f 3970/3970/3937 3971/3971/3938 3968/3968/3935
f 3971/3971/3938 3950/3950/3917 3968/3968/3935
f 3952/3952/3919 3950/3950/3917 3971/3971/3938
f 3972/3972/3939 3952/3952/3919 3971/3971/3938
f 3972/3972/3939 3953/3953/3920 3952/3952/3919
f 3955/3955/3922 3937/3937/3904 3900/3900/3867
f 3902/3902/3869 3973/3973/3940 3939/3939/3906
f 3870/3870/3837 3957/3957/3924 3956/3956/3923
f 3958/3958/3925 3939/3939/3906 3974/3974/3941
f 3975/3975/3942 3939/3939/3906 3973/3973/3940
f 3975/3975/3942 3974/3974/3941 3939/3939/3906
f 3872/3872/3839 3976/3976/3943 3957/3957/3924
f 3872/3872/3839 3940/3940/3907 3976/3976/3943
f 3974/3974/3941 3977/3977/3944 3958/3958/3925
f 3958/3958/3925 3977/3977/3944 3959/3959/3926
f 3940/3940/3907 3960/3960/3927 3976/3976/3943
f 3978/3978/3945 3961/3961/3928 3959/3959/3926
f 3977/3977/3944 3978/3978/3945 3959/3959/3926
f 3960/3960/3927 3963/3963/3930 3979/3979/3946
f 3960/3960/3927 3943/3943/3910 3963/3963/3930
f 3978/3978/3945 3977/3977/3944 3980/3980/3947
f 3980/3980/3947 3981/3981/3948 3978/3978/3945
f 3961/3961/3928 3978/3978/3945 3964/3964/3931
f 3944/3944/3911 3965/3965/3932 3963/3963/3930
f 3981/3981/3948 3982/3982/3949 3978/3978/3945
f 3982/3982/3949 3964/3964/3931 3978/3978/3945
f 3983/3983/3950 3982/3982/3949 3981/3981/3948
f 3984/3984/3951 3965/3965/3932 3946/3946/3913
f 3982/3982/3949 3985/3985/3952 3964/3964/3931
f 3982/3982/3949 3983/3983/3950 3985/3985/3952
f 3945/3945/3912 3946/3946/3913 3965/3965/3932
f 3986/3986/3953 3946/3946/3913 3947/3947/3914
f 3964/3964/3931 3967/3967/3934 3962/3962/3929
f 3985/3985/3952 3967/3967/3934 3964/3964/3931
f 3947/3947/3914 3969/3969/3936 3986/3986/3953
f 3970/3970/3937 3967/3967/3934 3985/3985/3952
f 3947/3947/3914 3948/3948/3915 3969/3969/3936
f 3987/3987/3954 3985/3985/3952 3983/3983/3950
f 3987/3987/3954 3972/3972/3939 3985/3985/3952
f 3972/3972/3939 3970/3970/3937 3985/3985/3952
f 3970/3970/3937 3968/3968/3935 3967/3967/3934
f 3969/3969/3936 3949/3949/3916 3988/3988/3955
f 3949/3949/3916 3951/3951/3918 3988/3988/3955
f 3953/3953/3920 3972/3972/3939 3987/3987/3954
f 3972/3972/3939 3971/3971/3938 3970/3970/3937
f 3935/3935/3902 3954/3954/3921 3989/3989/3956
f 3937/3937/3904 3990/3990/3957 3902/3902/3869
f 3991/3991/3958 3990/3990/3957 3937/3937/3904
f 3973/3973/3940 3902/3902/3869 3990/3990/3957
f 3992/3992/3959 3974/3974/3941 3975/3975/3942
f 3960/3960/3927 3979/3979/3946 3976/3976/3943
f 3974/3974/3941 3992/3992/3959 3977/3977/3944
f 3977/3977/3944 3992/3992/3959 3980/3980/3947
f 3992/3992/3959 3993/3993/3960 3980/3980/3947
f 3993/3993/3960 3981/3981/3948 3980/3980/3947
f 3994/3994/3961 3981/3981/3948 3993/3993/3960
f 3994/3994/3961 3993/3993/3960 3995/3995/3962
f 3946/3946/3913 3986/3986/3953 3984/3984/3951
f 3981/3981/3948 3994/3994/3961 3983/3983/3950
f 3996/3996/3963 3983/3983/3950 3994/3994/3961
f 3994/3994/3961 3997/3997/3964 3996/3996/3963
f 3998/3998/3965 3986/3986/3953 3988/3988/3955
f 3997/3997/3964 3999/3999/3966 3996/3996/3963
f 3996/3996/3963 3987/3987/3954 3983/3983/3950
f 3969/3969/3936 3988/3988/3955 3986/3986/3953
f 3999/3999/3966 3987/3987/3954 3996/3996/3963
f 4000/4000/3967 3953/3953/3920 3999/3999/3966
f 3951/3951/3918 3953/3953/3920 4000/4000/3967
f 3953/3953/3920 3987/3987/3954 3999/3999/3966
f 3955/3955/3922 3935/3935/3902 3989/3989/3956
f 3937/3937/3904 3955/3955/3922 3991/3991/3958
f 3954/3954/3921 3936/3936/3903 4001/4001/3968
f 3936/3936/3903 3938/3938/3905 4001/4001/3968
f 4001/4001/3968 3938/3938/3905 4002/4002/3969
f 3956/3956/3923 4002/4002/3969 3938/3938/3905
f 4003/4003/3970 3973/3973/3940 3990/3990/3957
f 3957/3957/3924 4002/4002/3969 3956/3956/3923
f 4002/4002/3969 3957/3957/3924 4004/4004/3971
f 3976/3976/3943 4004/4004/3971 3957/3957/3924
f 3973/3973/3940 4003/4003/3970 3975/3975/3942
f 4003/4003/3970 4005/4005/3972 3975/3975/3942
f 3976/3976/3943 3979/3979/3946 4004/4004/3971
f 3975/3975/3942 4006/4006/3973 3992/3992/3959
f 4005/4005/3972 4006/4006/3973 3975/3975/3942
f 3979/3979/3946 4007/4007/3974 4008/4008/3975
f 3979/3979/3946 4008/4008/3975 4004/4004/3971
f 3979/3979/3946 3963/3963/3930 4007/4007/3974
f 3992/3992/3959 4006/4006/3973 3993/3993/3960
f 3963/3963/3930 3965/3965/3932 4007/4007/3974
f 4006/4006/3973 3995/3995/3962 3993/3993/3960
f 4009/4009/3976 3995/3995/3962 4006/4006/3973
f 3965/3965/3932 3984/3984/3951 4007/4007/3974
f 3984/3984/3951 4010/4010/3977 4007/4007/3974
f 4009/4009/3976 3997/3997/3964 3995/3995/3962
f 4010/4010/3977 3986/3986/3953 3998/3998/3965
f 3997/3997/3964 3994/3994/3961 3995/3995/3962
f 4010/4010/3977 3984/3984/3951 3986/3986/3953
f 4011/4011/3978 4000/4000/3967 4012/4012/3979
f 4011/4011/3978 4013/4013/3980 4000/4000/3967
f 3999/3999/3966 3997/3997/3964 4009/4009/3976
f 4012/4012/3979 3999/3999/3966 4009/4009/3976
f 3951/3951/3918 4000/4000/3967 4013/4013/3980
f 4000/4000/3967 3999/3999/3966 4012/4012/3979
f 3988/3988/3955 4013/4013/3980 3998/3998/3965
f 3988/3988/3955 3951/3951/3918 4013/4013/3980
f 3989/3989/3956 3954/3954/3921 4014/4014/3981
f 3989/3989/3956 3991/3991/3958 3955/3955/3922
f 4001/4001/3968 4014/4014/3981 3954/3954/3921
f 4015/4015/3982 4014/4014/3981 4001/4001/3968
f 4002/4002/3969 4015/4015/3982 4001/4001/3968
f 4002/4002/3969 4016/4016/3983 4015/4015/3982
f 4004/4004/3971 4016/4016/3983 4002/4002/3969
f 4016/4016/3983 4017/4017/3984 4015/4015/3982
f 4004/4004/3971 4008/4008/3975 4016/4016/3983
f 4017/4017/3984 4016/4016/3983 4018/4018/3985
f 4008/4008/3975 4018/4018/3985 4016/4016/3983
f 4003/4003/3970 4019/4019/3986 4005/4005/3972
f 4007/4007/3974 4018/4018/3985 4008/4008/3975
f 4019/4019/3986 4020/4020/3987 4005/4005/3972
f 4021/4021/3988 4017/4017/3984 4018/4018/3985
f 4020/4020/3987 4022/4022/3989 4005/4005/3972
f 4007/4007/3974 4010/4010/3977 4018/4018/3985
f 4018/4018/3985 4010/4010/3977 4021/4021/3988
f 4005/4005/3972 4022/4022/3989 4006/4006/3973
f 4020/4020/3987 4019/4019/3986 4023/4023/3990
f 4024/4024/3991 4025/4025/3992 4021/4021/3988
f 4006/4006/3973 4022/4022/3989 4009/4009/3976
f 4026/4026/3993 4027/4027/3994 4020/4020/3987
f 4010/4010/3977 3998/3998/3965 4021/4021/3988
f 4021/4021/3988 3998/3998/3965 4024/4024/3991
f 4024/4024/3991 4027/4027/3994 4028/4028/3995
f 4012/4012/3979 4009/4009/3976 4022/4022/3989
f 4020/4020/3987 4011/4011/3978 4022/4022/3989
f 4027/4027/3994 4011/4011/3978 4020/4020/3987
f 4013/4013/3980 4011/4011/3978 4027/4027/3994
f 4024/4024/3991 4013/4013/3980 4027/4027/3994
f 3998/3998/3965 4013/4013/3980 4024/4024/3991
f 4012/4012/3979 4022/4022/3989 4011/4011/3978
f 3991/3991/3958 3989/3989/3956 4029/4029/3996
f 4014/4014/3981 4030/4030/3997 3989/3989/3956
f 3989/3989/3956 4030/4030/3997 4029/4029/3996
f 4014/4014/3981 4031/4031/3998 4030/4030/3997
f 4032/4032/3999 3990/3990/3957 3991/3991/3958
f 4029/4029/3996 4032/4032/3999 3991/3991/3958
f 4033/4033/4000 4029/4029/3996 4030/4030/3997
f 4015/4015/3982 4031/4031/3998 4014/4014/3981
f 4032/4032/3999 4034/4034/4001 3990/3990/3957
f 4031/4031/3998 4033/4033/4000 4030/4030/3997
f 3990/3990/3957 4035/4035/4002 4003/4003/3970
f 4034/4034/4001 4035/4035/4002 3990/3990/3957
f 4033/4033/4000 4031/4031/3998 4036/4036/4003
f 4017/4017/3984 4031/4031/3998 4015/4015/3982
f 4034/4034/4001 4037/4037/4004 4035/4035/4002
f 4035/4035/4002 4023/4023/3990 4003/4003/3970
f 4038/4038/4005 4037/4037/4004 4034/4034/4001
f 4017/4017/3984 4036/4036/4003 4031/4031/3998
f 4003/4003/3970 4023/4023/3990 4019/4019/3986
f 4039/4039/4006 4037/4037/4004 4038/4038/4005
f 4038/4038/4005 4036/4036/4003 4039/4039/4006
f 4025/4025/3992 4039/4039/4006 4036/4036/4003
f 4017/4017/3984 4025/4025/3992 4036/4036/4003
f 4035/4035/4002 4026/4026/3993 4023/4023/3990
f 4039/4039/4006 4025/4025/3992 4037/4037/4004
f 4037/4037/4004 4026/4026/3993 4035/4035/4002
f 4017/4017/3984 4021/4021/3988 4025/4025/3992
f 4028/4028/3995 4026/4026/3993 4037/4037/4004
f 4025/4025/3992 4028/4028/3995 4037/4037/4004
f 4023/4023/3990 4026/4026/3993 4020/4020/3987
f 4025/4025/3992 4024/4024/3991 4028/4028/3995
f 4028/4028/3995 4027/4027/3994 4026/4026/3993
f 4033/4033/4000 4032/4032/3999 4029/4029/3996
f 4033/4033/4000 4038/4038/4005 4032/4032/3999
f 4034/4034/4001 4032/4032/3999 4038/4038/4005
f 4036/4036/4003 4038/4038/4005 4033/4033/4000
